2026-02-18 11:57:33 [error]: [DB] Supabase connection failed:
2026-02-18 11:59:24 [info]: [DB] Supabase connection verified.
2026-02-18 11:59:24 [info]: [SearchService] Platform IDs loaded:
2026-02-18 11:59:24 [info]: 🚀 Bakàl backend running on port 3000 [development]
2026-02-18 12:00:40 [debug]: → GET /health
2026-02-18 12:04:19 [info]: [DB] Supabase connection verified.
2026-02-18 12:04:20 [info]: [SearchService] Platform IDs loaded:
2026-02-18 12:04:20 [info]: 🚀 Bakàl backend running on port 3000 [development]
2026-02-18 12:04:52 [info]: [DB] Supabase connection verified.
2026-02-18 12:04:52 [info]: [SearchService] Platform IDs loaded:
2026-02-18 12:04:52 [info]: 🚀 Bakàl backend running on port 3000 [development]
2026-02-18 12:05:15 [info]: [DB] Supabase connection verified.
2026-02-18 12:05:15 [info]: [SearchService] Platform IDs loaded:
2026-02-18 12:05:15 [info]: 🚀 Bakàl backend running on port 3000 [development]
2026-02-18 12:05:45 [info]: [DB] Supabase connection verified.
2026-02-18 12:05:46 [info]: [SearchService] Platform IDs loaded:
2026-02-18 12:05:46 [info]: 🚀 Bakàl backend running on port 3000 [development]
2026-02-18 12:06:18 [info]: [DB] Supabase connection verified.
2026-02-18 12:06:19 [info]: [SearchService] Platform IDs loaded:
2026-02-18 12:06:19 [info]: 🚀 Bakàl backend running on port 3000 [development]
2026-02-18 12:06:32 [info]: [DB] Supabase connection verified.
2026-02-18 12:06:32 [info]: [SearchService] Platform IDs loaded:
2026-02-18 12:06:32 [info]: 🚀 Bakàl backend running on port 3000 [development]
2026-02-18 12:06:58 [info]: [DB] Supabase connection verified.
2026-02-18 12:06:58 [info]: [SearchService] Platform IDs loaded:
2026-02-18 12:06:58 [info]: 🚀 Bakàl backend running on port 3000 [development]
2026-02-18 12:09:11 [info]: [Server] SIGINT received. Shutting down gracefully...
2026-02-18 12:09:21 [info]: [DB] Supabase connection verified.
2026-02-18 12:09:22 [info]: [SearchService] Platform IDs loaded:
2026-02-18 12:09:22 [info]: 🚀 Bakàl backend running on port 3000 [development]
2026-02-18 12:09:28 [debug]: → GET /api/search
2026-02-18 12:09:28 [info]: [SearchService] Search #378994a6-6e93-473c-ae25-b2af37768232 - "bluetooth earphones"
2026-02-18 12:09:29 [debug]: [GoogleScraper] Navigating to: https://www.google.com/search?q=bluetooth%20earphones%20site%3Ashopee.ph%20OR%20site%3Alazada.com.ph%20OR%20site%3Atiktok.com&num=30&hl=en
2026-02-18 12:09:40 [debug]: [GoogleScraper] Found 0 links from Google.
2026-02-18 12:09:40 [info]: [GoogleScraper] Extracted - Shopee: 0, Lazada: 0, TikTok: 0
2026-02-18 12:09:40 [info]: [SearchService] Raw products scraped: 0
2026-02-18 12:09:40 [info]: [SearchService] Saved 0 products for search #378994a6-6e93-473c-ae25-b2af37768232
2026-02-18 12:17:24 [info]: [DB] Supabase connection verified.
2026-02-18 12:17:25 [info]: [SearchService] Platform IDs loaded:
2026-02-18 12:17:25 [info]: 🚀 Bakàl backend running on port 3000 [development]
2026-02-18 12:21:32 [info]: [Server] SIGINT received. Shutting down gracefully...
2026-02-18 12:32:53 [info]: [DB] Supabase connection verified.
2026-02-18 12:32:53 [info]: [SearchService] Platform IDs loaded:
2026-02-18 12:32:53 [info]: 🚀 Bakàl backend running on port 3000 [development]
2026-02-18 12:46:10 [info]: [DB] Supabase connection verified.
2026-02-18 12:46:10 [info]: [SearchService] Platform IDs loaded:
2026-02-18 12:46:10 [info]: 🚀 Bakàl backend running on port 3000 [development]
2026-02-18 12:46:15 [debug]: → GET /api/search
2026-02-18 12:46:16 [info]: [SearchService] Search #a8620f57-6bfd-4ce1-8b54-da11c2d8d106 - "bluetooth earphones"
2026-02-18 12:46:20 [warn]: [Retry] GoogleScraper.search failed (attempt 1/3). Retrying in 5175ms. Error: randomDelay is not defined
2026-02-18 12:46:29 [warn]: [Retry] GoogleScraper.search failed (attempt 2/3). Retrying in 10288ms. Error: randomDelay is not defined
2026-02-18 12:46:43 [error]: [Retry] GoogleScraper.search failed after 3 attempts.
2026-02-18 12:46:43 [error]: [SearchService] Google scraper failed:
2026-02-18 12:46:43 [info]: [SearchService] Raw products scraped: 0
2026-02-18 12:46:43 [info]: [SearchService] Saved 0 products for search #a8620f57-6bfd-4ce1-8b54-da11c2d8d106
2026-02-18 12:47:25 [info]: [DB] Supabase connection verified.
2026-02-18 12:47:26 [info]: [SearchService] Platform IDs loaded:
2026-02-18 12:47:26 [info]: 🚀 Bakàl backend running on port 3000 [development]
2026-02-18 12:47:29 [info]: [Server] SIGINT received. Shutting down gracefully...
2026-02-18 12:47:39 [info]: [DB] Supabase connection verified.
2026-02-18 12:47:40 [info]: [SearchService] Platform IDs loaded:
2026-02-18 12:47:40 [info]: 🚀 Bakàl backend running on port 3000 [development]
2026-02-18 12:47:44 [debug]: → GET /api/search
2026-02-18 12:47:45 [info]: [SearchService] Search #ff09b9bd-098c-49f2-8639-942e057f6aac - "bluetooth earphones"
2026-02-18 12:47:49 [warn]: [Retry] GoogleScraper.search failed (attempt 1/3). Retrying in 5380ms. Error: randomDelay is not defined
2026-02-18 12:47:58 [warn]: [Retry] GoogleScraper.search failed (attempt 2/3). Retrying in 10416ms. Error: randomDelay is not defined
2026-02-18 12:48:14 [error]: [Retry] GoogleScraper.search failed after 3 attempts.
2026-02-18 12:48:14 [error]: [SearchService] Google scraper failed:
2026-02-18 12:48:14 [info]: [SearchService] Raw products scraped: 0
2026-02-18 12:48:14 [info]: [SearchService] Saved 0 products for search #ff09b9bd-098c-49f2-8639-942e057f6aac
2026-02-18 12:49:00 [info]: [DB] Supabase connection verified.
2026-02-18 12:49:01 [info]: [SearchService] Platform IDs loaded:
2026-02-18 12:49:01 [info]: 🚀 Bakàl backend running on port 3000 [development]
2026-02-18 12:49:23 [info]: [Server] SIGINT received. Shutting down gracefully...
2026-02-18 12:49:34 [info]: [DB] Supabase connection verified.
2026-02-18 12:49:34 [info]: [SearchService] Platform IDs loaded:
2026-02-18 12:49:34 [info]: 🚀 Bakàl backend running on port 3000 [development]
2026-02-18 12:49:35 [debug]: → GET /api/search
2026-02-18 12:49:35 [info]: [SearchService] Search #8daec900-6e41-4518-a60c-030d953e9012 - "bluetooth earphones"
2026-02-18 12:49:39 [warn]: [Retry] GoogleScraper.search failed (attempt 1/3). Retrying in 5322ms. Error: randomDelay is not defined
2026-02-18 12:49:47 [warn]: [Retry] GoogleScraper.search failed (attempt 2/3). Retrying in 10305ms. Error: randomDelay is not defined
2026-02-18 12:50:01 [error]: [Retry] GoogleScraper.search failed after 3 attempts.
2026-02-18 12:50:01 [error]: [SearchService] Google scraper failed:
2026-02-18 12:50:01 [info]: [SearchService] Raw products scraped: 0
2026-02-18 12:50:01 [info]: [SearchService] Saved 0 products for search #8daec900-6e41-4518-a60c-030d953e9012
2026-02-18 12:52:38 [info]: [DB] Supabase connection verified.
2026-02-18 12:52:39 [info]: [SearchService] Platform IDs loaded:
2026-02-18 12:52:39 [info]: 🚀 Bakàl backend running on port 3000 [development]
2026-02-18 12:54:09 [info]: [DB] Supabase connection verified.
2026-02-18 12:54:10 [info]: [SearchService] Platform IDs loaded:
2026-02-18 12:54:10 [info]: 🚀 Bakàl backend running on port 3000 [development]
2026-02-18 12:54:16 [debug]: → GET /api/search
2026-02-18 12:54:16 [info]: [SearchService] Search #717b5c80-ca24-4de9-88fb-f21217ff9ff4 - "bluetooth earphones"
2026-02-18 12:54:37 [debug]: [GoogleScraper] Found 0 links from Google.
2026-02-18 12:54:37 [info]: [GoogleScraper] Extracted - Shopee: 0, Lazada: 0, TikTok: 0
2026-02-18 12:54:38 [info]: [SearchService] Raw products scraped: 0
2026-02-18 12:54:38 [info]: [SearchService] Saved 0 products for search #717b5c80-ca24-4de9-88fb-f21217ff9ff4
2026-02-18 13:47:21 [info]: [DB] Supabase connection verified.
2026-02-18 13:47:21 [info]: [SearchService] Platform IDs loaded:
2026-02-18 13:47:21 [info]: 🚀 Bakàl backend running on port 3000 [development]
2026-02-18 13:47:26 [debug]: → GET /api/search
2026-02-18 13:47:26 [info]: [SearchService] Search #785ed15e-6c1c-4a2d-8799-4b9fc953ddc5 - "bluetooth earphones"
2026-02-18 13:47:45 [warn]: [Retry] GoogleScraper.search failed (attempt 1/3). Retrying in 5001ms. Error: page.evaluate: Execution context was destroyed, most likely because of a navigation
2026-02-18 13:48:12 [debug]: [GoogleScraper] Found 13 links from Google.
2026-02-18 13:48:12 [info]: [GoogleScraper] Extracted - Shopee: 3, Lazada: 1, TikTok: 4
2026-02-18 13:48:16 [debug]: [TikTokScraper] Scraping: https://shop.tiktok.com/ph/pdp/bluetooth-earphones-hifi-sound-touch-control-fast-charge/1730939395693774730
2026-02-18 13:48:17 [debug]: [ShopeeScraper] Scraping: https://shopee.ph/list/earphones/bluetooth
2026-02-18 13:48:17 [debug]: [LazadaScraper] Scraping: https://www.lazada.com.ph/tag/bluetooth-earphone-tiktok/
2026-02-18 13:48:18 [debug]: [ShopeeScraper] Scraping: https://shopee.ph/Xundd-X30-Jelly-series-Mini-Bluetooth-Earphones-i.459760616.21986801269
2026-02-18 13:48:18 [debug]: [TikTokScraper] Scraping: https://shop.tiktok.com/ph/pdp/m25-tws-wireless-earbuds-bluetooth-5-3-160h-playtime/1730324836455189076
2026-02-18 13:48:53 [warn]: [Retry] LazadaScraper.scrape(https://www.lazada.com.ph/tag/bluetooth-earphone-tiktok/) failed (attempt 1/3). Retrying in 2359ms. Error: page.goto: Timeout 30000ms exceeded.
Call log:
[2m  - navigating to "https://www.lazada.com.ph/tag/bluetooth-earphone-tiktok/", waiting until "networkidle"[22m

2026-02-18 13:48:57 [debug]: [LazadaScraper] Scraping: https://www.lazada.com.ph/tag/bluetooth-earphone-tiktok/
2026-02-18 13:49:04 [warn]: [ShopeeScraper] Selector timeout for https://shopee.ph/Xundd-X30-Jelly-series-Mini-Bluetooth-Earphones-i.459760616.21986801269
2026-02-18 13:49:04 [warn]: [ShopeeScraper] Could not extract title from https://shopee.ph/Xundd-X30-Jelly-series-Mini-Bluetooth-Earphones-i.459760616.21986801269
2026-02-18 13:49:06 [warn]: [ShopeeScraper] Selector timeout for https://shopee.ph/list/earphones/bluetooth
2026-02-18 13:49:06 [warn]: [ShopeeScraper] Could not extract title from https://shopee.ph/list/earphones/bluetooth
2026-02-18 13:49:08 [warn]: [TikTokScraper] Selector timeout for https://shop.tiktok.com/ph/pdp/m25-tws-wireless-earbuds-bluetooth-5-3-160h-playtime/1730324836455189076
2026-02-18 13:49:08 [warn]: [TikTokScraper] Could not extract title from https://shop.tiktok.com/ph/pdp/m25-tws-wireless-earbuds-bluetooth-5-3-160h-playtime/1730324836455189076
2026-02-18 13:49:09 [warn]: [TikTokScraper] Selector timeout for https://shop.tiktok.com/ph/pdp/bluetooth-earphones-hifi-sound-touch-control-fast-charge/1730939395693774730
2026-02-18 13:49:09 [warn]: [TikTokScraper] Could not extract title from https://shop.tiktok.com/ph/pdp/bluetooth-earphones-hifi-sound-touch-control-fast-charge/1730939395693774730
2026-02-18 13:49:13 [debug]: [ShopeeScraper] Scraping: https://shopee.ph/-Free-Protective-Case-Pro-4-TWS-Bluetooth-Earphones-with-Mic-Touch-Earbuds-Wireless-Headset-i.958320600.22543387434
2026-02-18 13:49:16 [debug]: [TikTokScraper] Scraping: https://shop.tiktok.com/ph/pdp/original-x68-tws-bluetooth-earphones-wireless-5-3-ipx4-enc/1733460066878981793
2026-02-18 13:49:17 [debug]: [TikTokScraper] Scraping: https://shop.tiktok.com/ph/pdp/wireless-bluetooth-earphones-v5-0-3-hour-playtime-more/1731759290356106836
2026-02-18 13:49:39 [warn]: [TikTokScraper] Selector timeout for https://shop.tiktok.com/ph/pdp/original-x68-tws-bluetooth-earphones-wireless-5-3-ipx4-enc/1733460066878981793
2026-02-18 13:49:39 [warn]: [TikTokScraper] Could not extract title from https://shop.tiktok.com/ph/pdp/original-x68-tws-bluetooth-earphones-wireless-5-3-ipx4-enc/1733460066878981793
2026-02-18 13:49:41 [warn]: [TikTokScraper] Selector timeout for https://shop.tiktok.com/ph/pdp/wireless-bluetooth-earphones-v5-0-3-hour-playtime-more/1731759290356106836
2026-02-18 13:49:41 [warn]: [TikTokScraper] Could not extract title from https://shop.tiktok.com/ph/pdp/wireless-bluetooth-earphones-v5-0-3-hour-playtime-more/1731759290356106836
2026-02-18 13:49:43 [warn]: [ShopeeScraper] Selector timeout for https://shopee.ph/-Free-Protective-Case-Pro-4-TWS-Bluetooth-Earphones-with-Mic-Touch-Earbuds-Wireless-Headset-i.958320600.22543387434
2026-02-18 13:49:43 [warn]: [ShopeeScraper] Could not extract title from https://shopee.ph/-Free-Protective-Case-Pro-4-TWS-Bluetooth-Earphones-with-Mic-Touch-Earbuds-Wireless-Headset-i.958320600.22543387434
2026-02-18 13:49:49 [info]: [SearchService] Raw products scraped: 1
2026-02-18 13:49:50 [info]: [SearchService] Saved 1 products for search #785ed15e-6c1c-4a2d-8799-4b9fc953ddc5
2026-02-18 13:49:50 [debug]: → GET /favicon.ico
2026-02-18 13:55:50 [info]: [DB] Supabase connection verified.
2026-02-18 13:55:50 [info]: [SearchService] Platform IDs loaded:
2026-02-18 13:55:50 [info]: 🚀 Bakàl backend running on port 3000 [development]
2026-02-18 13:58:16 [info]: [DB] Supabase connection verified.
2026-02-18 13:58:16 [info]: [SearchService] Platform IDs loaded:
2026-02-18 13:58:16 [info]: 🚀 Bakàl backend running on port 3000 [development]
2026-02-18 13:58:37 [debug]: → GET /api/search
2026-02-18 13:58:38 [info]: [SearchService] Search #ba016661-1ad7-4fec-890c-f44c363204fc - "bluetooth bed"
2026-02-18 13:59:00 [debug]: [GoogleScraper] Found 100 links from Google.
2026-02-18 13:59:00 [info]: [GoogleScraper] Extracted - Shopee: 5, Lazada: 1, TikTok: 0
2026-02-18 13:59:03 [debug]: [LazadaScraper] Scraping: https://www.lazada.com.ph/products/baby-electric-rocking-chair-cradles-newborn-cribs-swing-bed-smart-bluetooth-automatic-rocker-i5276525808.html
2026-02-18 13:59:03 [debug]: [ShopeeScraper] Scraping: https://shopee.ph/HLEEDUO-Crib-Bell-Bluetooth-Bed-Bell-Bluetooth-Music-Box-Bluetooth-Electric-Music-Box-Bluetooth-USB-Bed-Bell-i.1720201962.28594007771
2026-02-18 13:59:03 [debug]: [ShopeeScraper] Scraping: https://shopee.ph/Rocking-Chair-For-Baby-Smart-Bluetooth-Electric-Soothing-Rocking-Bed-Foldable-Baby-Cradle-i.773569598.20150082616
2026-02-18 13:59:49 [warn]: [ShopeeScraper] Selector timeout for https://shopee.ph/HLEEDUO-Crib-Bell-Bluetooth-Bed-Bell-Bluetooth-Music-Box-Bluetooth-Electric-Music-Box-Bluetooth-USB-Bed-Bell-i.1720201962.28594007771
2026-02-18 13:59:49 [warn]: [ShopeeScraper] Could not extract title from https://shopee.ph/HLEEDUO-Crib-Bell-Bluetooth-Bed-Bell-Bluetooth-Music-Box-Bluetooth-Electric-Music-Box-Bluetooth-USB-Bed-Bell-i.1720201962.28594007771
2026-02-18 13:59:49 [warn]: [ShopeeScraper] Selector timeout for https://shopee.ph/Rocking-Chair-For-Baby-Smart-Bluetooth-Electric-Soothing-Rocking-Bed-Foldable-Baby-Cradle-i.773569598.20150082616
2026-02-18 13:59:50 [warn]: [ShopeeScraper] Could not extract title from https://shopee.ph/Rocking-Chair-For-Baby-Smart-Bluetooth-Electric-Soothing-Rocking-Bed-Foldable-Baby-Cradle-i.773569598.20150082616
2026-02-18 13:59:57 [debug]: [ShopeeScraper] Scraping: https://shopee.ph/Jimi-Baby-Bed-Hanging-Bluetooth-Bed-Bell-Rotatable-Gift-Rattle-Gift-Newborn-Baby-Fabric-Toy-w-i.1676718101.54751482894
2026-02-18 13:59:57 [debug]: [ShopeeScraper] Scraping: https://shopee.ph/Duyan-for-Baby-Electric-Cradle-with-Music-Remote-Control-Foldable-Rocking-Bed-Newborn-Bluetooth-i.1472787780.40400716868
2026-02-18 14:00:26 [warn]: [ShopeeScraper] Selector timeout for https://shopee.ph/Jimi-Baby-Bed-Hanging-Bluetooth-Bed-Bell-Rotatable-Gift-Rattle-Gift-Newborn-Baby-Fabric-Toy-w-i.1676718101.54751482894
2026-02-18 14:00:26 [warn]: [ShopeeScraper] Could not extract title from https://shopee.ph/Jimi-Baby-Bed-Hanging-Bluetooth-Bed-Bell-Rotatable-Gift-Rattle-Gift-Newborn-Baby-Fabric-Toy-w-i.1676718101.54751482894
2026-02-18 14:00:31 [warn]: [ShopeeScraper] Selector timeout for https://shopee.ph/Duyan-for-Baby-Electric-Cradle-with-Music-Remote-Control-Foldable-Rocking-Bed-Newborn-Bluetooth-i.1472787780.40400716868
2026-02-18 14:00:31 [warn]: [ShopeeScraper] Could not extract title from https://shopee.ph/Duyan-for-Baby-Electric-Cradle-with-Music-Remote-Control-Foldable-Rocking-Bed-Newborn-Bluetooth-i.1472787780.40400716868
2026-02-18 14:00:37 [debug]: [ShopeeScraper] Scraping: https://shopee.ph/Electric-Baby-Swing-Rocker-With-Bed-And-Mosquito-Net-Bluetooth-Music-Adjustable-Baby-Rocking-Chair-i.447553486.15293322516
2026-02-18 14:01:05 [warn]: [ShopeeScraper] Selector timeout for https://shopee.ph/Electric-Baby-Swing-Rocker-With-Bed-And-Mosquito-Net-Bluetooth-Music-Adjustable-Baby-Rocking-Chair-i.447553486.15293322516
2026-02-18 14:01:05 [warn]: [ShopeeScraper] Could not extract title from https://shopee.ph/Electric-Baby-Swing-Rocker-With-Bed-And-Mosquito-Net-Bluetooth-Music-Adjustable-Baby-Rocking-Chair-i.447553486.15293322516
2026-02-18 14:01:11 [info]: [SearchService] Raw products scraped: 1
2026-02-18 14:01:13 [info]: [SearchService] Saved 1 products for search #ba016661-1ad7-4fec-890c-f44c363204fc
2026-02-18 14:12:31 [info]: [DB] Supabase connection verified.
2026-02-18 14:12:32 [info]: [SearchService] Platform IDs loaded:
2026-02-18 14:12:32 [info]: 🚀 Bakàl backend running on port 3000 [development]
2026-02-18 14:14:40 [info]: [DB] Supabase connection verified.
2026-02-18 14:14:40 [info]: [SearchService] Platform IDs loaded:
2026-02-18 14:14:40 [info]: 🚀 Bakàl backend running on port 3000 [development]
2026-02-18 14:14:43 [info]: [DB] Supabase connection verified.
2026-02-18 14:14:44 [info]: [SearchService] Platform IDs loaded:
2026-02-18 14:14:44 [info]: 🚀 Bakàl backend running on port 3000 [development]
2026-02-18 14:15:18 [info]: [Server] SIGINT received. Shutting down gracefully...
2026-02-18 14:15:46 [info]: [DB] Supabase connection verified.
2026-02-18 14:15:46 [info]: [SearchService] Platform IDs loaded:
2026-02-18 14:15:46 [info]: 🚀 Bakàl backend running on port 3000 [development]
2026-02-18 14:15:55 [debug]: → GET /api/search
2026-02-18 14:15:55 [info]: [SearchService] Search #047d9327-957d-4199-835a-77b8743dc38a - "samsung tv"
2026-02-18 14:15:57 [debug]: [ArgomallScraper] Searching: https://argomall.com/search?q=samsung%20tv
2026-02-18 14:15:58 [debug]: [PcExpressScraper] Searching: https://www.pcx.com.ph/search?q=samsung%20tv
2026-02-18 14:15:58 [debug]: [AbensonScraper] Searching: https://www.abenson.com/catalogsearch/result/?q=samsung%20tv
2026-02-18 14:16:05 [info]: [AbensonScraper] Found 0 product URLs
2026-02-18 14:16:10 [info]: [PcExpressScraper] Found 10 product URLs
2026-02-18 14:16:12 [debug]: [PcExpressScraper] Scraping: https://pcx.com.ph/products/samsung-1tb-990-evo-pcie-nvme-m-2-solid-state-drive?_pos=2&_sid=255eb3bec&_ss=r
2026-02-18 14:16:12 [debug]: [PcExpressScraper] Scraping: https://pcx.com.ph/products/samsung-24-ls24f320gaexxp-ips-monitor?_pos=1&_sid=255eb3bec&_ss=r
2026-02-18 14:16:13 [info]: [ArgomallScraper] Found 0 product URLs
2026-02-18 14:16:37 [debug]: [PcExpressScraper] Scraping: https://pcx.com.ph/products/acer-32-nitro-ed320qr-s3-curved-gaming-monitor
2026-02-18 14:16:37 [debug]: [PcExpressScraper] Scraping: https://pcx.com.ph/products/logitech-h390-usb-w-mic-headset
2026-02-18 14:16:56 [debug]: [PcExpressScraper] Scraping: https://pcx.com.ph/products/logitech-k120-b100-keyboard-and-mouse-combo
2026-02-18 14:17:11 [info]: [SearchService] Raw products scraped: 5
2026-02-18 14:17:13 [info]: [SearchService] Saved 5 products for search #047d9327-957d-4199-835a-77b8743dc38a
2026-02-18 14:19:29 [info]: [DB] Supabase connection verified.
2026-02-18 14:19:29 [info]: [SearchService] Platform IDs loaded:
2026-02-18 14:19:29 [info]: 🚀 Bakàl backend running on port 3000 [development]
2026-02-18 14:21:12 [info]: [DB] Supabase connection verified.
2026-02-18 14:21:13 [info]: [SearchService] Platform IDs loaded:
2026-02-18 14:21:13 [info]: 🚀 Bakàl backend running on port 3000 [development]
2026-02-18 14:22:52 [info]: [DB] Supabase connection verified.
2026-02-18 14:22:52 [info]: [SearchService] Platform IDs loaded:
2026-02-18 14:22:52 [info]: 🚀 Bakàl backend running on port 3000 [development]
2026-02-18 14:24:04 [info]: [DB] Supabase connection verified.
2026-02-18 14:24:04 [info]: [SearchService] Platform IDs loaded:
2026-02-18 14:24:04 [info]: 🚀 Bakàl backend running on port 3000 [development]
2026-02-18 14:25:05 [info]: [DB] Supabase connection verified.
2026-02-18 14:25:05 [info]: [SearchService] Platform IDs loaded:
2026-02-18 14:25:05 [info]: 🚀 Bakàl backend running on port 3000 [development]
2026-02-18 14:25:49 [info]: [DB] Supabase connection verified.
2026-02-18 14:25:50 [info]: [SearchService] Platform IDs loaded:
2026-02-18 14:25:50 [info]: 🚀 Bakàl backend running on port 3000 [development]
2026-02-18 14:26:57 [info]: [DB] Supabase connection verified.
2026-02-18 14:26:57 [info]: [SearchService] Platform IDs loaded:
2026-02-18 14:26:57 [info]: 🚀 Bakàl backend running on port 3000 [development]
2026-02-18 14:27:17 [info]: [Server] SIGINT received. Shutting down gracefully...
2026-02-18 14:27:26 [info]: [DB] Supabase connection verified.
2026-02-18 14:27:26 [info]: [SearchService] Platform IDs loaded:
2026-02-18 14:27:26 [info]: 🚀 Bakàl backend running on port 3000 [development]
2026-02-18 14:27:32 [debug]: → GET /api/search
2026-02-18 14:27:32 [info]: [SearchService] Search #b8f786af-d221-43f7-9b14-596395d77c08 - "samsung tv"
2026-02-18 14:27:35 [debug]: [PcExpressScraper] Searching: https://www.pcx.com.ph/search?q=samsung%20tv
2026-02-18 14:27:35 [debug]: [AbensonScraper] Searching: https://www.abenson.com/catalogsearch/result/?q=samsung%20tv
2026-02-18 14:27:35 [debug]: [ArgomallScraper] Searching: https://argomall.com/search?type=product&q=samsung%20tv
2026-02-18 14:27:43 [info]: [AbensonScraper] Found 0 product URLs
2026-02-18 14:27:51 [info]: [ArgomallScraper] Found 0 product URLs
2026-02-18 14:27:51 [info]: [PcExpressScraper] Found 10 product URLs
2026-02-18 14:27:53 [debug]: [PcExpressScraper] Scraping: https://pcx.com.ph/products/samsung-24-ls24f320gaexxp-ips-monitor?_pos=1&_sid=7b19a1076&_ss=r
2026-02-18 14:27:53 [debug]: [PcExpressScraper] Scraping: https://pcx.com.ph/products/samsung-1tb-990-evo-pcie-nvme-m-2-solid-state-drive?_pos=2&_sid=7b19a1076&_ss=r
2026-02-18 14:28:01 [debug]: [PcExpressScraper] Scraping: https://pcx.com.ph/products/logitech-h390-usb-w-mic-headset
2026-02-18 14:28:02 [debug]: [PcExpressScraper] Scraping: https://pcx.com.ph/products/acer-32-nitro-ed320qr-s3-curved-gaming-monitor
2026-02-18 14:28:08 [debug]: [PcExpressScraper] Scraping: https://pcx.com.ph/products/logitech-k120-b100-keyboard-and-mouse-combo
2026-02-18 14:28:13 [info]: [SearchService] Raw products scraped: 5
2026-02-18 14:28:15 [info]: [SearchService] Saved 5 products for search #b8f786af-d221-43f7-9b14-596395d77c08
2026-02-18 14:40:11 [info]: [DB] Supabase connection verified.
2026-02-18 14:40:11 [info]: [SearchService] Platform IDs loaded:
2026-02-18 14:40:11 [info]: 🚀 Bakàl backend running on port 3000 [development]
2026-02-18 14:44:03 [info]: [DB] Supabase connection verified.
2026-02-18 14:44:04 [info]: [SearchService] Platform IDs loaded:
2026-02-18 14:44:04 [info]: 🚀 Bakàl backend running on port 3000 [development]
2026-02-18 14:44:06 [info]: [Server] SIGINT received. Shutting down gracefully...
2026-02-18 14:44:14 [info]: [DB] Supabase connection verified.
2026-02-18 14:44:14 [info]: [SearchService] Platform IDs loaded:
2026-02-18 14:44:14 [info]: 🚀 Bakàl backend running on port 3000 [development]
2026-02-18 14:44:23 [debug]: → GET /api/search
2026-02-18 14:44:23 [info]: [SearchService] Search #a5bc4fa4-80ce-404b-a15c-ebe0599e4531 - "samsung tv"
2026-02-18 14:44:27 [debug]: [AbensonScraper] Searching: https://www.abenson.com/catalogsearch/result/?q=samsung%20tv
2026-02-18 14:44:27 [debug]: [PcExpressScraper] Searching: https://www.pcx.com.ph/search?q=samsung%20tv
2026-02-18 14:44:27 [debug]: [ArgomallScraper] Searching: https://argomall.com/search?type=product&q=samsung%20tv
2026-02-18 14:44:41 [info]: [ArgomallScraper] Found 0 product URLs
2026-02-18 14:44:45 [info]: [PcExpressScraper] Found 10 product URLs
2026-02-18 14:44:46 [warn]: [AbensonScraper] Product cards did not appear in time
2026-02-18 14:44:49 [debug]: [PcExpressScraper] Scraping: https://pcx.com.ph/products/samsung-1tb-990-evo-pcie-nvme-m-2-solid-state-drive?_pos=2&_sid=8b86ceadd&_ss=r
2026-02-18 14:44:49 [debug]: [PcExpressScraper] Scraping: https://pcx.com.ph/products/samsung-24-ls24f320gaexxp-ips-monitor?_pos=1&_sid=8b86ceadd&_ss=r
2026-02-18 14:44:57 [info]: [AbensonScraper] Found 10 product URLs
2026-02-18 14:44:58 [debug]: [PcExpressScraper] Scraping: https://pcx.com.ph/products/logitech-h390-usb-w-mic-headset
2026-02-18 14:44:59 [debug]: [PcExpressScraper] Scraping: https://pcx.com.ph/products/acer-32-nitro-ed320qr-s3-curved-gaming-monitor
2026-02-18 14:45:02 [debug]: [AbensonScraper] Scraping: https://www.abenson.com/lg-basic-inverter-hs09isa.html
2026-02-18 14:45:03 [debug]: [AbensonScraper] Scraping: https://www.abenson.com/ninja-crispi-fn101phst.html
2026-02-18 14:45:06 [debug]: [PcExpressScraper] Scraping: https://pcx.com.ph/products/logitech-k120-b100-keyboard-and-mouse-combo
2026-02-18 14:45:25 [warn]: [AbensonScraper] Title selector timeout for https://www.abenson.com/ninja-crispi-fn101phst.html
2026-02-18 14:45:41 [debug]: [AbensonScraper] Scraping: https://www.abenson.com/acer-aspire-lite15-al15-42p-r6d1-light-silver.html
2026-02-18 14:45:41 [debug]: [AbensonScraper] Scraping: https://www.abenson.com/kodak-charmera.html
2026-02-18 14:46:02 [warn]: [AbensonScraper] Title selector timeout for https://www.abenson.com/acer-aspire-lite15-al15-42p-r6d1-light-silver.html
2026-02-18 14:46:03 [warn]: [AbensonScraper] Title selector timeout for https://www.abenson.com/kodak-charmera.html
2026-02-18 14:46:21 [debug]: [AbensonScraper] Scraping: https://www.abenson.com/abensonhome-stelo-dining-chair-black.html
2026-02-18 14:46:49 [info]: [SearchService] Raw products scraped: 10
2026-02-18 14:46:53 [info]: [SearchService] Saved 10 products for search #a5bc4fa4-80ce-404b-a15c-ebe0599e4531
2026-02-18 15:13:05 [info]: [DB] Supabase connection verified.
2026-02-18 15:13:06 [info]: [SearchService] Platform IDs loaded:
2026-02-18 15:13:06 [info]: 🚀 Bakàl backend running on port 3000 [development]
2026-02-18 18:31:51 [info]: [DB] Supabase connection verified.
2026-02-18 18:31:52 [info]: [SearchService] Platform IDs loaded:
2026-02-18 18:31:52 [info]: 🚀 Bakàl backend running on port 3000 [development]
2026-02-18 18:33:42 [debug]: → GET /api/search
2026-02-18 18:33:42 [info]: [SearchService] Search #da2254d4-50fa-4052-bc04-0ba4cc0f672e - "samsung tv"
2026-02-18 18:33:45 [debug]: [ArgomallScraper] Searching: https://argomall.com/search?type=product&q=samsung%20tv
2026-02-18 18:33:45 [debug]: [AbensonScraper] Searching: https://www.abenson.com/catalogsearch/result/?q=samsung%20tv
2026-02-18 18:33:45 [debug]: [PcExpressScraper] Searching: https://www.pcx.com.ph/search?q=samsung%20tv
2026-02-18 18:33:57 [info]: [ArgomallScraper] Found 0 product URLs
2026-02-18 18:33:59 [info]: [PcExpressScraper] Found 10 product URLs
2026-02-18 18:34:03 [debug]: [PcExpressScraper] Scraping: https://pcx.com.ph/products/samsung-1tb-990-evo-pcie-nvme-m-2-solid-state-drive?_pos=2&_sid=cade0420f&_ss=r
2026-02-18 18:34:03 [debug]: [PcExpressScraper] Scraping: https://pcx.com.ph/products/samsung-24-ls24f320gaexxp-ips-monitor?_pos=1&_sid=cade0420f&_ss=r
2026-02-18 18:34:03 [warn]: [AbensonScraper] Product cards did not appear in time
2026-02-18 18:34:11 [debug]: [PcExpressScraper] Scraping: https://pcx.com.ph/products/logitech-h390-usb-w-mic-headset
2026-02-18 18:34:12 [debug]: [PcExpressScraper] Scraping: https://pcx.com.ph/products/acer-32-nitro-ed320qr-s3-curved-gaming-monitor
2026-02-18 18:34:13 [info]: [AbensonScraper] Found 10 product URLs
2026-02-18 18:34:16 [debug]: [AbensonScraper] Scraping: https://www.abenson.com/ninja-crispi-fn101phst.html
2026-02-18 18:34:16 [debug]: [AbensonScraper] Scraping: https://www.abenson.com/lg-basic-inverter-hs09isa.html
2026-02-18 18:34:19 [debug]: [PcExpressScraper] Scraping: https://pcx.com.ph/products/logitech-k120-b100-keyboard-and-mouse-combo
2026-02-18 18:34:47 [debug]: [AbensonScraper] Scraping: https://www.abenson.com/kodak-charmera.html
2026-02-18 18:34:47 [debug]: [AbensonScraper] Scraping: https://www.abenson.com/acer-aspire-lite15-al15-42p-r6d1-light-silver.html
2026-02-18 18:35:15 [debug]: [AbensonScraper] Scraping: https://www.abenson.com/abensonhome-stelo-dining-chair-black.html
2026-02-18 18:35:31 [info]: [DB] Supabase connection verified.
2026-02-18 18:35:31 [info]: [SearchService] Platform IDs loaded:
2026-02-18 18:35:31 [info]: 🚀 Bakàl backend running on port 3000 [development]
2026-02-18 18:35:35 [debug]: → GET /api/search
2026-02-18 18:35:35 [info]: [SearchService] Search #987feef7-eec9-4875-ab56-ee1f2ea92780 - "samsung tv"
2026-02-18 18:35:37 [debug]: [PcExpressScraper] Searching: https://www.pcx.com.ph/search?q=samsung%20tv
2026-02-18 18:35:37 [debug]: [AbensonScraper] Searching: https://www.abenson.com/catalogsearch/result/?q=samsung%20tv
2026-02-18 18:35:37 [debug]: [ArgomallScraper] Searching: https://argomall.com/search?type=product&q=samsung%20tv
2026-02-18 18:35:50 [info]: [ArgomallScraper] Found 0 product URLs
2026-02-18 18:35:50 [info]: [PcExpressScraper] Found 10 product URLs
2026-02-18 18:35:54 [debug]: [PcExpressScraper] Scraping: https://pcx.com.ph/products/samsung-24-ls24f320gaexxp-ips-monitor?_pos=1&_sid=cade0420f&_ss=r
2026-02-18 18:35:54 [debug]: [PcExpressScraper] Scraping: https://pcx.com.ph/products/samsung-1tb-990-evo-pcie-nvme-m-2-solid-state-drive?_pos=2&_sid=cade0420f&_ss=r
2026-02-18 18:35:55 [warn]: [AbensonScraper] Product cards did not appear in time
2026-02-18 18:36:03 [info]: [AbensonScraper] Found 10 product URLs
2026-02-18 18:36:05 [debug]: [PcExpressScraper] Scraping: https://pcx.com.ph/products/logitech-h390-usb-w-mic-headset
2026-02-18 18:36:05 [debug]: [PcExpressScraper] Scraping: https://pcx.com.ph/products/acer-32-nitro-ed320qr-s3-curved-gaming-monitor
2026-02-18 18:36:08 [debug]: [AbensonScraper] Scraping: https://www.abenson.com/ninja-crispi-fn101phst.html
2026-02-18 18:36:08 [debug]: [AbensonScraper] Scraping: https://www.abenson.com/lg-basic-inverter-hs09isa.html
2026-02-18 18:36:11 [debug]: [PcExpressScraper] Scraping: https://pcx.com.ph/products/logitech-k120-b100-keyboard-and-mouse-combo
2026-02-18 18:36:30 [warn]: [AbensonScraper] Title selector timeout for https://www.abenson.com/ninja-crispi-fn101phst.html
2026-02-18 18:36:30 [warn]: [AbensonScraper] Title selector timeout for https://www.abenson.com/lg-basic-inverter-hs09isa.html
2026-02-18 18:36:41 [debug]: [AbensonScraper] Scraping: https://www.abenson.com/acer-aspire-lite15-al15-42p-r6d1-light-silver.html
2026-02-18 18:36:41 [debug]: [AbensonScraper] Scraping: https://www.abenson.com/kodak-charmera.html
2026-02-18 18:37:12 [debug]: [AbensonScraper] Scraping: https://www.abenson.com/abensonhome-stelo-dining-chair-black.html
2026-02-18 18:37:32 [info]: [SearchService] Raw products scraped: 10
2026-02-18 18:37:36 [info]: [SearchService] Saved 10 products for search #987feef7-eec9-4875-ab56-ee1f2ea92780
2026-02-18 18:37:36 [debug]: → GET /favicon.ico
2026-02-18 18:40:09 [info]: [DB] Supabase connection verified.
2026-02-18 18:40:09 [info]: [SearchService] Platform IDs loaded:
2026-02-18 18:40:09 [info]: 🚀 Bakàl backend running on port 3000 [development]
2026-02-18 18:40:36 [info]: [Server] SIGINT received. Shutting down gracefully...
2026-02-18 18:40:43 [info]: [DB] Supabase connection verified.
2026-02-18 18:40:44 [info]: [SearchService] Platform IDs loaded:
2026-02-18 18:40:44 [info]: 🚀 Bakàl backend running on port 3000 [development]
2026-02-18 18:41:39 [info]: [DB] Supabase connection verified.
2026-02-18 18:41:40 [info]: [SearchService] Platform IDs loaded:
2026-02-18 18:41:40 [info]: 🚀 Bakàl backend running on port 3000 [development]
2026-02-18 18:41:44 [info]: [Server] SIGINT received. Shutting down gracefully...
2026-02-18 18:41:54 [info]: [DB] Supabase connection verified.
2026-02-18 18:41:55 [info]: [SearchService] Platform IDs loaded:
2026-02-18 18:41:55 [info]: 🚀 Bakàl backend running on port 3000 [development]
2026-02-18 18:41:56 [debug]: → GET /api/search
2026-02-18 18:41:56 [info]: [SearchService] Search #dc5d959e-91f8-4d8d-aac5-6adf64b6cce5 - "samsung tv"
2026-02-18 18:41:58 [debug]: [PcExpressScraper] Searching: https://www.pcx.com.ph/search?q=samsung%20tv
2026-02-18 18:41:58 [debug]: [ArgomallScraper] Searching: https://argomall.com/search?type=product&q=samsung%20tv
2026-02-18 18:41:59 [debug]: [AbensonScraper] Searching: https://www.abenson.com/catalogsearch/result/?q=samsung%20tv
2026-02-18 18:42:14 [info]: [PcExpressScraper] Found 10 product URLs
2026-02-18 18:42:18 [debug]: [PcExpressScraper] Scraping: https://pcx.com.ph/products/samsung-24-ls24f320gaexxp-ips-monitor?_pos=1&_sid=cade0420f&_ss=r
2026-02-18 18:42:18 [debug]: [PcExpressScraper] Scraping: https://pcx.com.ph/products/samsung-1tb-990-evo-pcie-nvme-m-2-solid-state-drive?_pos=2&_sid=cade0420f&_ss=r
2026-02-18 18:42:21 [warn]: [ArgomallScraper] No product links appeared after wait
2026-02-18 18:42:23 [warn]: [AbensonScraper] No links appeared after wait
2026-02-18 18:42:26 [debug]: [PcExpressScraper] Scraping: https://pcx.com.ph/products/acer-32-nitro-ed320qr-s3-curved-gaming-monitor
2026-02-18 18:42:26 [debug]: [PcExpressScraper] Scraping: https://pcx.com.ph/products/logitech-h390-usb-w-mic-headset
2026-02-18 18:42:26 [info]: [AbensonScraper] Found 1 product URLs
2026-02-18 18:42:28 [info]: [ArgomallScraper] Found 0 product URLs
2026-02-18 18:42:29 [debug]: [AbensonScraper] Scraping: https://www.abenson.com/samsung-galaxy-s25-fe-8gb-256gb-jet-black.html
2026-02-18 18:42:34 [debug]: [PcExpressScraper] Scraping: https://pcx.com.ph/products/logitech-k120-b100-keyboard-and-mouse-combo
2026-02-18 18:42:47 [info]: [SearchService] Raw products scraped: 6
2026-02-18 18:42:50 [info]: [SearchService] Saved 6 products for search #dc5d959e-91f8-4d8d-aac5-6adf64b6cce5
2026-02-18 18:48:06 [info]: [DB] Supabase connection verified.
2026-02-18 18:48:06 [info]: [SearchService] Platform IDs loaded:
2026-02-18 18:48:06 [info]: 🚀 Bakàl backend running on port 3000 [development]
2026-02-18 18:49:38 [info]: [DB] Supabase connection verified.
2026-02-18 18:49:38 [info]: [SearchService] Platform IDs loaded:
2026-02-18 18:49:38 [info]: 🚀 Bakàl backend running on port 3000 [development]
2026-02-18 18:50:29 [info]: [DB] Supabase connection verified.
2026-02-18 18:50:30 [info]: [SearchService] Platform IDs loaded:
2026-02-18 18:50:30 [info]: 🚀 Bakàl backend running on port 3000 [development]
2026-02-18 18:50:37 [info]: [Server] SIGINT received. Shutting down gracefully...
2026-02-18 18:50:50 [info]: [DB] Supabase connection verified.
2026-02-18 18:50:51 [info]: [SearchService] Platform IDs loaded:
2026-02-18 18:50:51 [info]: 🚀 Bakàl backend running on port 3000 [development]
2026-02-18 18:50:55 [debug]: → GET /api/search
2026-02-18 18:50:55 [info]: [SearchService] Search #ef2e7049-3d8c-4459-930c-6b885819fbde - "samsung tv"
2026-02-18 18:50:57 [debug]: [PcExpressScraper] Searching: https://www.pcx.com.ph/search?q=samsung%20tv
2026-02-18 18:50:57 [debug]: [AbensonScraper] Searching: https://www.abenson.com/catalogsearch/result/?q=samsung%20tv
2026-02-18 18:50:57 [debug]: [ArgomallScraper] Calling Shopify API: https://argomall.com/search/suggest.json?q=samsung%20tv&resources[type]=product&resources[limit]=10
2026-02-18 18:51:07 [warn]: [ArgomallScraper] API parse failed: Unexpected token 'С', "Спално бел"... is not valid JSON
2026-02-18 18:51:07 [info]: [ArgomallScraper] Found 0 product URLs
2026-02-18 18:51:09 [info]: [PcExpressScraper] Found 10 product URLs
2026-02-18 18:51:11 [debug]: [PcExpressScraper] Scraping: https://pcx.com.ph/products/samsung-1tb-990-evo-pcie-nvme-m-2-solid-state-drive?_pos=2&_sid=cade0420f&_ss=r
2026-02-18 18:51:11 [debug]: [PcExpressScraper] Scraping: https://pcx.com.ph/products/samsung-24-ls24f320gaexxp-ips-monitor?_pos=1&_sid=cade0420f&_ss=r
2026-02-18 18:51:18 [debug]: [PcExpressScraper] Scraping: https://pcx.com.ph/products/acer-32-nitro-ed320qr-s3-curved-gaming-monitor
2026-02-18 18:51:18 [debug]: [PcExpressScraper] Scraping: https://pcx.com.ph/products/logitech-h390-usb-w-mic-headset
2026-02-18 18:51:24 [debug]: [PcExpressScraper] Scraping: https://pcx.com.ph/products/logitech-k120-b100-keyboard-and-mouse-combo
2026-02-18 18:51:31 [warn]: [AbensonScraper] No links appeared after wait
2026-02-18 18:51:34 [info]: [AbensonScraper] Found 1 product URLs
2026-02-18 18:51:35 [debug]: [AbensonScraper] Scraping: https://www.abenson.com/samsung-galaxy-s25-fe-8gb-256gb-jet-black.html
2026-02-18 18:51:52 [info]: [SearchService] Raw products scraped: 6
2026-02-18 18:51:55 [info]: [SearchService] Saved 6 products for search #ef2e7049-3d8c-4459-930c-6b885819fbde
2026-02-18 19:09:03 [info]: [DB] Supabase connection verified.
2026-02-18 19:09:04 [info]: [SearchService] Platform IDs loaded:
2026-02-18 19:09:04 [info]: 🚀 Bakàl backend running on port 3000 [development]
2026-02-18 19:10:21 [info]: [DB] Supabase connection verified.
2026-02-18 19:10:22 [info]: [SearchService] Platform IDs loaded:
2026-02-18 19:10:22 [info]: 🚀 Bakàl backend running on port 3000 [development]
2026-02-18 19:10:25 [info]: [Server] SIGINT received. Shutting down gracefully...
2026-02-18 19:10:33 [info]: [DB] Supabase connection verified.
2026-02-18 19:10:33 [info]: [SearchService] Platform IDs loaded:
2026-02-18 19:10:33 [info]: 🚀 Bakàl backend running on port 3000 [development]
2026-02-18 19:10:34 [debug]: → GET /api/search
2026-02-18 19:10:35 [info]: [SearchService] Search #3edcdc54-d9ab-4daf-8b2b-b53db7abc038 - "samsung tv"
2026-02-18 19:10:37 [debug]: [AbensonScraper] Searching: https://www.abenson.com/catalogsearch/result/?q=samsung%20tv
2026-02-18 19:10:37 [debug]: [ArgomallScraper] Calling Shopify API: https://argomall.com.ph/search/suggest.json?q=samsung%20tv&resources[type]=product&resources[limit]=10
2026-02-18 19:10:37 [debug]: [PcExpressScraper] Searching: https://www.pcx.com.ph/search?q=samsung%20tv
2026-02-18 19:10:40 [warn]: [Retry] ArgomallScraper.search failed (attempt 1/3). Retrying in 2455ms. Error: page.goto: net::ERR_CONNECTION_CLOSED at https://argomall.com.ph/search/suggest.json?q=samsung%20tv&resources[type]=product&resources[limit]=10
Call log:
[2m  - navigating to "https://argomall.com.ph/search/suggest.json?q=samsung%20tv&resources[type]=product&resources[limit]=10", waiting until "load"[22m

2026-02-18 19:10:43 [debug]: [ArgomallScraper] Calling Shopify API: https://argomall.com.ph/search/suggest.json?q=samsung%20tv&resources[type]=product&resources[limit]=10
2026-02-18 19:10:45 [warn]: [Retry] ArgomallScraper.search failed (attempt 2/3). Retrying in 4008ms. Error: page.goto: net::ERR_CONNECTION_CLOSED at https://argomall.com.ph/search/suggest.json?q=samsung%20tv&resources[type]=product&resources[limit]=10
Call log:
[2m  - navigating to "https://argomall.com.ph/search/suggest.json?q=samsung%20tv&resources[type]=product&resources[limit]=10", waiting until "load"[22m

2026-02-18 19:10:50 [info]: [PcExpressScraper] Found 10 product URLs
2026-02-18 19:10:51 [debug]: [ArgomallScraper] Calling Shopify API: https://argomall.com.ph/search/suggest.json?q=samsung%20tv&resources[type]=product&resources[limit]=10
2026-02-18 19:10:54 [debug]: [PcExpressScraper] Scraping: https://pcx.com.ph/products/samsung-24-ls24f320gaexxp-ips-monitor?_pos=1&_sid=cade0420f&_ss=r
2026-02-18 19:10:55 [debug]: [PcExpressScraper] Scraping: https://pcx.com.ph/products/samsung-1tb-990-evo-pcie-nvme-m-2-solid-state-drive?_pos=2&_sid=cade0420f&_ss=r
2026-02-18 19:10:57 [info]: [AbensonScraper] Found 1 product URLs
2026-02-18 19:10:57 [error]: [Retry] ArgomallScraper.search failed after 3 attempts.
2026-02-18 19:10:58 [debug]: [AbensonScraper] Scraping: https://www.abenson.com/samsung-galaxy-s25-fe-8gb-256gb-jet-black.html
2026-02-18 19:11:01 [debug]: [PcExpressScraper] Scraping: https://pcx.com.ph/products/logitech-h390-usb-w-mic-headset
2026-02-18 19:11:01 [debug]: [PcExpressScraper] Scraping: https://pcx.com.ph/products/acer-32-nitro-ed320qr-s3-curved-gaming-monitor
2026-02-18 19:11:09 [debug]: [PcExpressScraper] Scraping: https://pcx.com.ph/products/logitech-k120-b100-keyboard-and-mouse-combo
2026-02-18 19:11:20 [info]: [SearchService] Raw products scraped: 6
2026-02-18 19:11:23 [info]: [SearchService] Saved 6 products for search #3edcdc54-d9ab-4daf-8b2b-b53db7abc038
2026-02-18 19:15:03 [info]: [DB] Supabase connection verified.
2026-02-18 19:15:04 [info]: [SearchService] Platform IDs loaded:
2026-02-18 19:15:04 [info]: 🚀 Bakàl backend running on port 3000 [development]
2026-02-18 19:16:11 [info]: [DB] Supabase connection verified.
2026-02-18 19:16:12 [info]: [SearchService] Platform IDs loaded:
2026-02-18 19:16:12 [info]: 🚀 Bakàl backend running on port 3000 [development]
2026-02-18 19:17:11 [info]: [DB] Supabase connection verified.
2026-02-18 19:17:11 [info]: [SearchService] Platform IDs loaded:
2026-02-18 19:17:11 [info]: 🚀 Bakàl backend running on port 3000 [development]
2026-02-18 19:17:14 [info]: [DB] Supabase connection verified.
2026-02-18 19:17:15 [info]: [SearchService] Platform IDs loaded:
2026-02-18 19:17:15 [info]: 🚀 Bakàl backend running on port 3000 [development]
2026-02-18 19:21:09 [info]: [DB] Supabase connection verified.
2026-02-18 19:21:10 [info]: [SearchService] Platform IDs loaded:
2026-02-18 19:21:10 [info]: 🚀 Bakàl backend running on port 3000 [development]
2026-02-18 19:21:33 [info]: [DB] Supabase connection verified.
2026-02-18 19:21:34 [info]: [SearchService] Platform IDs loaded:
2026-02-18 19:21:34 [info]: 🚀 Bakàl backend running on port 3000 [development]
2026-02-18 19:22:02 [info]: [DB] Supabase connection verified.
2026-02-18 19:22:02 [info]: [SearchService] Platform IDs loaded:
2026-02-18 19:22:02 [info]: 🚀 Bakàl backend running on port 3000 [development]
2026-02-18 19:22:05 [info]: [DB] Supabase connection verified.
2026-02-18 19:22:06 [info]: [SearchService] Platform IDs loaded:
2026-02-18 19:22:06 [info]: 🚀 Bakàl backend running on port 3000 [development]
2026-02-18 19:22:23 [info]: [DB] Supabase connection verified.
2026-02-18 19:22:23 [info]: [SearchService] Platform IDs loaded:
2026-02-18 19:22:23 [info]: 🚀 Bakàl backend running on port 3000 [development]
2026-02-18 19:23:12 [info]: [DB] Supabase connection verified.
2026-02-18 19:23:13 [info]: [SearchService] Platform IDs loaded:
2026-02-18 19:23:13 [info]: 🚀 Bakàl backend running on port 3000 [development]
2026-02-18 19:23:34 [info]: [Server] SIGINT received. Shutting down gracefully...
2026-02-18 19:23:42 [info]: [DB] Supabase connection verified.
2026-02-18 19:23:42 [info]: [SearchService] Platform IDs loaded:
2026-02-18 19:23:42 [info]: 🚀 Bakàl backend running on port 3000 [development]
2026-02-18 19:24:23 [info]: [DB] Supabase connection verified.
2026-02-18 19:24:23 [info]: [SearchService] Platform IDs loaded:
2026-02-18 19:24:23 [info]: 🚀 Bakàl backend running on port 3000 [development]
2026-02-18 19:24:28 [info]: [Server] SIGINT received. Shutting down gracefully...
2026-02-18 19:24:38 [info]: [DB] Supabase connection verified.
2026-02-18 19:24:38 [info]: [SearchService] Platform IDs loaded:
2026-02-18 19:24:38 [info]: 🚀 Bakàl backend running on port 3000 [development]
2026-02-18 19:24:58 [debug]: → GET /api/search
2026-02-18 19:24:59 [info]: [SearchService] Search #298230c2-5f70-4563-83c4-2d4d2731d1ee - "rtx 4060"
2026-02-18 19:25:00 [debug]: [PcWorxScraper] Calling API: https://pcworx.ph/search/suggest.json?q=rtx%204060&resources[type]=product&resources[limit]=10
2026-02-18 19:25:00 [debug]: [VillmanScraper] Calling API: https://shop.villman.com/search/suggest.json?q=rtx%204060&resources[type]=product&resources[limit]=10
2026-02-18 19:25:00 [debug]: [PcExpressScraper] Calling API: https://pcx.com.ph/search/suggest.json?q=rtx%204060&resources[type]=product&resources[limit]=10
2026-02-18 19:25:01 [info]: [PcExpressScraper] API found 3 product URLs
2026-02-18 19:25:01 [info]: [PcWorxScraper] API found 5 product URLs
2026-02-18 19:25:01 [info]: [VillmanScraper] API found 5 product URLs
2026-02-18 19:25:05 [debug]: [PcWorxScraper] Scraping JSON: https://pcworx.ph/products/gigabyte-gv-n4060wf2oc-8gd-rtx4060-windforce-oc-8gb-gddr6-128-bit-dp-2-hdmi-2-gpu-video-card.json
2026-02-18 19:25:06 [debug]: [PcWorxScraper] Scraping JSON: https://pcworx.ph/products/msi-geforce-rtx4060-ventus-2x-black-8g-oc-pcie-gen4x8-17gbps-128-bit-graphics-ca.json
2026-02-18 19:25:06 [debug]: [VillmanScraper] Scraping JSON: https://shop.villman.com/products/gigabyte-geforce-rtx-4060-8gb-gaming-oc-8g.json
2026-02-18 19:25:06 [debug]: [PcExpressScraper] Scraping JSON: https://pcx.com.ph/products/hp-omen-transcend-14-fb0121tx-ay2t2pa-geforce-rtx-4060-intel-core-ultra-7-laptop-shadow-black.json
2026-02-18 19:25:06 [debug]: [PcExpressScraper] Scraping JSON: https://pcx.com.ph/products/acer-nitro-v-15-anv15-51-97jn-geforce-rtx-4060-intel-core-i9-laptop-obsidian-black.json
2026-02-18 19:25:06 [debug]: [PcWorxScraper] JSON success: Gigabyte NVIDIA® GeForce RTX™4060 GV-N4060WF2OC-8GD RTX4060 WindForce OC 8GB GDDR6 128-bit DP*2/HDMI*2 GP
2026-02-18 19:25:07 [debug]: [VillmanScraper] JSON success: GIGABYTE GeForce RTX 4060 8GB GAMING OC 8G
2026-02-18 19:25:07 [debug]: [PcWorxScraper] JSON success: MSI NVIDIA® GeForce RTX™4060 VENTUS 2X BLACK 8G OC PCIe Gen4x8 17Gbps 128-bit Graphics Ca
2026-02-18 19:25:07 [debug]: [PcExpressScraper] JSON success: HP OMEN Transcend 14-FB0121TX (AY2T2PA) GeForce RTX™ 4060 Intel® Core™ Ultra 7 Laptop (Shadow Black)
2026-02-18 19:25:07 [debug]: [PcExpressScraper] JSON success: ACER Nitro V 15 ANV15-51-97JN GeForce RTX™ 4060 Intel® Core™ i9 Laptop (Obsidian Black)
2026-02-18 19:25:07 [debug]: [VillmanScraper] Scraping JSON: https://shop.villman.com/products/dual-geforce-rtx-4060-ti-oc-8gb-gddr6.json
2026-02-18 19:25:08 [debug]: [VillmanScraper] JSON success: Asus Dual GeForce RTX 4060 Ti OC 8GB GDDR6
2026-02-18 19:25:13 [debug]: [VillmanScraper] Scraping JSON: https://shop.villman.com/products/msi-geforce-rtx-4060-ventus-2x-black-8g-oc-graphics-card.json
2026-02-18 19:25:14 [debug]: [VillmanScraper] Scraping JSON: https://shop.villman.com/products/msi-geforce-rtx-4060-gaming-x-8g-mlg-gpu.json
2026-02-18 19:25:14 [debug]: [PcExpressScraper] Scraping JSON: https://pcx.com.ph/products/hp-omen-transcend-14-fb0142tx-b45w1pa-geforce-rtx-4060-intel-core-ultra-9-laptop-shadow-black.json
2026-02-18 19:25:15 [debug]: [VillmanScraper] JSON success: MSI GeForce RTX 4060 VENTUS 2X BLACK 8G OC Graphics Card
2026-02-18 19:25:15 [debug]: [VillmanScraper] JSON success: MSI GeForce RTX 4060 GAMING X 8G MLG Graphics Card
2026-02-18 19:25:15 [debug]: [PcExpressScraper] JSON success: HP OMEN Transcend 14-FB0142TX (B45W1PA) GeForce RTX™ 4060 Intel® Core™ Ultra 9 Laptop (Shadow Black)
2026-02-18 19:25:16 [debug]: [PcWorxScraper] Scraping JSON: https://pcworx.ph/products/asus-nvidia%C2%AE-geforce-rtx%E2%84%A2-4060-dual-oc-v2-8gb-gddr6-alpha-v2.json
2026-02-18 19:25:16 [debug]: [PcWorxScraper] Scraping JSON: https://pcworx.ph/products/acer-predator-phn16-72-52gv-nvidia%C2%AE-geforce-rtx%E2%84%A2-4060-8gb-gaming-pc.json
2026-02-18 19:25:16 [debug]: [PcWorxScraper] JSON success: Asus NVIDIA® GeForce RTX™ 4060 Dual OC V2 8GB GDDR6 - ALPHA V2
2026-02-18 19:25:17 [debug]: [PcWorxScraper] JSON success: Acer Predator PHN16-72-52GV NVIDIA® GeForce RTX™ 4060, 8GB Gaming PC
2026-02-18 19:25:21 [debug]: [VillmanScraper] Scraping JSON: https://shop.villman.com/products/mis-geforce-rtx-4060-ti-gaming-x-16gb-gddr6-graphics-card.json
2026-02-18 19:25:22 [debug]: [VillmanScraper] JSON success: MIS GeForce RTX 4060 Ti Gaming X 16GB GDDR6 Graphics Card
2026-02-18 19:25:22 [debug]: [PcWorxScraper] Scraping JSON: https://pcworx.ph/products/gigabyte-gv-n406teagle-8gd-rtx4060ti-eagle-8gb-gddr6-128-bit-dp-2-hdmi-2-gpu-free-redragon-k509-rgb-dyaus-2-gaming-keyboard-1.json
2026-02-18 19:25:23 [debug]: [PcWorxScraper] JSON success: Gigabyte NVIDIA® GeForce RTX™ 4060 Ti Eagle 8GB GDDR6
2026-02-18 19:25:27 [info]: [SearchService] Raw products scraped: 13
2026-02-18 19:25:27 [info]: [SearchService] Relevance filter: 13/13 products kept
2026-02-18 19:25:31 [info]: [SearchService] Saved 13 products for search #298230c2-5f70-4563-83c4-2d4d2731d1ee
2026-02-18 19:43:56 [info]: [DB] Supabase connection verified.
2026-02-18 19:43:56 [info]: [SearchService] Platform IDs loaded:
2026-02-18 19:43:56 [info]: 🚀 Bakàl backend running on port 3000 [development]
2026-02-18 19:44:05 [debug]: → GET /api/search
2026-02-18 19:44:05 [info]: [SearchService] Search #7417b932-4664-4c41-9290-949384b8e2b0 - "rtx 4060"
2026-02-18 19:44:07 [debug]: [PcExpressScraper] Calling API: https://pcx.com.ph/search/suggest.json?q=rtx%204060&resources[type]=product&resources[limit]=10
2026-02-18 19:44:07 [debug]: [PcWorxScraper] Calling API: https://pcworx.ph/search/suggest.json?q=rtx%204060&resources[type]=product&resources[limit]=10
2026-02-18 19:44:07 [debug]: [VillmanScraper] Calling API: https://shop.villman.com/search/suggest.json?q=rtx%204060&resources[type]=product&resources[limit]=10
2026-02-18 19:44:08 [info]: [PcExpressScraper] API found 3 product URLs
2026-02-18 19:44:08 [info]: [PcWorxScraper] API found 5 product URLs
2026-02-18 19:44:08 [info]: [VillmanScraper] API found 5 product URLs
2026-02-18 19:44:12 [debug]: [PcExpressScraper] Scraping JSON: https://pcx.com.ph/products/acer-nitro-v-15-anv15-51-97jn-geforce-rtx-4060-intel-core-i9-laptop-obsidian-black.json
2026-02-18 19:44:12 [debug]: [PcExpressScraper] Scraping JSON: https://pcx.com.ph/products/hp-omen-transcend-14-fb0121tx-ay2t2pa-geforce-rtx-4060-intel-core-ultra-7-laptop-shadow-black.json
2026-02-18 19:44:12 [debug]: [PcWorxScraper] Scraping JSON: https://pcworx.ph/products/gigabyte-gv-n4060wf2oc-8gd-rtx4060-windforce-oc-8gb-gddr6-128-bit-dp-2-hdmi-2-gpu-video-card.json
2026-02-18 19:44:13 [debug]: [PcWorxScraper] Scraping JSON: https://pcworx.ph/products/msi-geforce-rtx4060-ventus-2x-black-8g-oc-pcie-gen4x8-17gbps-128-bit-graphics-ca.json
2026-02-18 19:44:13 [debug]: [VillmanScraper] Scraping JSON: https://shop.villman.com/products/dual-geforce-rtx-4060-ti-oc-8gb-gddr6.json
2026-02-18 19:44:13 [debug]: [PcWorxScraper] JSON success: Gigabyte NVIDIA® GeForce RTX™4060 GV-N4060WF2OC-8GD RTX4060 WindForce OC 8GB GDDR6 128-bit DP*2/HDMI*2 GP
2026-02-18 19:44:13 [debug]: [PcExpressScraper] JSON success: ACER Nitro V 15 ANV15-51-97JN GeForce RTX™ 4060 Intel® Core™ i9 Laptop (Obsidian Black)
2026-02-18 19:44:13 [debug]: [PcExpressScraper] JSON success: HP OMEN Transcend 14-FB0121TX (AY2T2PA) GeForce RTX™ 4060 Intel® Core™ Ultra 7 Laptop (Shadow Black)
2026-02-18 19:44:13 [debug]: [PcWorxScraper] JSON success: MSI NVIDIA® GeForce RTX™4060 VENTUS 2X BLACK 8G OC PCIe Gen4x8 17Gbps 128-bit Graphics Ca
2026-02-18 19:44:14 [debug]: [VillmanScraper] JSON success: Asus Dual GeForce RTX 4060 Ti OC 8GB GDDR6
2026-02-18 19:44:14 [debug]: [VillmanScraper] Scraping JSON: https://shop.villman.com/products/gigabyte-geforce-rtx-4060-8gb-gaming-oc-8g.json
2026-02-18 19:44:15 [debug]: [VillmanScraper] JSON success: GIGABYTE GeForce RTX 4060 8GB GAMING OC 8G
2026-02-18 19:44:22 [debug]: [PcExpressScraper] Scraping JSON: https://pcx.com.ph/products/hp-omen-transcend-14-fb0142tx-b45w1pa-geforce-rtx-4060-intel-core-ultra-9-laptop-shadow-black.json
2026-02-18 19:44:23 [debug]: [VillmanScraper] Scraping JSON: https://shop.villman.com/products/msi-geforce-rtx-4060-gaming-x-8g-mlg-gpu.json
2026-02-18 19:44:23 [debug]: [VillmanScraper] Scraping JSON: https://shop.villman.com/products/msi-geforce-rtx-4060-ventus-2x-black-8g-oc-graphics-card.json
2026-02-18 19:44:23 [debug]: [PcWorxScraper] Scraping JSON: https://pcworx.ph/products/asus-nvidia%C2%AE-geforce-rtx%E2%84%A2-4060-dual-oc-v2-8gb-gddr6-alpha-v2.json
2026-02-18 19:44:24 [debug]: [VillmanScraper] JSON success: MSI GeForce RTX 4060 GAMING X 8G MLG Graphics Card
2026-02-18 19:44:24 [debug]: [PcExpressScraper] JSON success: HP OMEN Transcend 14-FB0142TX (B45W1PA) GeForce RTX™ 4060 Intel® Core™ Ultra 9 Laptop (Shadow Black)
2026-02-18 19:44:24 [debug]: [PcWorxScraper] Scraping JSON: https://pcworx.ph/products/acer-predator-phn16-72-52gv-nvidia%C2%AE-geforce-rtx%E2%84%A2-4060-8gb-gaming-pc.json
2026-02-18 19:44:24 [debug]: [VillmanScraper] JSON success: MSI GeForce RTX 4060 VENTUS 2X BLACK 8G OC Graphics Card
2026-02-18 19:44:24 [debug]: [PcWorxScraper] JSON success: Asus NVIDIA® GeForce RTX™ 4060 Dual OC V2 8GB GDDR6 - ALPHA V2
2026-02-18 19:44:24 [debug]: [PcWorxScraper] JSON success: Acer Predator PHN16-72-52GV NVIDIA® GeForce RTX™ 4060, 8GB Gaming PC
2026-02-18 19:44:30 [debug]: [VillmanScraper] Scraping JSON: https://shop.villman.com/products/mis-geforce-rtx-4060-ti-gaming-x-16gb-gddr6-graphics-card.json
2026-02-18 19:44:30 [debug]: [VillmanScraper] JSON success: MIS GeForce RTX 4060 Ti Gaming X 16GB GDDR6 Graphics Card
2026-02-18 19:44:32 [debug]: [PcWorxScraper] Scraping JSON: https://pcworx.ph/products/gigabyte-gv-n406teagle-8gd-rtx4060ti-eagle-8gb-gddr6-128-bit-dp-2-hdmi-2-gpu-free-redragon-k509-rgb-dyaus-2-gaming-keyboard-1.json
2026-02-18 19:44:32 [debug]: [PcWorxScraper] JSON success: Gigabyte NVIDIA® GeForce RTX™ 4060 Ti Eagle 8GB GDDR6
2026-02-18 19:44:36 [info]: [SearchService] Raw products scraped: 13
2026-02-18 19:44:36 [info]: [SearchService] Relevance filter: 13/13 products kept
2026-02-18 19:44:39 [info]: [SearchService] Saved 13 products for search #7417b932-4664-4c41-9290-949384b8e2b0
2026-02-18 19:48:50 [info]: [DB] Supabase connection verified.
2026-02-18 19:48:50 [info]: [SearchService] Platform IDs loaded: {"pcexpress":"23dfd2d7-dc9d-43b4-aab9-ab500241b0aa","villman":"4bb2b418-2f2f-4b8c-9379-1e874aaf0906","pcworx":"baa131a0-a8ad-43c6-9e37-521bdb43974f"}
2026-02-18 19:48:50 [info]: 🚀 Bakàl backend running on port 3000 [development]
2026-02-18 19:49:01 [info]: [Server] SIGINT received. Shutting down gracefully...
2026-02-21 01:02:39 [info]: [DB] Supabase connection verified.
2026-02-21 01:02:40 [info]: [SearchService] Platform IDs loaded: {"pcexpress":"23dfd2d7-dc9d-43b4-aab9-ab500241b0aa","villman":"4bb2b418-2f2f-4b8c-9379-1e874aaf0906","pcworx":"baa131a0-a8ad-43c6-9e37-521bdb43974f"}
2026-02-21 01:02:40 [info]: 🚀 Bakàl backend running on port 3000 [development]
2026-02-21 01:03:32 [debug]: → GET /
2026-02-21 01:03:32 [debug]: → GET /home
2026-02-21 01:03:33 [debug]: → GET /favicon.ico
2026-02-21 01:03:40 [debug]: → GET /home
2026-02-21 01:03:44 [debug]: → GET /
2026-02-21 05:54:16 [info]: [DB] Supabase connection verified.
2026-02-21 05:54:17 [info]: [SearchService] Platform IDs loaded: {"pcexpress":"993de2ca-56cb-4e0f-81cd-2dfe02a42a05","villman":"0b0c896a-5701-4322-9868-11a410385b7c","pcworx":"65a83309-9bea-47ac-9630-0f4596443655"}
2026-02-21 05:54:17 [info]: 🚀 Bakàl backend running on port 3000 [development]
2026-02-21 05:56:55 [debug]: → GET /
2026-02-21 05:56:55 [debug]: → GET /search
2026-02-21 05:56:55 [debug]: → GET /favicon.ico
2026-02-21 05:58:24 [info]: [Server] SIGINT received. Shutting down gracefully...
2026-02-21 05:58:33 [info]: [DB] Supabase connection verified.
2026-02-21 05:58:33 [info]: [SearchService] Platform IDs loaded: {"pcexpress":"993de2ca-56cb-4e0f-81cd-2dfe02a42a05","villman":"0b0c896a-5701-4322-9868-11a410385b7c","pcworx":"65a83309-9bea-47ac-9630-0f4596443655"}
2026-02-21 05:58:33 [info]: 🚀 Bakàl backend running on port 3000 [development]
2026-02-21 06:07:02 [debug]: → GET /
2026-02-21 06:07:02 [debug]: → GET /
2026-02-21 06:07:02 [debug]: → GET /search
2026-02-21 06:07:02 [debug]: → GET /api/search
2026-02-21 06:07:03 [info]: [SearchService] Search #7a03a4dd-fb8a-441b-bc46-7ffee3fe677f - "rtx 4060"
2026-02-21 06:07:04 [debug]: [PcWorxScraper] Calling API: https://pcworx.ph/search/suggest.json?q=rtx%204060&resources[type]=product&resources[limit]=10
2026-02-21 06:07:04 [debug]: [PcExpressScraper] Calling API: https://pcx.com.ph/search/suggest.json?q=rtx%204060&resources[type]=product&resources[limit]=10
2026-02-21 06:07:04 [debug]: [VillmanScraper] Calling API: https://shop.villman.com/search/suggest.json?q=rtx%204060&resources[type]=product&resources[limit]=10
2026-02-21 06:07:08 [info]: [PcExpressScraper] API found 3 product URLs
2026-02-21 06:07:08 [info]: [PcWorxScraper] API found 5 product URLs
2026-02-21 06:07:08 [info]: [VillmanScraper] API found 5 product URLs
2026-02-21 06:07:08 [debug]: [PcWorxScraper] Scraping JSON: https://pcworx.ph/products/gigabyte-gv-n4060wf2oc-8gd-rtx4060-windforce-oc-8gb-gddr6-128-bit-dp-2-hdmi-2-gpu-video-card.json
2026-02-21 06:07:09 [debug]: [PcWorxScraper] Scraping JSON: https://pcworx.ph/products/msi-geforce-rtx4060-ventus-2x-black-8g-oc-pcie-gen4x8-17gbps-128-bit-graphics-ca.json
2026-02-21 06:07:09 [debug]: [PcExpressScraper] Scraping JSON: https://pcx.com.ph/products/hp-omen-transcend-14-fb0121tx-ay2t2pa-geforce-rtx-4060-intel-core-ultra-7-laptop-shadow-black.json
2026-02-21 06:07:09 [debug]: [PcExpressScraper] Scraping JSON: https://pcx.com.ph/products/acer-nitro-v-15-anv15-51-97jn-geforce-rtx-4060-intel-core-i9-laptop-obsidian-black.json
2026-02-21 06:07:09 [debug]: [VillmanScraper] Scraping JSON: https://shop.villman.com/products/gigabyte-geforce-rtx-4060-8gb-gaming-oc-8g.json
2026-02-21 06:07:09 [debug]: [PcWorxScraper] JSON success: Gigabyte NVIDIA® GeForce RTX™4060 GV-N4060WF2OC-8GD RTX4060 WindForce OC 8GB GDDR6 128-bit DP*2/HDMI*2 GP
2026-02-21 06:07:09 [debug]: [VillmanScraper] Scraping JSON: https://shop.villman.com/products/dual-geforce-rtx-4060-ti-oc-8gb-gddr6.json
2026-02-21 06:07:09 [debug]: [PcWorxScraper] JSON success: MSI NVIDIA® GeForce RTX™4060 VENTUS 2X BLACK 8G OC PCIe Gen4x8 17Gbps 128-bit Graphics Ca
2026-02-21 06:07:09 [debug]: [PcExpressScraper] JSON success: HP OMEN Transcend 14-FB0121TX (AY2T2PA) GeForce RTX™ 4060 Intel® Core™ Ultra 7 Laptop (Shadow Black)
2026-02-21 06:07:09 [debug]: [VillmanScraper] JSON success: GIGABYTE GeForce RTX 4060 8GB GAMING OC 8G
2026-02-21 06:07:09 [debug]: [PcExpressScraper] JSON success: ACER Nitro V 15 ANV15-51-97JN GeForce RTX™ 4060 Intel® Core™ i9 Laptop (Obsidian Black)
2026-02-21 06:07:09 [debug]: [VillmanScraper] JSON success: Asus Dual GeForce RTX 4060 Ti OC 8GB GDDR6
2026-02-21 06:07:11 [debug]: [PcWorxScraper] Scraping JSON: https://pcworx.ph/products/asus-nvidia%C2%AE-geforce-rtx%E2%84%A2-4060-dual-oc-v2-8gb-gddr6-alpha-v2.json
2026-02-21 06:07:12 [debug]: [PcWorxScraper] Scraping JSON: https://pcworx.ph/products/acer-predator-phn16-72-52gv-nvidia%C2%AE-geforce-rtx%E2%84%A2-4060-8gb-gaming-pc.json
2026-02-21 06:07:12 [debug]: [PcWorxScraper] JSON success: Asus NVIDIA® GeForce RTX™ 4060 Dual OC V2 8GB GDDR6 - ALPHA V2
2026-02-21 06:07:12 [debug]: [PcWorxScraper] JSON success: Acer Predator PHN16-72-52GV NVIDIA® GeForce RTX™ 4060, 8GB Gaming PC
2026-02-21 06:07:13 [debug]: [PcExpressScraper] Scraping JSON: https://pcx.com.ph/products/hp-omen-transcend-14-fb0142tx-b45w1pa-geforce-rtx-4060-intel-core-ultra-9-laptop-shadow-black.json
2026-02-21 06:07:13 [debug]: [PcExpressScraper] JSON success: HP OMEN Transcend 14-FB0142TX (B45W1PA) GeForce RTX™ 4060 Intel® Core™ Ultra 9 Laptop (Shadow Black)
2026-02-21 06:07:13 [debug]: [VillmanScraper] Scraping JSON: https://shop.villman.com/products/msi-geforce-rtx-4060-ventus-2x-black-8g-oc-graphics-card.json
2026-02-21 06:07:13 [debug]: [VillmanScraper] Scraping JSON: https://shop.villman.com/products/msi-geforce-rtx-4060-gaming-x-8g-mlg-gpu.json
2026-02-21 06:07:14 [debug]: [VillmanScraper] JSON success: MSI GeForce RTX 4060 VENTUS 2X BLACK 8G OC Graphics Card
2026-02-21 06:07:14 [debug]: [VillmanScraper] JSON success: MSI GeForce RTX 4060 GAMING X 8G MLG Graphics Card
2026-02-21 06:07:16 [debug]: [PcWorxScraper] Scraping JSON: https://pcworx.ph/products/gigabyte-gv-n406teagle-8gd-rtx4060ti-eagle-8gb-gddr6-128-bit-dp-2-hdmi-2-gpu-free-redragon-k509-rgb-dyaus-2-gaming-keyboard-1.json
2026-02-21 06:07:16 [debug]: [PcWorxScraper] JSON success: Gigabyte NVIDIA® GeForce RTX™ 4060 Ti Eagle 8GB GDDR6
2026-02-21 06:07:18 [debug]: [VillmanScraper] Scraping JSON: https://shop.villman.com/products/mis-geforce-rtx-4060-ti-gaming-x-16gb-gddr6-graphics-card.json
2026-02-21 06:07:18 [debug]: [VillmanScraper] JSON success: MIS GeForce RTX 4060 Ti Gaming X 16GB GDDR6 Graphics Card
2026-02-21 06:07:21 [info]: [SearchService] Raw products scraped: 13
2026-02-21 06:07:21 [info]: [SearchService] Relevance filter: 13/13 products kept
2026-02-21 06:07:25 [info]: [SearchService] Saved 13 products for search #7a03a4dd-fb8a-441b-bc46-7ffee3fe677f
2026-02-21 06:07:25 [debug]: → GET /.well-known/appspecific/com.chrome.devtools.json
2026-02-21 06:14:57 [info]: [DB] Supabase connection verified.
2026-02-21 06:14:58 [info]: [SearchService] Platform IDs loaded: {"pcexpress":"993de2ca-56cb-4e0f-81cd-2dfe02a42a05","villman":"0b0c896a-5701-4322-9868-11a410385b7c","pcworx":"65a83309-9bea-47ac-9630-0f4596443655"}
2026-02-21 06:14:58 [info]: 🚀 Bakàl backend running on port 3000 [development]
2026-02-21 06:20:57 [info]: [DB] Supabase connection verified.
2026-02-21 06:20:58 [info]: [SearchService] Platform IDs loaded: {"pcexpress":"993de2ca-56cb-4e0f-81cd-2dfe02a42a05","villman":"0b0c896a-5701-4322-9868-11a410385b7c","pcworx":"65a83309-9bea-47ac-9630-0f4596443655"}
2026-02-21 06:20:58 [info]: 🚀 Bakàl backend running on port 3000 [development]
2026-02-21 06:21:06 [info]: [DB] Supabase connection verified.
2026-02-21 06:21:06 [info]: [SearchService] Platform IDs loaded: {"pcexpress":"993de2ca-56cb-4e0f-81cd-2dfe02a42a05","villman":"0b0c896a-5701-4322-9868-11a410385b7c","pcworx":"65a83309-9bea-47ac-9630-0f4596443655"}
2026-02-21 06:21:06 [info]: 🚀 Bakàl backend running on port 3000 [development]
2026-02-21 06:21:15 [info]: [DB] Supabase connection verified.
2026-02-21 06:21:16 [info]: [SearchService] Platform IDs loaded: {"pcexpress":"993de2ca-56cb-4e0f-81cd-2dfe02a42a05","villman":"0b0c896a-5701-4322-9868-11a410385b7c","pcworx":"65a83309-9bea-47ac-9630-0f4596443655"}
2026-02-21 06:21:16 [info]: 🚀 Bakàl backend running on port 3000 [development]
2026-02-21 06:21:23 [info]: [DB] Supabase connection verified.
2026-02-21 06:21:23 [info]: [SearchService] Platform IDs loaded: {"pcexpress":"993de2ca-56cb-4e0f-81cd-2dfe02a42a05","villman":"0b0c896a-5701-4322-9868-11a410385b7c","pcworx":"65a83309-9bea-47ac-9630-0f4596443655"}
2026-02-21 06:21:23 [info]: 🚀 Bakàl backend running on port 3000 [development]
2026-02-21 06:21:27 [info]: [DB] Supabase connection verified.
2026-02-21 06:21:28 [info]: [SearchService] Platform IDs loaded: {"pcexpress":"993de2ca-56cb-4e0f-81cd-2dfe02a42a05","villman":"0b0c896a-5701-4322-9868-11a410385b7c","pcworx":"65a83309-9bea-47ac-9630-0f4596443655"}
2026-02-21 06:21:28 [info]: 🚀 Bakàl backend running on port 3000 [development]
2026-02-21 06:21:34 [info]: [DB] Supabase connection verified.
2026-02-21 06:21:34 [info]: [SearchService] Platform IDs loaded: {"pcexpress":"993de2ca-56cb-4e0f-81cd-2dfe02a42a05","villman":"0b0c896a-5701-4322-9868-11a410385b7c","pcworx":"65a83309-9bea-47ac-9630-0f4596443655"}
2026-02-21 06:21:34 [info]: 🚀 Bakàl backend running on port 3000 [development]
2026-02-21 06:21:38 [info]: [DB] Supabase connection verified.
2026-02-21 06:21:38 [info]: [SearchService] Platform IDs loaded: {"pcexpress":"993de2ca-56cb-4e0f-81cd-2dfe02a42a05","villman":"0b0c896a-5701-4322-9868-11a410385b7c","pcworx":"65a83309-9bea-47ac-9630-0f4596443655"}
2026-02-21 06:21:38 [info]: 🚀 Bakàl backend running on port 3000 [development]
2026-02-21 06:22:47 [debug]: → GET /api/search
2026-02-21 06:22:48 [info]: [SearchService] Search #5f2358d4-7946-4d1c-9b2c-c1fb72972c26 - "egg"
2026-02-21 06:22:49 [debug]: [PcExpressScraper] Calling API: https://pcx.com.ph/search/suggest.json?q=egg&resources[type]=product&resources[limit]=10
2026-02-21 06:22:49 [debug]: [PcWorxScraper] Calling API: https://pcworx.ph/search/suggest.json?q=egg&resources[type]=product&resources[limit]=10
2026-02-21 06:22:49 [debug]: [VillmanScraper] Calling API: https://shop.villman.com/search/suggest.json?q=egg&resources[type]=product&resources[limit]=10
2026-02-21 06:22:52 [info]: [PcWorxScraper] API found 0 product URLs
2026-02-21 06:22:52 [debug]: [PcWorxScraper] Fallback to search page: https://pcworx.ph/search?type=product&q=egg
2026-02-21 06:22:52 [info]: [PcExpressScraper] API found 0 product URLs
2026-02-21 06:22:52 [debug]: [PcExpressScraper] Fallback to search page: https://pcx.com.ph/search?type=product&q=egg
2026-02-21 06:22:52 [info]: [VillmanScraper] API found 0 product URLs
2026-02-21 06:22:52 [debug]: [VillmanScraper] Fallback to search page: https://shop.villman.com/search?type=product&q=egg
2026-02-21 06:23:04 [info]: [PcExpressScraper] Fallback found 10 product URLs
2026-02-21 06:23:05 [info]: [VillmanScraper] Fallback found 10 product URLs
2026-02-21 06:23:06 [debug]: [PcExpressScraper] Scraping JSON: https://pcx.com.ph/products/acer-32-nitro-ed320qr-s3-curved-gaming-monitor.json
2026-02-21 06:23:06 [debug]: [PcExpressScraper] Scraping JSON: https://pcx.com.ph/products/logitech-h390-usb-w-mic-headset.json
2026-02-21 06:23:07 [debug]: [PcExpressScraper] JSON success: ACER 32" Nitro ED320QR S3 Curved Gaming Monitor
2026-02-21 06:23:07 [debug]: [PcExpressScraper] JSON success: LOGITECH H390 USB W/ Mic Headset
2026-02-21 06:23:07 [debug]: [VillmanScraper] Scraping JSON: https://shop.villman.com/products/microsoft-windows-11-pro-64bit-eng-intl-1pk-dsp-oei-dvd-1.json
2026-02-21 06:23:07 [debug]: → GET /api/search
2026-02-21 06:23:07 [debug]: [VillmanScraper] Scraping JSON: https://shop.villman.com/products/microsoft-windows-11-pro-64bit-eng-intl-1pk-dsp-oei-dvd.json
2026-02-21 06:23:08 [info]: [SearchService] Search #121a4293-4130-4447-ad0c-aa6d49e0432b - "egg"
2026-02-21 06:23:08 [debug]: [VillmanScraper] JSON success: Microsoft Windows 11 Pro 64Bit Eng Intl 1pk DSP OEI DVD
2026-02-21 06:23:08 [debug]: [VillmanScraper] JSON success: Microsoft Windows 11 Pro 64Bit Eng Intl 1pk DSP OEI DVD
2026-02-21 06:23:09 [debug]: [PcExpressScraper] Calling API: https://pcx.com.ph/search/suggest.json?q=egg&resources[type]=product&resources[limit]=10
2026-02-21 06:23:09 [debug]: [VillmanScraper] Calling API: https://shop.villman.com/search/suggest.json?q=egg&resources[type]=product&resources[limit]=10
2026-02-21 06:23:09 [debug]: [PcWorxScraper] Calling API: https://pcworx.ph/search/suggest.json?q=egg&resources[type]=product&resources[limit]=10
2026-02-21 06:23:09 [info]: [VillmanScraper] API found 0 product URLs
2026-02-21 06:23:09 [debug]: [VillmanScraper] Fallback to search page: https://shop.villman.com/search?type=product&q=egg
2026-02-21 06:23:09 [info]: [PcExpressScraper] API found 0 product URLs
2026-02-21 06:23:09 [debug]: [PcExpressScraper] Fallback to search page: https://pcx.com.ph/search?type=product&q=egg
2026-02-21 06:23:09 [info]: [PcWorxScraper] API found 0 product URLs
2026-02-21 06:23:09 [debug]: [PcWorxScraper] Fallback to search page: https://pcworx.ph/search?type=product&q=egg
2026-02-21 06:23:13 [debug]: [PcExpressScraper] Scraping JSON: https://pcx.com.ph/products/logitech-k120-b100-keyboard-and-mouse-combo.json
2026-02-21 06:23:14 [debug]: [PcExpressScraper] Scraping JSON: https://pcx.com.ph/collections/featured-products/products/gmktec-evo-x2-amd-radeon-8060-graphics-amd-ryzen-ai-max-395-mini-desktop.json
2026-02-21 06:23:15 [debug]: [VillmanScraper] Scraping JSON: https://shop.villman.com/products/hp-envy-x360-14-fa0078au-glacier-silver-14-in-touch-ryzen-7-8840hs-16gb-1-tb-ssd-amd-radeon-graphics-win-11.json
2026-02-21 06:23:15 [debug]: [VillmanScraper] Scraping JSON: https://shop.villman.com/products/hp-envy-x360-14-fa0075au-glacier-silver-14-in-touch-ryzen-5-8640hs-16gb-512-gb-ssd-amd-radeon-graphics-win.json
2026-02-21 06:23:15 [debug]: [PcExpressScraper] JSON success: LOGITECH K120+B100 Keyboard and Mouse Combo
2026-02-21 06:23:16 [debug]: [PcExpressScraper] JSON success: GMKTEC EVO X2 AMD Radeon™  8060 Graphics AMD Ryzen™ Ai MAX +395 Mini Desktop
2026-02-21 06:23:16 [info]: [PcWorxScraper] Fallback found 1 product URLs
2026-02-21 06:23:17 [debug]: [VillmanScraper] JSON success: HP Envy x360 14-fa0075AU (Glacier Silver) 14-in Touch | Ryzen 5 8640HS | 16GB | 512 GB SSD|AMD Radeon Graphics | Win
2026-02-21 06:23:18 [debug]: [VillmanScraper] JSON success: HP Envy x360 14-fa0078AU (Glacier Silver) 14-in Touch | Ryzen 7 8840HS | 16GB | 1 TB SSD|AMD Radeon Graphics | Win 11
2026-02-21 06:23:19 [debug]: [PcWorxScraper] Scraping JSON: https://pcworx.ph/products/simplus-air-fryer-4l-electric-fryer-2-knobs-black.json
2026-02-21 06:23:20 [debug]: [PcWorxScraper] JSON success: Simplus Air Fryer 4L Electric Fryer 2 Knobs Black
2026-02-21 06:23:21 [debug]: [PcExpressScraper] Scraping JSON: https://pcx.com.ph/collections/featured-products/products/asus-rog-nuc-15-2025-geforce-rtx-5070-ti-rnuc15jnk9x38aa4-mini-desktop.json
2026-02-21 06:23:22 [debug]: [VillmanScraper] Scraping JSON: https://shop.villman.com/products/hp-envy-x360-14-fa0079au-glacier-silver-14-in-touch-ryzen-7-8840hs-16gb-1-tb-ssd-amd-radeon-graphics-win-11.json
2026-02-21 06:23:23 [debug]: [PcExpressScraper] JSON success: ASUS ROG NUC 15 2025 GeForce RTX™ 5070 Ti (RNUC15JNK9X38AA4) Mini Desktop
2026-02-21 06:23:24 [debug]: [VillmanScraper] JSON success: HP Envy x360 14-fa0079AU (Glacier Silver) 14-in Touch | Ryzen 7 8840HS | 16GB | 1 TB SSD|AMD Radeon Graphics | Win 11
2026-02-21 06:23:27 [info]: [SearchService] Raw products scraped: 11
2026-02-21 06:23:27 [info]: [SearchService] Relevance filter: 0/11 products kept
2026-02-21 06:23:27 [info]: [SearchService] Saved 0 products for search #5f2358d4-7946-4d1c-9b2c-c1fb72972c26
2026-02-21 06:23:28 [info]: [PcExpressScraper] Fallback found 10 product URLs
2026-02-21 06:23:29 [debug]: [PcExpressScraper] Scraping JSON: https://pcx.com.ph/products/logitech-h390-usb-w-mic-headset.json
2026-02-21 06:23:29 [debug]: [PcExpressScraper] Scraping JSON: https://pcx.com.ph/products/acer-32-nitro-ed320qr-s3-curved-gaming-monitor.json
2026-02-21 06:23:29 [debug]: [PcExpressScraper] JSON success: ACER 32" Nitro ED320QR S3 Curved Gaming Monitor
2026-02-21 06:23:29 [debug]: [PcExpressScraper] JSON success: LOGITECH H390 USB W/ Mic Headset
2026-02-21 06:23:29 [info]: [VillmanScraper] Fallback found 10 product URLs
2026-02-21 06:23:30 [debug]: [VillmanScraper] Scraping JSON: https://shop.villman.com/products/microsoft-windows-11-pro-64bit-eng-intl-1pk-dsp-oei-dvd.json
2026-02-21 06:23:30 [debug]: [VillmanScraper] Scraping JSON: https://shop.villman.com/products/microsoft-windows-11-pro-64bit-eng-intl-1pk-dsp-oei-dvd-1.json
2026-02-21 06:23:30 [debug]: [VillmanScraper] JSON success: Microsoft Windows 11 Pro 64Bit Eng Intl 1pk DSP OEI DVD
2026-02-21 06:23:30 [debug]: [VillmanScraper] JSON success: Microsoft Windows 11 Pro 64Bit Eng Intl 1pk DSP OEI DVD
2026-02-21 06:23:32 [debug]: [PcExpressScraper] Scraping JSON: https://pcx.com.ph/products/logitech-k120-b100-keyboard-and-mouse-combo.json
2026-02-21 06:23:32 [debug]: [PcExpressScraper] Scraping JSON: https://pcx.com.ph/collections/featured-products/products/gmktec-evo-x2-amd-radeon-8060-graphics-amd-ryzen-ai-max-395-mini-desktop.json
2026-02-21 06:23:32 [debug]: [PcExpressScraper] JSON success: LOGITECH K120+B100 Keyboard and Mouse Combo
2026-02-21 06:23:32 [debug]: [PcExpressScraper] JSON success: GMKTEC EVO X2 AMD Radeon™  8060 Graphics AMD Ryzen™ Ai MAX +395 Mini Desktop
2026-02-21 06:23:34 [debug]: [VillmanScraper] Scraping JSON: https://shop.villman.com/products/hp-envy-x360-14-fa0078au-glacier-silver-14-in-touch-ryzen-7-8840hs-16gb-1-tb-ssd-amd-radeon-graphics-win-11.json
2026-02-21 06:23:34 [debug]: [VillmanScraper] Scraping JSON: https://shop.villman.com/products/hp-envy-x360-14-fa0075au-glacier-silver-14-in-touch-ryzen-5-8640hs-16gb-512-gb-ssd-amd-radeon-graphics-win.json
2026-02-21 06:23:34 [info]: [PcWorxScraper] Fallback found 1 product URLs
2026-02-21 06:23:34 [debug]: [VillmanScraper] JSON success: HP Envy x360 14-fa0078AU (Glacier Silver) 14-in Touch | Ryzen 7 8840HS | 16GB | 1 TB SSD|AMD Radeon Graphics | Win 11
2026-02-21 06:23:34 [debug]: [VillmanScraper] JSON success: HP Envy x360 14-fa0075AU (Glacier Silver) 14-in Touch | Ryzen 5 8640HS | 16GB | 512 GB SSD|AMD Radeon Graphics | Win
2026-02-21 06:23:34 [debug]: [PcWorxScraper] Scraping JSON: https://pcworx.ph/products/simplus-air-fryer-4l-electric-fryer-2-knobs-black.json
2026-02-21 06:23:35 [debug]: [PcWorxScraper] JSON success: Simplus Air Fryer 4L Electric Fryer 2 Knobs Black
2026-02-21 06:23:36 [debug]: [PcExpressScraper] Scraping JSON: https://pcx.com.ph/collections/featured-products/products/asus-rog-nuc-15-2025-geforce-rtx-5070-ti-rnuc15jnk9x38aa4-mini-desktop.json
2026-02-21 06:23:37 [debug]: [PcExpressScraper] JSON success: ASUS ROG NUC 15 2025 GeForce RTX™ 5070 Ti (RNUC15JNK9X38AA4) Mini Desktop
2026-02-21 06:23:38 [debug]: [VillmanScraper] Scraping JSON: https://shop.villman.com/products/hp-envy-x360-14-fa0079au-glacier-silver-14-in-touch-ryzen-7-8840hs-16gb-1-tb-ssd-amd-radeon-graphics-win-11.json
2026-02-21 06:23:39 [debug]: [VillmanScraper] JSON success: HP Envy x360 14-fa0079AU (Glacier Silver) 14-in Touch | Ryzen 7 8840HS | 16GB | 1 TB SSD|AMD Radeon Graphics | Win 11
2026-02-21 06:23:43 [info]: [SearchService] Raw products scraped: 11
2026-02-21 06:23:43 [info]: [SearchService] Relevance filter: 0/11 products kept
2026-02-21 06:23:43 [info]: [SearchService] Saved 0 products for search #121a4293-4130-4447-ad0c-aa6d49e0432b
2026-02-21 06:24:16 [info]: [Server] SIGINT received. Shutting down gracefully...
2026-02-21 06:24:26 [info]: [DB] Supabase connection verified.
2026-02-21 06:24:26 [info]: [SearchService] Platform IDs loaded: {"pcexpress":"993de2ca-56cb-4e0f-81cd-2dfe02a42a05","villman":"0b0c896a-5701-4322-9868-11a410385b7c","pcworx":"65a83309-9bea-47ac-9630-0f4596443655"}
2026-02-21 06:24:26 [info]: 🚀 Bakàl backend running on port 3000 [development]
2026-02-21 06:24:51 [debug]: → GET /api/search
2026-02-21 06:24:52 [info]: [SearchService] Search #c96a5ae3-3e65-4af1-a800-b54012614e4c - "wifi router"
2026-02-21 06:24:52 [debug]: [VillmanScraper] Calling API: https://shop.villman.com/search/suggest.json?q=wifi%20router&resources[type]=product&resources[limit]=10
2026-02-21 06:24:52 [debug]: [PcExpressScraper] Calling API: https://pcx.com.ph/search/suggest.json?q=wifi%20router&resources[type]=product&resources[limit]=10
2026-02-21 06:24:52 [debug]: [PcWorxScraper] Calling API: https://pcworx.ph/search/suggest.json?q=wifi%20router&resources[type]=product&resources[limit]=10
2026-02-21 06:24:53 [info]: [VillmanScraper] API found 5 product URLs
2026-02-21 06:24:53 [info]: [PcExpressScraper] API found 5 product URLs
2026-02-21 06:24:53 [info]: [PcWorxScraper] API found 5 product URLs
2026-02-21 06:24:54 [debug]: [PcExpressScraper] Scraping JSON: https://pcx.com.ph/products/asus-rt-ax1800hp-ax1800-dual-band-wifi-6-router.json
2026-02-21 06:24:54 [debug]: [VillmanScraper] Scraping JSON: https://shop.villman.com/products/tp-link-re215-ac750-wi-fi-range-extender-copy.json
2026-02-21 06:24:54 [debug]: [VillmanScraper] Scraping JSON: https://shop.villman.com/products/asus-rt-ax1800hp-ax1800-dual-band-wifi-6-router.json
2026-02-21 06:24:54 [debug]: [PcExpressScraper] Scraping JSON: https://pcx.com.ph/products/asus-rt-be58u-wifi-7-be3600-wireless-router.json
2026-02-21 06:24:54 [debug]: [PcWorxScraper] Scraping JSON: https://pcworx.ph/products/tp-link-archer-c54-ac1200-dual-band-wi-fi-router.json
2026-02-21 06:24:54 [debug]: [PcWorxScraper] Scraping JSON: https://pcworx.ph/products/tp-link-archer-ax55-ax3000-dual-band-gigabit-wifi-6-router.json
2026-02-21 06:24:54 [debug]: [VillmanScraper] JSON success: TP-Link Archer C64 AC1200 Wireless MU-MIMO WiFi Router
2026-02-21 06:24:54 [debug]: [PcExpressScraper] JSON success: ASUS RT-AX1800HP AX1800 Dual Band WIFI 6 Router
2026-02-21 06:24:54 [debug]: [PcExpressScraper] JSON success: ASUS RT-BE58U WIFI-7 BE3600 Wireless Router
2026-02-21 06:24:54 [debug]: [VillmanScraper] JSON success: Asus RT-AX1800HP AX1800 DUAL BAND Wifi 6 Router
2026-02-21 06:24:55 [debug]: [PcWorxScraper] JSON success: TP-LINK Archer AX55 AX3000 Dual Band Gigabit Wifi 6 Router
2026-02-21 06:24:55 [debug]: [PcWorxScraper] JSON success: TP-Link Archer C54 AC1200 Dual-Band Wi-Fi Router
2026-02-21 06:24:57 [debug]: [PcExpressScraper] Scraping JSON: https://pcx.com.ph/products/asus-rt-be50-dual-band-wifi-7-wireless-router.json
2026-02-21 06:24:57 [debug]: [PcExpressScraper] Scraping JSON: https://pcx.com.ph/products/tp-link-archer-c64-ac1200-wireless-mu-mimo-wifi-router.json
2026-02-21 06:24:57 [debug]: [PcExpressScraper] JSON success: TP-LINK Archer C64 AC1200 Wireless Mu-Mimo Wifi Router
2026-02-21 06:24:57 [debug]: [PcExpressScraper] JSON success: ASUS RT-BE50 Dual Band Wifi 7 Wireless Router
2026-02-21 06:24:58 [debug]: [PcWorxScraper] Scraping JSON: https://pcworx.ph/products/d-link-dir-x3000z-wi-fi-6-ax3000-mesh-wireless-gigabit-router.json
2026-02-21 06:24:58 [debug]: [PcWorxScraper] Scraping JSON: https://pcworx.ph/products/tp-link-archer-c64-ac1200-wireless-mu-mimo-wifi-router.json
2026-02-21 06:24:58 [debug]: [PcWorxScraper] JSON success: D-Link DIR-X3000Z Wi-Fi 6 AX3000 Mesh Wireless Gigabit Router
2026-02-21 06:24:58 [debug]: [PcWorxScraper] JSON success: TP-LINK Archer C64 AC1200 Wireless MU-MIMO WiFi Router
2026-02-21 06:24:59 [debug]: [VillmanScraper] Scraping JSON: https://shop.villman.com/products/asus-rt-ax53u-ax1800-router.json
2026-02-21 06:24:59 [debug]: [VillmanScraper] Scraping JSON: https://shop.villman.com/products/asus-rt-ax1800hp-router.json
2026-02-21 06:24:59 [debug]: [VillmanScraper] JSON success: Asus RT-AX1800HP Dual Band WiFi 6 Router
2026-02-21 06:24:59 [debug]: [VillmanScraper] JSON success: Asus RT-AX53U AX1800 Dual Band WiFi 6 Router
2026-02-21 06:25:00 [debug]: [PcExpressScraper] Scraping JSON: https://pcx.com.ph/products/asus-tuf-gaming-be6500-dual-band-wifi-7-gaming-router.json
2026-02-21 06:25:00 [debug]: [PcExpressScraper] JSON success: ASUS TUF Gaming BE6500 Dual Band WiFi 7 Gaming Router
2026-02-21 06:25:01 [debug]: [PcWorxScraper] Scraping JSON: https://pcworx.ph/products/asus-rt-ax53u-ax1800-dual-band-wifi-6-802-11ax-router.json
2026-02-21 06:25:01 [debug]: [VillmanScraper] Scraping JSON: https://shop.villman.com/products/asus-zenwifi-xd4s-ax1800-wifi-6-mesh-router-2-pack-black.json
2026-02-21 06:25:01 [debug]: [PcWorxScraper] JSON success: ASUS RT-AX53U AX1800 Dual Band WiFi 6 (802.11ax) Router
2026-02-21 06:25:01 [debug]: [VillmanScraper] JSON success: Asus ZenWiFi XD4S AX1800 WIFI 6 Mesh Router 2 Pack (Black)
2026-02-21 06:25:04 [info]: [SearchService] Raw products scraped: 15
2026-02-21 06:25:04 [info]: [SearchService] Relevance filter: 15/15 products kept
2026-02-21 06:25:07 [info]: [SearchService] Saved 15 products for search #c96a5ae3-3e65-4af1-a800-b54012614e4c
2026-02-21 06:25:07 [debug]: → GET /api/search
2026-02-21 06:25:08 [info]: [SearchService] Search #98c241f7-4a9c-46eb-8bed-b30d2e79d404 - "wifi router"
2026-02-21 06:25:08 [debug]: [VillmanScraper] Calling API: https://shop.villman.com/search/suggest.json?q=wifi%20router&resources[type]=product&resources[limit]=10
2026-02-21 06:25:08 [debug]: [PcWorxScraper] Calling API: https://pcworx.ph/search/suggest.json?q=wifi%20router&resources[type]=product&resources[limit]=10
2026-02-21 06:25:08 [debug]: [PcExpressScraper] Calling API: https://pcx.com.ph/search/suggest.json?q=wifi%20router&resources[type]=product&resources[limit]=10
2026-02-21 06:25:09 [info]: [VillmanScraper] API found 5 product URLs
2026-02-21 06:25:09 [info]: [PcExpressScraper] API found 5 product URLs
2026-02-21 06:25:09 [info]: [PcWorxScraper] API found 5 product URLs
2026-02-21 06:25:09 [debug]: [VillmanScraper] Scraping JSON: https://shop.villman.com/products/tp-link-re215-ac750-wi-fi-range-extender-copy.json
2026-02-21 06:25:09 [debug]: [VillmanScraper] Scraping JSON: https://shop.villman.com/products/asus-rt-ax1800hp-ax1800-dual-band-wifi-6-router.json
2026-02-21 06:25:09 [debug]: [PcWorxScraper] Scraping JSON: https://pcworx.ph/products/tp-link-archer-c54-ac1200-dual-band-wi-fi-router.json
2026-02-21 06:25:10 [debug]: [PcExpressScraper] Scraping JSON: https://pcx.com.ph/products/asus-rt-ax1800hp-ax1800-dual-band-wifi-6-router.json
2026-02-21 06:25:10 [debug]: [PcExpressScraper] Scraping JSON: https://pcx.com.ph/products/asus-rt-be58u-wifi-7-be3600-wireless-router.json
2026-02-21 06:25:10 [debug]: [PcWorxScraper] Scraping JSON: https://pcworx.ph/products/tp-link-archer-ax55-ax3000-dual-band-gigabit-wifi-6-router.json
2026-02-21 06:25:10 [debug]: [VillmanScraper] JSON success: TP-Link Archer C64 AC1200 Wireless MU-MIMO WiFi Router
2026-02-21 06:25:10 [debug]: [VillmanScraper] JSON success: Asus RT-AX1800HP AX1800 DUAL BAND Wifi 6 Router
2026-02-21 06:25:10 [debug]: [PcWorxScraper] JSON success: TP-Link Archer C54 AC1200 Dual-Band Wi-Fi Router
2026-02-21 06:25:10 [debug]: [PcExpressScraper] JSON success: ASUS RT-AX1800HP AX1800 Dual Band WIFI 6 Router
2026-02-21 06:25:10 [debug]: [PcExpressScraper] JSON success: ASUS RT-BE58U WIFI-7 BE3600 Wireless Router
2026-02-21 06:25:10 [debug]: [PcWorxScraper] JSON success: TP-LINK Archer AX55 AX3000 Dual Band Gigabit Wifi 6 Router
2026-02-21 06:25:14 [debug]: [PcExpressScraper] Scraping JSON: https://pcx.com.ph/products/asus-rt-be50-dual-band-wifi-7-wireless-router.json
2026-02-21 06:25:14 [debug]: [PcExpressScraper] Scraping JSON: https://pcx.com.ph/products/tp-link-archer-c64-ac1200-wireless-mu-mimo-wifi-router.json
2026-02-21 06:25:14 [debug]: [PcWorxScraper] Scraping JSON: https://pcworx.ph/products/d-link-dir-x3000z-wi-fi-6-ax3000-mesh-wireless-gigabit-router.json
2026-02-21 06:25:14 [debug]: [PcWorxScraper] Scraping JSON: https://pcworx.ph/products/tp-link-archer-c64-ac1200-wireless-mu-mimo-wifi-router.json
2026-02-21 06:25:14 [debug]: [PcExpressScraper] JSON success: TP-LINK Archer C64 AC1200 Wireless Mu-Mimo Wifi Router
2026-02-21 06:25:14 [debug]: [PcExpressScraper] JSON success: ASUS RT-BE50 Dual Band Wifi 7 Wireless Router
2026-02-21 06:25:15 [debug]: [PcWorxScraper] JSON success: D-Link DIR-X3000Z Wi-Fi 6 AX3000 Mesh Wireless Gigabit Router
2026-02-21 06:25:15 [debug]: [VillmanScraper] Scraping JSON: https://shop.villman.com/products/asus-rt-ax53u-ax1800-router.json
2026-02-21 06:25:15 [debug]: [VillmanScraper] Scraping JSON: https://shop.villman.com/products/asus-rt-ax1800hp-router.json
2026-02-21 06:25:15 [debug]: [PcWorxScraper] JSON success: TP-LINK Archer C64 AC1200 Wireless MU-MIMO WiFi Router
2026-02-21 06:25:15 [debug]: [VillmanScraper] JSON success: Asus RT-AX53U AX1800 Dual Band WiFi 6 Router
2026-02-21 06:25:15 [debug]: [VillmanScraper] JSON success: Asus RT-AX1800HP Dual Band WiFi 6 Router
2026-02-21 06:25:17 [debug]: [PcExpressScraper] Scraping JSON: https://pcx.com.ph/products/asus-tuf-gaming-be6500-dual-band-wifi-7-gaming-router.json
2026-02-21 06:25:17 [debug]: [PcExpressScraper] JSON success: ASUS TUF Gaming BE6500 Dual Band WiFi 7 Gaming Router
2026-02-21 06:25:18 [debug]: [PcWorxScraper] Scraping JSON: https://pcworx.ph/products/asus-rt-ax53u-ax1800-dual-band-wifi-6-802-11ax-router.json
2026-02-21 06:25:18 [debug]: [PcWorxScraper] JSON success: ASUS RT-AX53U AX1800 Dual Band WiFi 6 (802.11ax) Router
2026-02-21 06:25:19 [debug]: [VillmanScraper] Scraping JSON: https://shop.villman.com/products/asus-zenwifi-xd4s-ax1800-wifi-6-mesh-router-2-pack-black.json
2026-02-21 06:25:19 [debug]: [VillmanScraper] JSON success: Asus ZenWiFi XD4S AX1800 WIFI 6 Mesh Router 2 Pack (Black)
2026-02-21 06:25:23 [info]: [SearchService] Raw products scraped: 15
2026-02-21 06:25:23 [info]: [SearchService] Relevance filter: 15/15 products kept
2026-02-21 06:25:27 [info]: [SearchService] Saved 15 products for search #98c241f7-4a9c-46eb-8bed-b30d2e79d404
2026-02-21 06:26:52 [debug]: → GET /api/search
2026-02-21 06:26:52 [info]: [SearchService] Search #26f710f0-65e0-423c-b004-6be3c225ba8c - "wifi router"
2026-02-21 06:26:53 [debug]: [PcExpressScraper] Calling API: https://pcx.com.ph/search/suggest.json?q=wifi%20router&resources[type]=product&resources[limit]=10
2026-02-21 06:26:53 [debug]: [PcWorxScraper] Calling API: https://pcworx.ph/search/suggest.json?q=wifi%20router&resources[type]=product&resources[limit]=10
2026-02-21 06:26:53 [debug]: [VillmanScraper] Calling API: https://shop.villman.com/search/suggest.json?q=wifi%20router&resources[type]=product&resources[limit]=10
2026-02-21 06:26:53 [info]: [PcExpressScraper] API found 5 product URLs
2026-02-21 06:26:54 [info]: [VillmanScraper] API found 5 product URLs
2026-02-21 06:26:54 [info]: [PcWorxScraper] API found 5 product URLs
2026-02-21 06:26:55 [debug]: [PcWorxScraper] Scraping JSON: https://pcworx.ph/products/tp-link-archer-ax55-ax3000-dual-band-gigabit-wifi-6-router.json
2026-02-21 06:26:55 [debug]: [PcWorxScraper] Scraping JSON: https://pcworx.ph/products/tp-link-archer-c54-ac1200-dual-band-wi-fi-router.json
2026-02-21 06:26:55 [debug]: [VillmanScraper] Scraping JSON: https://shop.villman.com/products/asus-rt-ax1800hp-ax1800-dual-band-wifi-6-router.json
2026-02-21 06:26:55 [debug]: [VillmanScraper] Scraping JSON: https://shop.villman.com/products/tp-link-re215-ac750-wi-fi-range-extender-copy.json
2026-02-21 06:26:55 [debug]: [VillmanScraper] JSON success: TP-Link Archer C64 AC1200 Wireless MU-MIMO WiFi Router
2026-02-21 06:26:55 [debug]: [PcWorxScraper] JSON success: TP-LINK Archer AX55 AX3000 Dual Band Gigabit Wifi 6 Router
2026-02-21 06:26:55 [debug]: [PcWorxScraper] JSON success: TP-Link Archer C54 AC1200 Dual-Band Wi-Fi Router
2026-02-21 06:26:55 [debug]: [PcExpressScraper] Scraping JSON: https://pcx.com.ph/products/asus-rt-be58u-wifi-7-be3600-wireless-router.json
2026-02-21 06:26:55 [debug]: [PcExpressScraper] Scraping JSON: https://pcx.com.ph/products/asus-rt-ax1800hp-ax1800-dual-band-wifi-6-router.json
2026-02-21 06:26:55 [debug]: [VillmanScraper] JSON success: Asus RT-AX1800HP AX1800 DUAL BAND Wifi 6 Router
2026-02-21 06:26:56 [debug]: [PcExpressScraper] JSON success: ASUS RT-BE58U WIFI-7 BE3600 Wireless Router
2026-02-21 06:26:56 [debug]: [PcExpressScraper] JSON success: ASUS RT-AX1800HP AX1800 Dual Band WIFI 6 Router
2026-02-21 06:26:58 [debug]: [VillmanScraper] Scraping JSON: https://shop.villman.com/products/asus-rt-ax1800hp-router.json
2026-02-21 06:26:58 [debug]: [VillmanScraper] Scraping JSON: https://shop.villman.com/products/asus-rt-ax53u-ax1800-router.json
2026-02-21 06:26:58 [debug]: [PcWorxScraper] Scraping JSON: https://pcworx.ph/products/tp-link-archer-c64-ac1200-wireless-mu-mimo-wifi-router.json
2026-02-21 06:26:58 [debug]: [PcWorxScraper] Scraping JSON: https://pcworx.ph/products/d-link-dir-x3000z-wi-fi-6-ax3000-mesh-wireless-gigabit-router.json
2026-02-21 06:26:58 [debug]: [VillmanScraper] JSON success: Asus RT-AX53U AX1800 Dual Band WiFi 6 Router
2026-02-21 06:26:58 [debug]: [VillmanScraper] JSON success: Asus RT-AX1800HP Dual Band WiFi 6 Router
2026-02-21 06:26:58 [debug]: [PcWorxScraper] JSON success: TP-LINK Archer C64 AC1200 Wireless MU-MIMO WiFi Router
2026-02-21 06:26:58 [debug]: [PcWorxScraper] JSON success: D-Link DIR-X3000Z Wi-Fi 6 AX3000 Mesh Wireless Gigabit Router
2026-02-21 06:27:00 [debug]: [PcExpressScraper] Scraping JSON: https://pcx.com.ph/products/asus-rt-be50-dual-band-wifi-7-wireless-router.json
2026-02-21 06:27:00 [debug]: [PcExpressScraper] Scraping JSON: https://pcx.com.ph/products/tp-link-archer-c64-ac1200-wireless-mu-mimo-wifi-router.json
2026-02-21 06:27:01 [debug]: [PcExpressScraper] JSON success: TP-LINK Archer C64 AC1200 Wireless Mu-Mimo Wifi Router
2026-02-21 06:27:01 [debug]: [PcExpressScraper] JSON success: ASUS RT-BE50 Dual Band Wifi 7 Wireless Router
2026-02-21 06:27:01 [debug]: [VillmanScraper] Scraping JSON: https://shop.villman.com/products/asus-zenwifi-xd4s-ax1800-wifi-6-mesh-router-2-pack-black.json
2026-02-21 06:27:01 [debug]: [VillmanScraper] JSON success: Asus ZenWiFi XD4S AX1800 WIFI 6 Mesh Router 2 Pack (Black)
2026-02-21 06:27:03 [debug]: [PcWorxScraper] Scraping JSON: https://pcworx.ph/products/asus-rt-ax53u-ax1800-dual-band-wifi-6-802-11ax-router.json
2026-02-21 06:27:03 [debug]: [PcWorxScraper] JSON success: ASUS RT-AX53U AX1800 Dual Band WiFi 6 (802.11ax) Router
2026-02-21 06:27:03 [debug]: [PcExpressScraper] Scraping JSON: https://pcx.com.ph/products/asus-tuf-gaming-be6500-dual-band-wifi-7-gaming-router.json
2026-02-21 06:27:04 [debug]: [PcExpressScraper] JSON success: ASUS TUF Gaming BE6500 Dual Band WiFi 7 Gaming Router
2026-02-21 06:27:07 [info]: [SearchService] Raw products scraped: 15
2026-02-21 06:27:07 [info]: [SearchService] Relevance filter: 15/15 products kept
2026-02-21 06:27:11 [info]: [SearchService] Saved 15 products for search #26f710f0-65e0-423c-b004-6be3c225ba8c
2026-02-21 06:27:11 [debug]: → GET /api/search
2026-02-21 06:27:11 [info]: [SearchService] Search #7504fdcf-d566-4e69-893a-58290ded582b - "wifi router"
2026-02-21 06:27:11 [debug]: [PcExpressScraper] Calling API: https://pcx.com.ph/search/suggest.json?q=wifi%20router&resources[type]=product&resources[limit]=10
2026-02-21 06:27:11 [debug]: [VillmanScraper] Calling API: https://shop.villman.com/search/suggest.json?q=wifi%20router&resources[type]=product&resources[limit]=10
2026-02-21 06:27:12 [debug]: [PcWorxScraper] Calling API: https://pcworx.ph/search/suggest.json?q=wifi%20router&resources[type]=product&resources[limit]=10
2026-02-21 06:27:12 [info]: [VillmanScraper] API found 5 product URLs
2026-02-21 06:27:12 [info]: [PcExpressScraper] API found 5 product URLs
2026-02-21 06:27:12 [info]: [PcWorxScraper] API found 5 product URLs
2026-02-21 06:27:13 [debug]: [PcWorxScraper] Scraping JSON: https://pcworx.ph/products/tp-link-archer-c54-ac1200-dual-band-wi-fi-router.json
2026-02-21 06:27:13 [debug]: [PcExpressScraper] Scraping JSON: https://pcx.com.ph/products/asus-rt-ax1800hp-ax1800-dual-band-wifi-6-router.json
2026-02-21 06:27:13 [debug]: [PcWorxScraper] Scraping JSON: https://pcworx.ph/products/tp-link-archer-ax55-ax3000-dual-band-gigabit-wifi-6-router.json
2026-02-21 06:27:13 [debug]: [PcExpressScraper] Scraping JSON: https://pcx.com.ph/products/asus-rt-be58u-wifi-7-be3600-wireless-router.json
2026-02-21 06:27:13 [debug]: [VillmanScraper] Scraping JSON: https://shop.villman.com/products/tp-link-re215-ac750-wi-fi-range-extender-copy.json
2026-02-21 06:27:13 [debug]: [VillmanScraper] Scraping JSON: https://shop.villman.com/products/asus-rt-ax1800hp-ax1800-dual-band-wifi-6-router.json
2026-02-21 06:27:14 [debug]: [PcExpressScraper] JSON success: ASUS RT-AX1800HP AX1800 Dual Band WIFI 6 Router
2026-02-21 06:27:14 [debug]: [PcWorxScraper] JSON success: TP-Link Archer C54 AC1200 Dual-Band Wi-Fi Router
2026-02-21 06:27:14 [debug]: [PcWorxScraper] JSON success: TP-LINK Archer AX55 AX3000 Dual Band Gigabit Wifi 6 Router
2026-02-21 06:27:14 [debug]: [PcExpressScraper] JSON success: ASUS RT-BE58U WIFI-7 BE3600 Wireless Router
2026-02-21 06:27:14 [debug]: [VillmanScraper] JSON success: TP-Link Archer C64 AC1200 Wireless MU-MIMO WiFi Router
2026-02-21 06:27:14 [debug]: [VillmanScraper] JSON success: Asus RT-AX1800HP AX1800 DUAL BAND Wifi 6 Router
2026-02-21 06:27:17 [debug]: [VillmanScraper] Scraping JSON: https://shop.villman.com/products/asus-rt-ax1800hp-router.json
2026-02-21 06:27:17 [debug]: [PcWorxScraper] Scraping JSON: https://pcworx.ph/products/d-link-dir-x3000z-wi-fi-6-ax3000-mesh-wireless-gigabit-router.json
2026-02-21 06:27:17 [debug]: [PcWorxScraper] Scraping JSON: https://pcworx.ph/products/tp-link-archer-c64-ac1200-wireless-mu-mimo-wifi-router.json
2026-02-21 06:27:17 [debug]: [VillmanScraper] Scraping JSON: https://shop.villman.com/products/asus-rt-ax53u-ax1800-router.json
2026-02-21 06:27:18 [debug]: [VillmanScraper] JSON success: Asus RT-AX1800HP Dual Band WiFi 6 Router
2026-02-21 06:27:18 [debug]: [PcWorxScraper] JSON success: TP-LINK Archer C64 AC1200 Wireless MU-MIMO WiFi Router
2026-02-21 06:27:18 [debug]: [PcWorxScraper] JSON success: D-Link DIR-X3000Z Wi-Fi 6 AX3000 Mesh Wireless Gigabit Router
2026-02-21 06:27:18 [debug]: [VillmanScraper] JSON success: Asus RT-AX53U AX1800 Dual Band WiFi 6 Router
2026-02-21 06:27:18 [debug]: [PcExpressScraper] Scraping JSON: https://pcx.com.ph/products/asus-rt-be50-dual-band-wifi-7-wireless-router.json
2026-02-21 06:27:18 [debug]: [PcExpressScraper] Scraping JSON: https://pcx.com.ph/products/tp-link-archer-c64-ac1200-wireless-mu-mimo-wifi-router.json
2026-02-21 06:27:19 [debug]: [PcExpressScraper] JSON success: ASUS RT-BE50 Dual Band Wifi 7 Wireless Router
2026-02-21 06:27:19 [debug]: [PcExpressScraper] JSON success: TP-LINK Archer C64 AC1200 Wireless Mu-Mimo Wifi Router
2026-02-21 06:27:20 [debug]: [VillmanScraper] Scraping JSON: https://shop.villman.com/products/asus-zenwifi-xd4s-ax1800-wifi-6-mesh-router-2-pack-black.json
2026-02-21 06:27:20 [debug]: [VillmanScraper] JSON success: Asus ZenWiFi XD4S AX1800 WIFI 6 Mesh Router 2 Pack (Black)
2026-02-21 06:27:21 [debug]: [PcWorxScraper] Scraping JSON: https://pcworx.ph/products/asus-rt-ax53u-ax1800-dual-band-wifi-6-802-11ax-router.json
2026-02-21 06:27:21 [debug]: [PcWorxScraper] JSON success: ASUS RT-AX53U AX1800 Dual Band WiFi 6 (802.11ax) Router
2026-02-21 06:27:22 [debug]: [PcExpressScraper] Scraping JSON: https://pcx.com.ph/products/asus-tuf-gaming-be6500-dual-band-wifi-7-gaming-router.json
2026-02-21 06:27:22 [debug]: [PcExpressScraper] JSON success: ASUS TUF Gaming BE6500 Dual Band WiFi 7 Gaming Router
2026-02-21 06:27:24 [info]: [SearchService] Raw products scraped: 15
2026-02-21 06:27:24 [info]: [SearchService] Relevance filter: 15/15 products kept
2026-02-21 06:27:28 [info]: [SearchService] Saved 15 products for search #7504fdcf-d566-4e69-893a-58290ded582b
2026-02-21 06:27:52 [debug]: → GET /api/search
2026-02-21 06:27:52 [info]: [SearchService] Search #f20d7b93-9d7a-4eab-9529-23477bb31221 - "wifi router"
2026-02-21 06:27:52 [debug]: [PcExpressScraper] Calling API: https://pcx.com.ph/search/suggest.json?q=wifi%20router&resources[type]=product&resources[limit]=10
2026-02-21 06:27:52 [debug]: [PcWorxScraper] Calling API: https://pcworx.ph/search/suggest.json?q=wifi%20router&resources[type]=product&resources[limit]=10
2026-02-21 06:27:52 [debug]: [VillmanScraper] Calling API: https://shop.villman.com/search/suggest.json?q=wifi%20router&resources[type]=product&resources[limit]=10
2026-02-21 06:27:53 [info]: [PcExpressScraper] API found 5 product URLs
2026-02-21 06:27:53 [info]: [VillmanScraper] API found 5 product URLs
2026-02-21 06:27:53 [info]: [PcWorxScraper] API found 5 product URLs
2026-02-21 06:27:53 [debug]: [VillmanScraper] Scraping JSON: https://shop.villman.com/products/tp-link-re215-ac750-wi-fi-range-extender-copy.json
2026-02-21 06:27:54 [debug]: [VillmanScraper] Scraping JSON: https://shop.villman.com/products/asus-rt-ax1800hp-ax1800-dual-band-wifi-6-router.json
2026-02-21 06:27:54 [debug]: [PcExpressScraper] Scraping JSON: https://pcx.com.ph/products/asus-rt-ax1800hp-ax1800-dual-band-wifi-6-router.json
2026-02-21 06:27:54 [debug]: [PcWorxScraper] Scraping JSON: https://pcworx.ph/products/tp-link-archer-ax55-ax3000-dual-band-gigabit-wifi-6-router.json
2026-02-21 06:27:54 [debug]: [PcExpressScraper] Scraping JSON: https://pcx.com.ph/products/asus-rt-be58u-wifi-7-be3600-wireless-router.json
2026-02-21 06:27:54 [debug]: [PcWorxScraper] Scraping JSON: https://pcworx.ph/products/tp-link-archer-c54-ac1200-dual-band-wi-fi-router.json
2026-02-21 06:27:54 [debug]: [VillmanScraper] JSON success: TP-Link Archer C64 AC1200 Wireless MU-MIMO WiFi Router
2026-02-21 06:27:54 [debug]: [PcExpressScraper] JSON success: ASUS RT-AX1800HP AX1800 Dual Band WIFI 6 Router
2026-02-21 06:27:54 [debug]: [VillmanScraper] JSON success: Asus RT-AX1800HP AX1800 DUAL BAND Wifi 6 Router
2026-02-21 06:27:54 [debug]: [PcWorxScraper] JSON success: TP-LINK Archer AX55 AX3000 Dual Band Gigabit Wifi 6 Router
2026-02-21 06:27:54 [debug]: [PcExpressScraper] JSON success: ASUS RT-BE58U WIFI-7 BE3600 Wireless Router
2026-02-21 06:27:54 [debug]: [PcWorxScraper] JSON success: TP-Link Archer C54 AC1200 Dual-Band Wi-Fi Router
2026-02-21 06:27:57 [debug]: [PcWorxScraper] Scraping JSON: https://pcworx.ph/products/d-link-dir-x3000z-wi-fi-6-ax3000-mesh-wireless-gigabit-router.json
2026-02-21 06:27:57 [debug]: [PcWorxScraper] Scraping JSON: https://pcworx.ph/products/tp-link-archer-c64-ac1200-wireless-mu-mimo-wifi-router.json
2026-02-21 06:27:57 [debug]: [PcWorxScraper] JSON success: D-Link DIR-X3000Z Wi-Fi 6 AX3000 Mesh Wireless Gigabit Router
2026-02-21 06:27:57 [debug]: [PcWorxScraper] JSON success: TP-LINK Archer C64 AC1200 Wireless MU-MIMO WiFi Router
2026-02-21 06:27:58 [debug]: [PcExpressScraper] Scraping JSON: https://pcx.com.ph/products/asus-rt-be50-dual-band-wifi-7-wireless-router.json
2026-02-21 06:27:58 [debug]: [PcExpressScraper] Scraping JSON: https://pcx.com.ph/products/tp-link-archer-c64-ac1200-wireless-mu-mimo-wifi-router.json
2026-02-21 06:27:58 [debug]: [VillmanScraper] Scraping JSON: https://shop.villman.com/products/asus-rt-ax53u-ax1800-router.json
2026-02-21 06:27:58 [debug]: [VillmanScraper] Scraping JSON: https://shop.villman.com/products/asus-rt-ax1800hp-router.json
2026-02-21 06:27:59 [debug]: [PcExpressScraper] JSON success: ASUS RT-BE50 Dual Band Wifi 7 Wireless Router
2026-02-21 06:27:59 [debug]: [PcExpressScraper] JSON success: TP-LINK Archer C64 AC1200 Wireless Mu-Mimo Wifi Router
2026-02-21 06:27:59 [debug]: [VillmanScraper] JSON success: Asus RT-AX53U AX1800 Dual Band WiFi 6 Router
2026-02-21 06:27:59 [debug]: [VillmanScraper] JSON success: Asus RT-AX1800HP Dual Band WiFi 6 Router
2026-02-21 06:28:00 [debug]: [PcWorxScraper] Scraping JSON: https://pcworx.ph/products/asus-rt-ax53u-ax1800-dual-band-wifi-6-802-11ax-router.json
2026-02-21 06:28:01 [debug]: [PcWorxScraper] JSON success: ASUS RT-AX53U AX1800 Dual Band WiFi 6 (802.11ax) Router
2026-02-21 06:28:01 [debug]: [VillmanScraper] Scraping JSON: https://shop.villman.com/products/asus-zenwifi-xd4s-ax1800-wifi-6-mesh-router-2-pack-black.json
2026-02-21 06:28:02 [debug]: [VillmanScraper] JSON success: Asus ZenWiFi XD4S AX1800 WIFI 6 Mesh Router 2 Pack (Black)
2026-02-21 06:28:02 [debug]: [PcExpressScraper] Scraping JSON: https://pcx.com.ph/products/asus-tuf-gaming-be6500-dual-band-wifi-7-gaming-router.json
2026-02-21 06:28:03 [debug]: [PcExpressScraper] JSON success: ASUS TUF Gaming BE6500 Dual Band WiFi 7 Gaming Router
2026-02-21 06:28:05 [info]: [SearchService] Raw products scraped: 15
2026-02-21 06:28:05 [info]: [SearchService] Relevance filter: 15/15 products kept
2026-02-21 06:28:08 [info]: [SearchService] Saved 15 products for search #f20d7b93-9d7a-4eab-9529-23477bb31221
2026-02-21 06:28:08 [debug]: → GET /api/search
2026-02-21 06:28:08 [info]: [SearchService] Search #8b79d1fe-9402-4a1e-a472-e122389b4644 - "wifi router"
2026-02-21 06:28:09 [debug]: [PcExpressScraper] Calling API: https://pcx.com.ph/search/suggest.json?q=wifi%20router&resources[type]=product&resources[limit]=10
2026-02-21 06:28:09 [debug]: [PcWorxScraper] Calling API: https://pcworx.ph/search/suggest.json?q=wifi%20router&resources[type]=product&resources[limit]=10
2026-02-21 06:28:09 [debug]: [VillmanScraper] Calling API: https://shop.villman.com/search/suggest.json?q=wifi%20router&resources[type]=product&resources[limit]=10
2026-02-21 06:28:09 [info]: [VillmanScraper] API found 5 product URLs
2026-02-21 06:28:09 [info]: [PcExpressScraper] API found 5 product URLs
2026-02-21 06:28:09 [info]: [PcWorxScraper] API found 5 product URLs
2026-02-21 06:28:10 [debug]: [VillmanScraper] Scraping JSON: https://shop.villman.com/products/asus-rt-ax1800hp-ax1800-dual-band-wifi-6-router.json
2026-02-21 06:28:10 [debug]: [VillmanScraper] Scraping JSON: https://shop.villman.com/products/tp-link-re215-ac750-wi-fi-range-extender-copy.json
2026-02-21 06:28:10 [debug]: [PcExpressScraper] Scraping JSON: https://pcx.com.ph/products/asus-rt-ax1800hp-ax1800-dual-band-wifi-6-router.json
2026-02-21 06:28:11 [debug]: [PcWorxScraper] Scraping JSON: https://pcworx.ph/products/tp-link-archer-c54-ac1200-dual-band-wi-fi-router.json
2026-02-21 06:28:11 [debug]: [PcExpressScraper] Scraping JSON: https://pcx.com.ph/products/asus-rt-be58u-wifi-7-be3600-wireless-router.json
2026-02-21 06:28:11 [debug]: [PcWorxScraper] Scraping JSON: https://pcworx.ph/products/tp-link-archer-ax55-ax3000-dual-band-gigabit-wifi-6-router.json
2026-02-21 06:28:11 [debug]: [VillmanScraper] JSON success: Asus RT-AX1800HP AX1800 DUAL BAND Wifi 6 Router
2026-02-21 06:28:11 [debug]: [PcExpressScraper] JSON success: ASUS RT-AX1800HP AX1800 Dual Band WIFI 6 Router
2026-02-21 06:28:11 [debug]: [VillmanScraper] JSON success: TP-Link Archer C64 AC1200 Wireless MU-MIMO WiFi Router
2026-02-21 06:28:11 [debug]: [PcWorxScraper] JSON success: TP-LINK Archer AX55 AX3000 Dual Band Gigabit Wifi 6 Router
2026-02-21 06:28:11 [debug]: [PcExpressScraper] JSON success: ASUS RT-BE58U WIFI-7 BE3600 Wireless Router
2026-02-21 06:28:11 [debug]: [PcWorxScraper] JSON success: TP-Link Archer C54 AC1200 Dual-Band Wi-Fi Router
2026-02-21 06:28:14 [debug]: [PcExpressScraper] Scraping JSON: https://pcx.com.ph/products/asus-rt-be50-dual-band-wifi-7-wireless-router.json
2026-02-21 06:28:14 [debug]: [PcExpressScraper] Scraping JSON: https://pcx.com.ph/products/tp-link-archer-c64-ac1200-wireless-mu-mimo-wifi-router.json
2026-02-21 06:28:14 [debug]: [PcExpressScraper] JSON success: TP-LINK Archer C64 AC1200 Wireless Mu-Mimo Wifi Router
2026-02-21 06:28:14 [debug]: [PcExpressScraper] JSON success: ASUS RT-BE50 Dual Band Wifi 7 Wireless Router
2026-02-21 06:28:14 [debug]: [VillmanScraper] Scraping JSON: https://shop.villman.com/products/asus-rt-ax1800hp-router.json
2026-02-21 06:28:14 [debug]: [VillmanScraper] Scraping JSON: https://shop.villman.com/products/asus-rt-ax53u-ax1800-router.json
2026-02-21 06:28:15 [debug]: [VillmanScraper] JSON success: Asus RT-AX1800HP Dual Band WiFi 6 Router
2026-02-21 06:28:15 [debug]: [VillmanScraper] JSON success: Asus RT-AX53U AX1800 Dual Band WiFi 6 Router
2026-02-21 06:28:15 [debug]: [PcWorxScraper] Scraping JSON: https://pcworx.ph/products/d-link-dir-x3000z-wi-fi-6-ax3000-mesh-wireless-gigabit-router.json
2026-02-21 06:28:15 [debug]: [PcWorxScraper] Scraping JSON: https://pcworx.ph/products/tp-link-archer-c64-ac1200-wireless-mu-mimo-wifi-router.json
2026-02-21 06:28:16 [debug]: [PcWorxScraper] JSON success: D-Link DIR-X3000Z Wi-Fi 6 AX3000 Mesh Wireless Gigabit Router
2026-02-21 06:28:16 [debug]: [PcWorxScraper] JSON success: TP-LINK Archer C64 AC1200 Wireless MU-MIMO WiFi Router
2026-02-21 06:28:17 [debug]: [PcExpressScraper] Scraping JSON: https://pcx.com.ph/products/asus-tuf-gaming-be6500-dual-band-wifi-7-gaming-router.json
2026-02-21 06:28:18 [debug]: [PcExpressScraper] JSON success: ASUS TUF Gaming BE6500 Dual Band WiFi 7 Gaming Router
2026-02-21 06:28:19 [debug]: [PcWorxScraper] Scraping JSON: https://pcworx.ph/products/asus-rt-ax53u-ax1800-dual-band-wifi-6-802-11ax-router.json
2026-02-21 06:28:19 [debug]: [VillmanScraper] Scraping JSON: https://shop.villman.com/products/asus-zenwifi-xd4s-ax1800-wifi-6-mesh-router-2-pack-black.json
2026-02-21 06:28:19 [debug]: [PcWorxScraper] JSON success: ASUS RT-AX53U AX1800 Dual Band WiFi 6 (802.11ax) Router
2026-02-21 06:28:19 [debug]: [VillmanScraper] JSON success: Asus ZenWiFi XD4S AX1800 WIFI 6 Mesh Router 2 Pack (Black)
2026-02-21 06:28:22 [info]: [SearchService] Raw products scraped: 15
2026-02-21 06:28:22 [info]: [SearchService] Relevance filter: 15/15 products kept
2026-02-21 06:28:25 [info]: [SearchService] Saved 15 products for search #8b79d1fe-9402-4a1e-a472-e122389b4644
2026-02-21 06:28:57 [debug]: → GET /api/search
2026-02-21 06:28:58 [info]: [SearchService] Search #915b29d1-0603-4fc4-93b9-52abbb8c0ae4 - "wifi router"
2026-02-21 06:28:58 [debug]: [PcExpressScraper] Calling API: https://pcx.com.ph/search/suggest.json?q=wifi%20router&resources[type]=product&resources[limit]=10
2026-02-21 06:28:58 [debug]: [PcWorxScraper] Calling API: https://pcworx.ph/search/suggest.json?q=wifi%20router&resources[type]=product&resources[limit]=10
2026-02-21 06:28:58 [debug]: [VillmanScraper] Calling API: https://shop.villman.com/search/suggest.json?q=wifi%20router&resources[type]=product&resources[limit]=10
2026-02-21 06:28:59 [info]: [PcExpressScraper] API found 5 product URLs
2026-02-21 06:28:59 [info]: [PcWorxScraper] API found 5 product URLs
2026-02-21 06:28:59 [info]: [VillmanScraper] API found 5 product URLs
2026-02-21 06:28:59 [debug]: [PcExpressScraper] Scraping JSON: https://pcx.com.ph/products/asus-rt-ax1800hp-ax1800-dual-band-wifi-6-router.json
2026-02-21 06:28:59 [debug]: [PcExpressScraper] Scraping JSON: https://pcx.com.ph/products/asus-rt-be58u-wifi-7-be3600-wireless-router.json
2026-02-21 06:28:59 [debug]: [PcWorxScraper] Scraping JSON: https://pcworx.ph/products/tp-link-archer-ax55-ax3000-dual-band-gigabit-wifi-6-router.json
2026-02-21 06:29:00 [debug]: [PcWorxScraper] Scraping JSON: https://pcworx.ph/products/tp-link-archer-c54-ac1200-dual-band-wi-fi-router.json
2026-02-21 06:29:00 [debug]: [VillmanScraper] Scraping JSON: https://shop.villman.com/products/tp-link-re215-ac750-wi-fi-range-extender-copy.json
2026-02-21 06:29:00 [debug]: [VillmanScraper] Scraping JSON: https://shop.villman.com/products/asus-rt-ax1800hp-ax1800-dual-band-wifi-6-router.json
2026-02-21 06:29:00 [debug]: [PcExpressScraper] JSON success: ASUS RT-BE58U WIFI-7 BE3600 Wireless Router
2026-02-21 06:29:00 [debug]: [PcWorxScraper] JSON success: TP-Link Archer C54 AC1200 Dual-Band Wi-Fi Router
2026-02-21 06:29:00 [debug]: [PcWorxScraper] JSON success: TP-LINK Archer AX55 AX3000 Dual Band Gigabit Wifi 6 Router
2026-02-21 06:29:00 [debug]: [PcExpressScraper] JSON success: ASUS RT-AX1800HP AX1800 Dual Band WIFI 6 Router
2026-02-21 06:29:00 [debug]: [VillmanScraper] JSON success: Asus RT-AX1800HP AX1800 DUAL BAND Wifi 6 Router
2026-02-21 06:29:00 [debug]: [VillmanScraper] JSON success: TP-Link Archer C64 AC1200 Wireless MU-MIMO WiFi Router
2026-02-21 06:29:03 [debug]: [PcWorxScraper] Scraping JSON: https://pcworx.ph/products/d-link-dir-x3000z-wi-fi-6-ax3000-mesh-wireless-gigabit-router.json
2026-02-21 06:29:03 [debug]: [PcWorxScraper] Scraping JSON: https://pcworx.ph/products/tp-link-archer-c64-ac1200-wireless-mu-mimo-wifi-router.json
2026-02-21 06:29:03 [debug]: [PcWorxScraper] JSON success: D-Link DIR-X3000Z Wi-Fi 6 AX3000 Mesh Wireless Gigabit Router
2026-02-21 06:29:03 [debug]: [PcWorxScraper] JSON success: TP-LINK Archer C64 AC1200 Wireless MU-MIMO WiFi Router
2026-02-21 06:29:04 [debug]: [VillmanScraper] Scraping JSON: https://shop.villman.com/products/asus-rt-ax53u-ax1800-router.json
2026-02-21 06:29:04 [debug]: [VillmanScraper] Scraping JSON: https://shop.villman.com/products/asus-rt-ax1800hp-router.json
2026-02-21 06:29:04 [debug]: [PcExpressScraper] Scraping JSON: https://pcx.com.ph/products/asus-rt-be50-dual-band-wifi-7-wireless-router.json
2026-02-21 06:29:04 [debug]: [PcExpressScraper] Scraping JSON: https://pcx.com.ph/products/tp-link-archer-c64-ac1200-wireless-mu-mimo-wifi-router.json
2026-02-21 06:29:04 [debug]: [VillmanScraper] JSON success: Asus RT-AX1800HP Dual Band WiFi 6 Router
2026-02-21 06:29:04 [debug]: [VillmanScraper] JSON success: Asus RT-AX53U AX1800 Dual Band WiFi 6 Router
2026-02-21 06:29:05 [debug]: [PcExpressScraper] JSON success: ASUS RT-BE50 Dual Band Wifi 7 Wireless Router
2026-02-21 06:29:05 [debug]: [PcExpressScraper] JSON success: TP-LINK Archer C64 AC1200 Wireless Mu-Mimo Wifi Router
2026-02-21 06:29:06 [debug]: [PcWorxScraper] Scraping JSON: https://pcworx.ph/products/asus-rt-ax53u-ax1800-dual-band-wifi-6-802-11ax-router.json
2026-02-21 06:29:06 [debug]: [PcWorxScraper] JSON success: ASUS RT-AX53U AX1800 Dual Band WiFi 6 (802.11ax) Router
2026-02-21 06:29:07 [debug]: [PcExpressScraper] Scraping JSON: https://pcx.com.ph/products/asus-tuf-gaming-be6500-dual-band-wifi-7-gaming-router.json
2026-02-21 06:29:07 [debug]: [PcExpressScraper] JSON success: ASUS TUF Gaming BE6500 Dual Band WiFi 7 Gaming Router
2026-02-21 06:29:09 [debug]: [VillmanScraper] Scraping JSON: https://shop.villman.com/products/asus-zenwifi-xd4s-ax1800-wifi-6-mesh-router-2-pack-black.json
2026-02-21 06:29:09 [debug]: [VillmanScraper] JSON success: Asus ZenWiFi XD4S AX1800 WIFI 6 Mesh Router 2 Pack (Black)
2026-02-21 06:29:13 [info]: [SearchService] Raw products scraped: 15
2026-02-21 06:29:13 [info]: [SearchService] Relevance filter: 15/15 products kept
2026-02-21 06:29:17 [info]: [SearchService] Saved 15 products for search #915b29d1-0603-4fc4-93b9-52abbb8c0ae4
2026-02-21 06:29:17 [debug]: → GET /api/search
2026-02-21 06:29:17 [info]: [SearchService] Search #dfa72870-b77b-4bfb-af66-89d0008875ed - "wifi router"
2026-02-21 06:29:18 [debug]: [PcExpressScraper] Calling API: https://pcx.com.ph/search/suggest.json?q=wifi%20router&resources[type]=product&resources[limit]=10
2026-02-21 06:29:18 [debug]: [VillmanScraper] Calling API: https://shop.villman.com/search/suggest.json?q=wifi%20router&resources[type]=product&resources[limit]=10
2026-02-21 06:29:18 [debug]: [PcWorxScraper] Calling API: https://pcworx.ph/search/suggest.json?q=wifi%20router&resources[type]=product&resources[limit]=10
2026-02-21 06:29:18 [info]: [VillmanScraper] API found 5 product URLs
2026-02-21 06:29:18 [info]: [PcExpressScraper] API found 5 product URLs
2026-02-21 06:29:18 [info]: [PcWorxScraper] API found 5 product URLs
2026-02-21 06:29:19 [debug]: [VillmanScraper] Scraping JSON: https://shop.villman.com/products/tp-link-re215-ac750-wi-fi-range-extender-copy.json
2026-02-21 06:29:19 [debug]: [VillmanScraper] Scraping JSON: https://shop.villman.com/products/asus-rt-ax1800hp-ax1800-dual-band-wifi-6-router.json
2026-02-21 06:29:19 [debug]: [PcExpressScraper] Scraping JSON: https://pcx.com.ph/products/asus-rt-ax1800hp-ax1800-dual-band-wifi-6-router.json
2026-02-21 06:29:19 [debug]: [PcExpressScraper] Scraping JSON: https://pcx.com.ph/products/asus-rt-be58u-wifi-7-be3600-wireless-router.json
2026-02-21 06:29:19 [debug]: [PcExpressScraper] JSON success: ASUS RT-BE58U WIFI-7 BE3600 Wireless Router
2026-02-21 06:29:19 [debug]: [VillmanScraper] JSON success: TP-Link Archer C64 AC1200 Wireless MU-MIMO WiFi Router
2026-02-21 06:29:19 [debug]: [VillmanScraper] JSON success: Asus RT-AX1800HP AX1800 DUAL BAND Wifi 6 Router
2026-02-21 06:29:20 [debug]: [PcExpressScraper] JSON success: ASUS RT-AX1800HP AX1800 Dual Band WIFI 6 Router
2026-02-21 06:29:20 [debug]: [PcWorxScraper] Scraping JSON: https://pcworx.ph/products/tp-link-archer-c54-ac1200-dual-band-wi-fi-router.json
2026-02-21 06:29:20 [debug]: [PcWorxScraper] Scraping JSON: https://pcworx.ph/products/tp-link-archer-ax55-ax3000-dual-band-gigabit-wifi-6-router.json
2026-02-21 06:29:20 [debug]: [PcWorxScraper] JSON success: TP-Link Archer C54 AC1200 Dual-Band Wi-Fi Router
2026-02-21 06:29:20 [debug]: [PcWorxScraper] JSON success: TP-LINK Archer AX55 AX3000 Dual Band Gigabit Wifi 6 Router
2026-02-21 06:29:23 [debug]: [PcExpressScraper] Scraping JSON: https://pcx.com.ph/products/asus-rt-be50-dual-band-wifi-7-wireless-router.json
2026-02-21 06:29:23 [debug]: [PcExpressScraper] Scraping JSON: https://pcx.com.ph/products/tp-link-archer-c64-ac1200-wireless-mu-mimo-wifi-router.json
2026-02-21 06:29:24 [debug]: [PcExpressScraper] JSON success: TP-LINK Archer C64 AC1200 Wireless Mu-Mimo Wifi Router
2026-02-21 06:29:24 [debug]: [PcExpressScraper] JSON success: ASUS RT-BE50 Dual Band Wifi 7 Wireless Router
2026-02-21 06:29:24 [debug]: [PcWorxScraper] Scraping JSON: https://pcworx.ph/products/d-link-dir-x3000z-wi-fi-6-ax3000-mesh-wireless-gigabit-router.json
2026-02-21 06:29:24 [debug]: [PcWorxScraper] Scraping JSON: https://pcworx.ph/products/tp-link-archer-c64-ac1200-wireless-mu-mimo-wifi-router.json
2026-02-21 06:29:24 [debug]: [VillmanScraper] Scraping JSON: https://shop.villman.com/products/asus-rt-ax1800hp-router.json
2026-02-21 06:29:24 [debug]: [VillmanScraper] Scraping JSON: https://shop.villman.com/products/asus-rt-ax53u-ax1800-router.json
2026-02-21 06:29:24 [debug]: [PcWorxScraper] JSON success: TP-LINK Archer C64 AC1200 Wireless MU-MIMO WiFi Router
2026-02-21 06:29:24 [debug]: [PcWorxScraper] JSON success: D-Link DIR-X3000Z Wi-Fi 6 AX3000 Mesh Wireless Gigabit Router
2026-02-21 06:29:24 [debug]: [VillmanScraper] JSON success: Asus RT-AX1800HP Dual Band WiFi 6 Router
2026-02-21 06:29:24 [debug]: [VillmanScraper] JSON success: Asus RT-AX53U AX1800 Dual Band WiFi 6 Router
2026-02-21 06:29:27 [debug]: [PcExpressScraper] Scraping JSON: https://pcx.com.ph/products/asus-tuf-gaming-be6500-dual-band-wifi-7-gaming-router.json
2026-02-21 06:29:27 [debug]: [PcWorxScraper] Scraping JSON: https://pcworx.ph/products/asus-rt-ax53u-ax1800-dual-band-wifi-6-802-11ax-router.json
2026-02-21 06:29:27 [debug]: [PcExpressScraper] JSON success: ASUS TUF Gaming BE6500 Dual Band WiFi 7 Gaming Router
2026-02-21 06:29:28 [debug]: [PcWorxScraper] JSON success: ASUS RT-AX53U AX1800 Dual Band WiFi 6 (802.11ax) Router
2026-02-21 06:29:28 [debug]: [VillmanScraper] Scraping JSON: https://shop.villman.com/products/asus-zenwifi-xd4s-ax1800-wifi-6-mesh-router-2-pack-black.json
2026-02-21 06:29:28 [debug]: [VillmanScraper] JSON success: Asus ZenWiFi XD4S AX1800 WIFI 6 Mesh Router 2 Pack (Black)
2026-02-21 06:29:32 [info]: [SearchService] Raw products scraped: 15
2026-02-21 06:29:32 [info]: [SearchService] Relevance filter: 15/15 products kept
2026-02-21 06:29:36 [info]: [SearchService] Saved 15 products for search #dfa72870-b77b-4bfb-af66-89d0008875ed
2026-02-21 06:31:20 [debug]: → GET /api/search
2026-02-21 06:31:22 [info]: [SearchService] Search #34abb786-b0aa-4cc8-a56a-381f19bffe61 - "wifi router"
2026-02-21 06:31:22 [debug]: [PcExpressScraper] Calling API: https://pcx.com.ph/search/suggest.json?q=wifi%20router&resources[type]=product&resources[limit]=10
2026-02-21 06:31:22 [debug]: [PcWorxScraper] Calling API: https://pcworx.ph/search/suggest.json?q=wifi%20router&resources[type]=product&resources[limit]=10
2026-02-21 06:31:22 [debug]: [VillmanScraper] Calling API: https://shop.villman.com/search/suggest.json?q=wifi%20router&resources[type]=product&resources[limit]=10
2026-02-21 06:31:23 [info]: [VillmanScraper] API found 5 product URLs
2026-02-21 06:31:23 [info]: [PcExpressScraper] API found 5 product URLs
2026-02-21 06:31:23 [info]: [PcWorxScraper] API found 5 product URLs
2026-02-21 06:31:24 [debug]: [VillmanScraper] Scraping JSON: https://shop.villman.com/products/tp-link-re215-ac750-wi-fi-range-extender-copy.json
2026-02-21 06:31:24 [debug]: [VillmanScraper] Scraping JSON: https://shop.villman.com/products/asus-rt-ax1800hp-ax1800-dual-band-wifi-6-router.json
2026-02-21 06:31:24 [debug]: [PcWorxScraper] Scraping JSON: https://pcworx.ph/products/tp-link-archer-c54-ac1200-dual-band-wi-fi-router.json
2026-02-21 06:31:24 [debug]: [PcWorxScraper] Scraping JSON: https://pcworx.ph/products/tp-link-archer-ax55-ax3000-dual-band-gigabit-wifi-6-router.json
2026-02-21 06:31:24 [debug]: [PcExpressScraper] Scraping JSON: https://pcx.com.ph/products/asus-rt-be58u-wifi-7-be3600-wireless-router.json
2026-02-21 06:31:24 [debug]: [PcExpressScraper] Scraping JSON: https://pcx.com.ph/products/asus-rt-ax1800hp-ax1800-dual-band-wifi-6-router.json
2026-02-21 06:31:24 [debug]: [VillmanScraper] JSON success: TP-Link Archer C64 AC1200 Wireless MU-MIMO WiFi Router
2026-02-21 06:31:24 [debug]: [VillmanScraper] JSON success: Asus RT-AX1800HP AX1800 DUAL BAND Wifi 6 Router
2026-02-21 06:31:24 [debug]: [PcWorxScraper] JSON success: TP-Link Archer C54 AC1200 Dual-Band Wi-Fi Router
2026-02-21 06:31:24 [debug]: [PcWorxScraper] JSON success: TP-LINK Archer AX55 AX3000 Dual Band Gigabit Wifi 6 Router
2026-02-21 06:31:24 [debug]: [PcExpressScraper] JSON success: ASUS RT-AX1800HP AX1800 Dual Band WIFI 6 Router
2026-02-21 06:31:24 [debug]: [PcExpressScraper] JSON success: ASUS RT-BE58U WIFI-7 BE3600 Wireless Router
2026-02-21 06:31:27 [debug]: [VillmanScraper] Scraping JSON: https://shop.villman.com/products/asus-rt-ax1800hp-router.json
2026-02-21 06:31:27 [debug]: [VillmanScraper] Scraping JSON: https://shop.villman.com/products/asus-rt-ax53u-ax1800-router.json
2026-02-21 06:31:27 [debug]: [PcWorxScraper] Scraping JSON: https://pcworx.ph/products/d-link-dir-x3000z-wi-fi-6-ax3000-mesh-wireless-gigabit-router.json
2026-02-21 06:31:27 [debug]: [PcWorxScraper] Scraping JSON: https://pcworx.ph/products/tp-link-archer-c64-ac1200-wireless-mu-mimo-wifi-router.json
2026-02-21 06:31:27 [debug]: [VillmanScraper] JSON success: Asus RT-AX1800HP Dual Band WiFi 6 Router
2026-02-21 06:31:27 [debug]: [VillmanScraper] JSON success: Asus RT-AX53U AX1800 Dual Band WiFi 6 Router
2026-02-21 06:31:28 [debug]: [PcWorxScraper] JSON success: D-Link DIR-X3000Z Wi-Fi 6 AX3000 Mesh Wireless Gigabit Router
2026-02-21 06:31:28 [debug]: [PcWorxScraper] JSON success: TP-LINK Archer C64 AC1200 Wireless MU-MIMO WiFi Router
2026-02-21 06:31:28 [debug]: [PcExpressScraper] Scraping JSON: https://pcx.com.ph/products/asus-rt-be50-dual-band-wifi-7-wireless-router.json
2026-02-21 06:31:28 [debug]: [PcExpressScraper] Scraping JSON: https://pcx.com.ph/products/tp-link-archer-c64-ac1200-wireless-mu-mimo-wifi-router.json
2026-02-21 06:31:28 [debug]: [PcExpressScraper] JSON success: ASUS RT-BE50 Dual Band Wifi 7 Wireless Router
2026-02-21 06:31:29 [debug]: [PcExpressScraper] JSON success: TP-LINK Archer C64 AC1200 Wireless Mu-Mimo Wifi Router
2026-02-21 06:31:30 [debug]: [VillmanScraper] Scraping JSON: https://shop.villman.com/products/asus-zenwifi-xd4s-ax1800-wifi-6-mesh-router-2-pack-black.json
2026-02-21 06:31:30 [debug]: [VillmanScraper] JSON success: Asus ZenWiFi XD4S AX1800 WIFI 6 Mesh Router 2 Pack (Black)
2026-02-21 06:31:31 [debug]: [PcWorxScraper] Scraping JSON: https://pcworx.ph/products/asus-rt-ax53u-ax1800-dual-band-wifi-6-802-11ax-router.json
2026-02-21 06:31:31 [debug]: [PcExpressScraper] Scraping JSON: https://pcx.com.ph/products/asus-tuf-gaming-be6500-dual-band-wifi-7-gaming-router.json
2026-02-21 06:31:32 [debug]: [PcWorxScraper] JSON success: ASUS RT-AX53U AX1800 Dual Band WiFi 6 (802.11ax) Router
2026-02-21 06:31:32 [debug]: [PcExpressScraper] JSON success: ASUS TUF Gaming BE6500 Dual Band WiFi 7 Gaming Router
2026-02-21 06:31:35 [info]: [SearchService] Raw products scraped: 15
2026-02-21 06:31:35 [info]: [SearchService] Relevance filter: 15/15 products kept
2026-02-21 06:31:39 [info]: [SearchService] Saved 15 products for search #34abb786-b0aa-4cc8-a56a-381f19bffe61
2026-02-21 06:31:39 [debug]: → GET /api/search
2026-02-21 06:31:39 [info]: [SearchService] Search #4d562981-de55-4d08-9901-342e870ba29a - "wifi router"
2026-02-21 06:31:40 [debug]: [PcExpressScraper] Calling API: https://pcx.com.ph/search/suggest.json?q=wifi%20router&resources[type]=product&resources[limit]=10
2026-02-21 06:31:40 [debug]: [PcWorxScraper] Calling API: https://pcworx.ph/search/suggest.json?q=wifi%20router&resources[type]=product&resources[limit]=10
2026-02-21 06:31:40 [debug]: [VillmanScraper] Calling API: https://shop.villman.com/search/suggest.json?q=wifi%20router&resources[type]=product&resources[limit]=10
2026-02-21 06:31:40 [info]: [VillmanScraper] API found 5 product URLs
2026-02-21 06:31:40 [info]: [PcExpressScraper] API found 5 product URLs
2026-02-21 06:31:40 [info]: [PcWorxScraper] API found 5 product URLs
2026-02-21 06:31:41 [debug]: [PcExpressScraper] Scraping JSON: https://pcx.com.ph/products/asus-rt-ax1800hp-ax1800-dual-band-wifi-6-router.json
2026-02-21 06:31:41 [debug]: [VillmanScraper] Scraping JSON: https://shop.villman.com/products/tp-link-re215-ac750-wi-fi-range-extender-copy.json
2026-02-21 06:31:41 [debug]: [PcExpressScraper] Scraping JSON: https://pcx.com.ph/products/asus-rt-be58u-wifi-7-be3600-wireless-router.json
2026-02-21 06:31:42 [debug]: [VillmanScraper] Scraping JSON: https://shop.villman.com/products/asus-rt-ax1800hp-ax1800-dual-band-wifi-6-router.json
2026-02-21 06:31:42 [debug]: [PcWorxScraper] Scraping JSON: https://pcworx.ph/products/tp-link-archer-c54-ac1200-dual-band-wi-fi-router.json
2026-02-21 06:31:42 [debug]: [PcWorxScraper] Scraping JSON: https://pcworx.ph/products/tp-link-archer-ax55-ax3000-dual-band-gigabit-wifi-6-router.json
2026-02-21 06:31:42 [debug]: [PcExpressScraper] JSON success: ASUS RT-AX1800HP AX1800 Dual Band WIFI 6 Router
2026-02-21 06:31:42 [debug]: [VillmanScraper] JSON success: TP-Link Archer C64 AC1200 Wireless MU-MIMO WiFi Router
2026-02-21 06:31:42 [debug]: [PcExpressScraper] JSON success: ASUS RT-BE58U WIFI-7 BE3600 Wireless Router
2026-02-21 06:31:42 [debug]: [VillmanScraper] JSON success: Asus RT-AX1800HP AX1800 DUAL BAND Wifi 6 Router
2026-02-21 06:31:42 [debug]: [PcWorxScraper] JSON success: TP-LINK Archer AX55 AX3000 Dual Band Gigabit Wifi 6 Router
2026-02-21 06:31:42 [debug]: [PcWorxScraper] JSON success: TP-Link Archer C54 AC1200 Dual-Band Wi-Fi Router
2026-02-21 06:31:44 [debug]: [PcWorxScraper] Scraping JSON: https://pcworx.ph/products/d-link-dir-x3000z-wi-fi-6-ax3000-mesh-wireless-gigabit-router.json
2026-02-21 06:31:44 [debug]: [PcExpressScraper] Scraping JSON: https://pcx.com.ph/products/tp-link-archer-c64-ac1200-wireless-mu-mimo-wifi-router.json
2026-02-21 06:31:44 [debug]: [PcExpressScraper] Scraping JSON: https://pcx.com.ph/products/asus-rt-be50-dual-band-wifi-7-wireless-router.json
2026-02-21 06:31:45 [debug]: [PcWorxScraper] Scraping JSON: https://pcworx.ph/products/tp-link-archer-c64-ac1200-wireless-mu-mimo-wifi-router.json
2026-02-21 06:31:45 [debug]: [PcWorxScraper] JSON success: D-Link DIR-X3000Z Wi-Fi 6 AX3000 Mesh Wireless Gigabit Router
2026-02-21 06:31:45 [debug]: [PcExpressScraper] JSON success: TP-LINK Archer C64 AC1200 Wireless Mu-Mimo Wifi Router
2026-02-21 06:31:45 [debug]: [PcExpressScraper] JSON success: ASUS RT-BE50 Dual Band Wifi 7 Wireless Router
2026-02-21 06:31:45 [debug]: [PcWorxScraper] JSON success: TP-LINK Archer C64 AC1200 Wireless MU-MIMO WiFi Router
2026-02-21 06:31:46 [debug]: [VillmanScraper] Scraping JSON: https://shop.villman.com/products/asus-rt-ax1800hp-router.json
2026-02-21 06:31:46 [debug]: [VillmanScraper] Scraping JSON: https://shop.villman.com/products/asus-rt-ax53u-ax1800-router.json
2026-02-21 06:31:46 [debug]: [VillmanScraper] JSON success: Asus RT-AX53U AX1800 Dual Band WiFi 6 Router
2026-02-21 06:31:46 [debug]: [VillmanScraper] JSON success: Asus RT-AX1800HP Dual Band WiFi 6 Router
2026-02-21 06:31:47 [debug]: [PcExpressScraper] Scraping JSON: https://pcx.com.ph/products/asus-tuf-gaming-be6500-dual-band-wifi-7-gaming-router.json
2026-02-21 06:31:47 [debug]: [PcWorxScraper] Scraping JSON: https://pcworx.ph/products/asus-rt-ax53u-ax1800-dual-band-wifi-6-802-11ax-router.json
2026-02-21 06:31:47 [debug]: [PcExpressScraper] JSON success: ASUS TUF Gaming BE6500 Dual Band WiFi 7 Gaming Router
2026-02-21 06:31:48 [debug]: [PcWorxScraper] JSON success: ASUS RT-AX53U AX1800 Dual Band WiFi 6 (802.11ax) Router
2026-02-21 06:31:49 [debug]: [VillmanScraper] Scraping JSON: https://shop.villman.com/products/asus-zenwifi-xd4s-ax1800-wifi-6-mesh-router-2-pack-black.json
2026-02-21 06:31:49 [debug]: [VillmanScraper] JSON success: Asus ZenWiFi XD4S AX1800 WIFI 6 Mesh Router 2 Pack (Black)
2026-02-21 06:31:53 [info]: [SearchService] Raw products scraped: 15
2026-02-21 06:31:53 [info]: [SearchService] Relevance filter: 15/15 products kept
2026-02-21 06:31:56 [info]: [SearchService] Saved 15 products for search #4d562981-de55-4d08-9901-342e870ba29a
2026-02-21 06:31:56 [debug]: → GET /api/search
2026-02-21 06:31:57 [info]: [SearchService] Search #f4f63d6e-26ac-4fca-a58a-b65cfe4042ae - "wifi router"
2026-02-21 06:31:57 [debug]: [PcWorxScraper] Calling API: https://pcworx.ph/search/suggest.json?q=wifi%20router&resources[type]=product&resources[limit]=10
2026-02-21 06:31:57 [debug]: [PcExpressScraper] Calling API: https://pcx.com.ph/search/suggest.json?q=wifi%20router&resources[type]=product&resources[limit]=10
2026-02-21 06:31:57 [debug]: [VillmanScraper] Calling API: https://shop.villman.com/search/suggest.json?q=wifi%20router&resources[type]=product&resources[limit]=10
2026-02-21 06:31:58 [info]: [PcExpressScraper] API found 5 product URLs
2026-02-21 06:31:58 [info]: [PcWorxScraper] API found 5 product URLs
2026-02-21 06:31:58 [info]: [VillmanScraper] API found 5 product URLs
2026-02-21 06:31:59 [debug]: [PcExpressScraper] Scraping JSON: https://pcx.com.ph/products/asus-rt-be58u-wifi-7-be3600-wireless-router.json
2026-02-21 06:31:59 [debug]: [VillmanScraper] Scraping JSON: https://shop.villman.com/products/asus-rt-ax1800hp-ax1800-dual-band-wifi-6-router.json
2026-02-21 06:31:59 [debug]: [VillmanScraper] Scraping JSON: https://shop.villman.com/products/tp-link-re215-ac750-wi-fi-range-extender-copy.json
2026-02-21 06:31:59 [debug]: [PcWorxScraper] Scraping JSON: https://pcworx.ph/products/tp-link-archer-c54-ac1200-dual-band-wi-fi-router.json
2026-02-21 06:31:59 [debug]: [PcExpressScraper] Scraping JSON: https://pcx.com.ph/products/asus-rt-ax1800hp-ax1800-dual-band-wifi-6-router.json
2026-02-21 06:31:59 [debug]: [PcWorxScraper] Scraping JSON: https://pcworx.ph/products/tp-link-archer-ax55-ax3000-dual-band-gigabit-wifi-6-router.json
2026-02-21 06:31:59 [debug]: [VillmanScraper] JSON success: TP-Link Archer C64 AC1200 Wireless MU-MIMO WiFi Router
2026-02-21 06:31:59 [debug]: [PcExpressScraper] JSON success: ASUS RT-BE58U WIFI-7 BE3600 Wireless Router
2026-02-21 06:31:59 [debug]: [VillmanScraper] JSON success: Asus RT-AX1800HP AX1800 DUAL BAND Wifi 6 Router
2026-02-21 06:31:59 [debug]: [PcWorxScraper] JSON success: TP-Link Archer C54 AC1200 Dual-Band Wi-Fi Router
2026-02-21 06:32:00 [debug]: [PcExpressScraper] JSON success: ASUS RT-AX1800HP AX1800 Dual Band WIFI 6 Router
2026-02-21 06:32:00 [debug]: [PcWorxScraper] JSON success: TP-LINK Archer AX55 AX3000 Dual Band Gigabit Wifi 6 Router
2026-02-21 06:32:02 [debug]: [PcWorxScraper] Scraping JSON: https://pcworx.ph/products/d-link-dir-x3000z-wi-fi-6-ax3000-mesh-wireless-gigabit-router.json
2026-02-21 06:32:03 [debug]: [PcWorxScraper] Scraping JSON: https://pcworx.ph/products/tp-link-archer-c64-ac1200-wireless-mu-mimo-wifi-router.json
2026-02-21 06:32:03 [debug]: [PcWorxScraper] JSON success: TP-LINK Archer C64 AC1200 Wireless MU-MIMO WiFi Router
2026-02-21 06:32:03 [debug]: [PcWorxScraper] JSON success: D-Link DIR-X3000Z Wi-Fi 6 AX3000 Mesh Wireless Gigabit Router
2026-02-21 06:32:04 [debug]: [PcExpressScraper] Scraping JSON: https://pcx.com.ph/products/asus-rt-be50-dual-band-wifi-7-wireless-router.json
2026-02-21 06:32:04 [debug]: [PcExpressScraper] Scraping JSON: https://pcx.com.ph/products/tp-link-archer-c64-ac1200-wireless-mu-mimo-wifi-router.json
2026-02-21 06:32:04 [debug]: [VillmanScraper] Scraping JSON: https://shop.villman.com/products/asus-rt-ax53u-ax1800-router.json
2026-02-21 06:32:04 [debug]: [VillmanScraper] Scraping JSON: https://shop.villman.com/products/asus-rt-ax1800hp-router.json
2026-02-21 06:32:04 [debug]: [PcExpressScraper] JSON success: TP-LINK Archer C64 AC1200 Wireless Mu-Mimo Wifi Router
2026-02-21 06:32:04 [debug]: [PcExpressScraper] JSON success: ASUS RT-BE50 Dual Band Wifi 7 Wireless Router
2026-02-21 06:32:04 [debug]: [VillmanScraper] JSON success: Asus RT-AX53U AX1800 Dual Band WiFi 6 Router
2026-02-21 06:32:04 [debug]: [VillmanScraper] JSON success: Asus RT-AX1800HP Dual Band WiFi 6 Router
2026-02-21 06:32:06 [debug]: [PcWorxScraper] Scraping JSON: https://pcworx.ph/products/asus-rt-ax53u-ax1800-dual-band-wifi-6-802-11ax-router.json
2026-02-21 06:32:06 [debug]: [PcWorxScraper] JSON success: ASUS RT-AX53U AX1800 Dual Band WiFi 6 (802.11ax) Router
2026-02-21 06:32:06 [debug]: → GET /api/search
2026-02-21 06:32:07 [debug]: [VillmanScraper] Scraping JSON: https://shop.villman.com/products/asus-zenwifi-xd4s-ax1800-wifi-6-mesh-router-2-pack-black.json
2026-02-21 06:32:07 [info]: [SearchService] Search #b7dc5db2-5ec6-482d-bf2c-b26bd4b7b3a5 - "wifi router"
2026-02-21 06:32:07 [debug]: [VillmanScraper] JSON success: Asus ZenWiFi XD4S AX1800 WIFI 6 Mesh Router 2 Pack (Black)
2026-02-21 06:32:07 [debug]: [PcExpressScraper] Calling API: https://pcx.com.ph/search/suggest.json?q=wifi%20router&resources[type]=product&resources[limit]=10
2026-02-21 06:32:07 [debug]: [VillmanScraper] Calling API: https://shop.villman.com/search/suggest.json?q=wifi%20router&resources[type]=product&resources[limit]=10
2026-02-21 06:32:07 [debug]: [PcWorxScraper] Calling API: https://pcworx.ph/search/suggest.json?q=wifi%20router&resources[type]=product&resources[limit]=10
2026-02-21 06:32:08 [debug]: [PcExpressScraper] Scraping JSON: https://pcx.com.ph/products/asus-tuf-gaming-be6500-dual-band-wifi-7-gaming-router.json
2026-02-21 06:32:08 [info]: [VillmanScraper] API found 5 product URLs
2026-02-21 06:32:08 [info]: [PcExpressScraper] API found 5 product URLs
2026-02-21 06:32:08 [info]: [PcWorxScraper] API found 5 product URLs
2026-02-21 06:32:08 [debug]: [PcExpressScraper] JSON success: ASUS TUF Gaming BE6500 Dual Band WiFi 7 Gaming Router
2026-02-21 06:32:08 [debug]: [VillmanScraper] Scraping JSON: https://shop.villman.com/products/asus-rt-ax1800hp-ax1800-dual-band-wifi-6-router.json
2026-02-21 06:32:08 [debug]: [VillmanScraper] Scraping JSON: https://shop.villman.com/products/tp-link-re215-ac750-wi-fi-range-extender-copy.json
2026-02-21 06:32:09 [debug]: [PcExpressScraper] Scraping JSON: https://pcx.com.ph/products/asus-rt-ax1800hp-ax1800-dual-band-wifi-6-router.json
2026-02-21 06:32:09 [debug]: [PcExpressScraper] Scraping JSON: https://pcx.com.ph/products/asus-rt-be58u-wifi-7-be3600-wireless-router.json
2026-02-21 06:32:09 [debug]: [PcExpressScraper] JSON success: ASUS RT-AX1800HP AX1800 Dual Band WIFI 6 Router
2026-02-21 06:32:09 [debug]: [VillmanScraper] JSON success: Asus RT-AX1800HP AX1800 DUAL BAND Wifi 6 Router
2026-02-21 06:32:09 [debug]: [VillmanScraper] JSON success: TP-Link Archer C64 AC1200 Wireless MU-MIMO WiFi Router
2026-02-21 06:32:09 [debug]: [PcExpressScraper] JSON success: ASUS RT-BE58U WIFI-7 BE3600 Wireless Router
2026-02-21 06:32:09 [debug]: [PcWorxScraper] Scraping JSON: https://pcworx.ph/products/tp-link-archer-c54-ac1200-dual-band-wi-fi-router.json
2026-02-21 06:32:09 [debug]: [PcWorxScraper] Scraping JSON: https://pcworx.ph/products/tp-link-archer-ax55-ax3000-dual-band-gigabit-wifi-6-router.json
2026-02-21 06:32:10 [debug]: [PcWorxScraper] JSON success: TP-Link Archer C54 AC1200 Dual-Band Wi-Fi Router
2026-02-21 06:32:10 [debug]: [PcWorxScraper] JSON success: TP-LINK Archer AX55 AX3000 Dual Band Gigabit Wifi 6 Router
2026-02-21 06:32:11 [info]: [SearchService] Raw products scraped: 15
2026-02-21 06:32:11 [info]: [SearchService] Relevance filter: 15/15 products kept
2026-02-21 06:32:11 [debug]: [PcExpressScraper] Scraping JSON: https://pcx.com.ph/products/asus-rt-be50-dual-band-wifi-7-wireless-router.json
2026-02-21 06:32:12 [debug]: [PcExpressScraper] Scraping JSON: https://pcx.com.ph/products/tp-link-archer-c64-ac1200-wireless-mu-mimo-wifi-router.json
2026-02-21 06:32:12 [debug]: [PcExpressScraper] JSON success: ASUS RT-BE50 Dual Band Wifi 7 Wireless Router
2026-02-21 06:32:12 [debug]: [PcExpressScraper] JSON success: TP-LINK Archer C64 AC1200 Wireless Mu-Mimo Wifi Router
2026-02-21 06:32:13 [debug]: [PcWorxScraper] Scraping JSON: https://pcworx.ph/products/d-link-dir-x3000z-wi-fi-6-ax3000-mesh-wireless-gigabit-router.json
2026-02-21 06:32:13 [debug]: [PcWorxScraper] Scraping JSON: https://pcworx.ph/products/tp-link-archer-c64-ac1200-wireless-mu-mimo-wifi-router.json
2026-02-21 06:32:14 [debug]: [VillmanScraper] Scraping JSON: https://shop.villman.com/products/asus-rt-ax1800hp-router.json
2026-02-21 06:32:14 [debug]: [VillmanScraper] Scraping JSON: https://shop.villman.com/products/asus-rt-ax53u-ax1800-router.json
2026-02-21 06:32:14 [debug]: [PcWorxScraper] JSON success: TP-LINK Archer C64 AC1200 Wireless MU-MIMO WiFi Router
2026-02-21 06:32:14 [debug]: [PcWorxScraper] JSON success: D-Link DIR-X3000Z Wi-Fi 6 AX3000 Mesh Wireless Gigabit Router
2026-02-21 06:32:14 [debug]: [PcExpressScraper] Scraping JSON: https://pcx.com.ph/products/asus-tuf-gaming-be6500-dual-band-wifi-7-gaming-router.json
2026-02-21 06:32:14 [debug]: [VillmanScraper] JSON success: Asus RT-AX53U AX1800 Dual Band WiFi 6 Router
2026-02-21 06:32:14 [debug]: [VillmanScraper] JSON success: Asus RT-AX1800HP Dual Band WiFi 6 Router
2026-02-21 06:32:15 [debug]: [PcExpressScraper] JSON success: ASUS TUF Gaming BE6500 Dual Band WiFi 7 Gaming Router
2026-02-21 06:32:15 [info]: [SearchService] Saved 15 products for search #f4f63d6e-26ac-4fca-a58a-b65cfe4042ae
2026-02-21 06:32:16 [debug]: [VillmanScraper] Scraping JSON: https://shop.villman.com/products/asus-zenwifi-xd4s-ax1800-wifi-6-mesh-router-2-pack-black.json
2026-02-21 06:32:17 [debug]: [PcWorxScraper] Scraping JSON: https://pcworx.ph/products/asus-rt-ax53u-ax1800-dual-band-wifi-6-802-11ax-router.json
2026-02-21 06:32:17 [debug]: [VillmanScraper] JSON success: Asus ZenWiFi XD4S AX1800 WIFI 6 Mesh Router 2 Pack (Black)
2026-02-21 06:32:17 [debug]: [PcWorxScraper] JSON success: ASUS RT-AX53U AX1800 Dual Band WiFi 6 (802.11ax) Router
2026-02-21 06:32:20 [info]: [SearchService] Raw products scraped: 15
2026-02-21 06:32:20 [info]: [SearchService] Relevance filter: 15/15 products kept
2026-02-21 06:32:24 [info]: [SearchService] Saved 15 products for search #b7dc5db2-5ec6-482d-bf2c-b26bd4b7b3a5
2026-02-21 06:34:08 [debug]: → GET /api/products/pcexpress/f7b8b862-3767-40c5-8107-77a6200f0ebb
2026-02-21 06:34:09 [debug]: → GET /api/products/pcexpress/f7b8b862-3767-40c5-8107-77a6200f0ebb
2026-02-21 06:34:23 [debug]: → GET /api/products/pcexpress/f7b8b862-3767-40c5-8107-77a6200f0ebb
2026-02-21 06:34:24 [debug]: → GET /api/products/pcexpress/f7b8b862-3767-40c5-8107-77a6200f0ebb
2026-02-21 06:35:57 [debug]: → GET /api/search
2026-02-21 06:35:57 [info]: [SearchService] Search #df1ec579-37d8-404c-bdd9-f6e37ca9ed38 - "wifi router"
2026-02-21 06:35:58 [debug]: [PcExpressScraper] Calling API: https://pcx.com.ph/search/suggest.json?q=wifi%20router&resources[type]=product&resources[limit]=10
2026-02-21 06:35:58 [debug]: [PcWorxScraper] Calling API: https://pcworx.ph/search/suggest.json?q=wifi%20router&resources[type]=product&resources[limit]=10
2026-02-21 06:35:58 [debug]: [VillmanScraper] Calling API: https://shop.villman.com/search/suggest.json?q=wifi%20router&resources[type]=product&resources[limit]=10
2026-02-21 06:35:58 [info]: [VillmanScraper] API found 5 product URLs
2026-02-21 06:35:58 [info]: [PcExpressScraper] API found 5 product URLs
2026-02-21 06:35:58 [info]: [PcWorxScraper] API found 5 product URLs
2026-02-21 06:35:59 [debug]: [VillmanScraper] Scraping JSON: https://shop.villman.com/products/tp-link-re215-ac750-wi-fi-range-extender-copy.json
2026-02-21 06:35:59 [debug]: [VillmanScraper] Scraping JSON: https://shop.villman.com/products/asus-rt-ax1800hp-ax1800-dual-band-wifi-6-router.json
2026-02-21 06:35:59 [debug]: [PcExpressScraper] Scraping JSON: https://pcx.com.ph/products/asus-rt-be58u-wifi-7-be3600-wireless-router.json
2026-02-21 06:35:59 [debug]: [PcExpressScraper] Scraping JSON: https://pcx.com.ph/products/asus-rt-ax1800hp-ax1800-dual-band-wifi-6-router.json
2026-02-21 06:35:59 [debug]: [PcWorxScraper] Scraping JSON: https://pcworx.ph/products/tp-link-archer-c54-ac1200-dual-band-wi-fi-router.json
2026-02-21 06:35:59 [debug]: [PcWorxScraper] Scraping JSON: https://pcworx.ph/products/tp-link-archer-ax55-ax3000-dual-band-gigabit-wifi-6-router.json
2026-02-21 06:35:59 [debug]: [VillmanScraper] JSON success: Asus RT-AX1800HP AX1800 DUAL BAND Wifi 6 Router
2026-02-21 06:36:00 [debug]: [VillmanScraper] JSON success: TP-Link Archer C64 AC1200 Wireless MU-MIMO WiFi Router
2026-02-21 06:36:00 [debug]: [PcExpressScraper] JSON success: ASUS RT-BE58U WIFI-7 BE3600 Wireless Router
2026-02-21 06:36:00 [debug]: [PcExpressScraper] JSON success: ASUS RT-AX1800HP AX1800 Dual Band WIFI 6 Router
2026-02-21 06:36:00 [debug]: [PcWorxScraper] JSON success: TP-Link Archer C54 AC1200 Dual-Band Wi-Fi Router
2026-02-21 06:36:00 [debug]: [PcWorxScraper] JSON success: TP-LINK Archer AX55 AX3000 Dual Band Gigabit Wifi 6 Router
2026-02-21 06:36:03 [debug]: [PcWorxScraper] Scraping JSON: https://pcworx.ph/products/tp-link-archer-c64-ac1200-wireless-mu-mimo-wifi-router.json
2026-02-21 06:36:03 [debug]: [PcWorxScraper] Scraping JSON: https://pcworx.ph/products/d-link-dir-x3000z-wi-fi-6-ax3000-mesh-wireless-gigabit-router.json
2026-02-21 06:36:03 [debug]: [PcWorxScraper] JSON success: D-Link DIR-X3000Z Wi-Fi 6 AX3000 Mesh Wireless Gigabit Router
2026-02-21 06:36:03 [debug]: [PcExpressScraper] Scraping JSON: https://pcx.com.ph/products/asus-rt-be50-dual-band-wifi-7-wireless-router.json
2026-02-21 06:36:03 [debug]: [PcWorxScraper] JSON success: TP-LINK Archer C64 AC1200 Wireless MU-MIMO WiFi Router
2026-02-21 06:36:03 [debug]: [PcExpressScraper] Scraping JSON: https://pcx.com.ph/products/tp-link-archer-c64-ac1200-wireless-mu-mimo-wifi-router.json
2026-02-21 06:36:04 [debug]: [PcExpressScraper] JSON success: ASUS RT-BE50 Dual Band Wifi 7 Wireless Router
2026-02-21 06:36:04 [debug]: [PcExpressScraper] JSON success: TP-LINK Archer C64 AC1200 Wireless Mu-Mimo Wifi Router
2026-02-21 06:36:04 [debug]: [VillmanScraper] Scraping JSON: https://shop.villman.com/products/asus-rt-ax1800hp-router.json
2026-02-21 06:36:04 [debug]: [VillmanScraper] Scraping JSON: https://shop.villman.com/products/asus-rt-ax53u-ax1800-router.json
2026-02-21 06:36:04 [debug]: [VillmanScraper] JSON success: Asus RT-AX1800HP Dual Band WiFi 6 Router
2026-02-21 06:36:04 [debug]: [VillmanScraper] JSON success: Asus RT-AX53U AX1800 Dual Band WiFi 6 Router
2026-02-21 06:36:06 [debug]: [PcWorxScraper] Scraping JSON: https://pcworx.ph/products/asus-rt-ax53u-ax1800-dual-band-wifi-6-802-11ax-router.json
2026-02-21 06:36:06 [debug]: [PcExpressScraper] Scraping JSON: https://pcx.com.ph/products/asus-tuf-gaming-be6500-dual-band-wifi-7-gaming-router.json
2026-02-21 06:36:06 [debug]: [PcWorxScraper] JSON success: ASUS RT-AX53U AX1800 Dual Band WiFi 6 (802.11ax) Router
2026-02-21 06:36:07 [debug]: [PcExpressScraper] JSON success: ASUS TUF Gaming BE6500 Dual Band WiFi 7 Gaming Router
2026-02-21 06:36:08 [debug]: [VillmanScraper] Scraping JSON: https://shop.villman.com/products/asus-zenwifi-xd4s-ax1800-wifi-6-mesh-router-2-pack-black.json
2026-02-21 06:36:09 [debug]: [VillmanScraper] JSON success: Asus ZenWiFi XD4S AX1800 WIFI 6 Mesh Router 2 Pack (Black)
2026-02-21 06:36:12 [info]: [SearchService] Raw products scraped: 15
2026-02-21 06:36:12 [info]: [SearchService] Relevance filter: 15/15 products kept
2026-02-21 06:36:15 [info]: [SearchService] Saved 15 products for search #df1ec579-37d8-404c-bdd9-f6e37ca9ed38
2026-02-21 06:36:15 [debug]: → GET /api/search
2026-02-21 06:36:15 [info]: [SearchService] Search #007731d0-5e4f-4807-b681-6e5cc0a13033 - "wifi router"
2026-02-21 06:36:16 [debug]: [PcExpressScraper] Calling API: https://pcx.com.ph/search/suggest.json?q=wifi%20router&resources[type]=product&resources[limit]=10
2026-02-21 06:36:16 [debug]: [PcWorxScraper] Calling API: https://pcworx.ph/search/suggest.json?q=wifi%20router&resources[type]=product&resources[limit]=10
2026-02-21 06:36:16 [debug]: [VillmanScraper] Calling API: https://shop.villman.com/search/suggest.json?q=wifi%20router&resources[type]=product&resources[limit]=10
2026-02-21 06:36:16 [info]: [VillmanScraper] API found 5 product URLs
2026-02-21 06:36:16 [info]: [PcExpressScraper] API found 5 product URLs
2026-02-21 06:36:16 [info]: [PcWorxScraper] API found 5 product URLs
2026-02-21 06:36:17 [debug]: [VillmanScraper] Scraping JSON: https://shop.villman.com/products/asus-rt-ax1800hp-ax1800-dual-band-wifi-6-router.json
2026-02-21 06:36:17 [debug]: [VillmanScraper] Scraping JSON: https://shop.villman.com/products/tp-link-re215-ac750-wi-fi-range-extender-copy.json
2026-02-21 06:36:17 [debug]: [PcWorxScraper] Scraping JSON: https://pcworx.ph/products/tp-link-archer-c54-ac1200-dual-band-wi-fi-router.json
2026-02-21 06:36:17 [debug]: [PcWorxScraper] Scraping JSON: https://pcworx.ph/products/tp-link-archer-ax55-ax3000-dual-band-gigabit-wifi-6-router.json
2026-02-21 06:36:17 [debug]: [PcExpressScraper] Scraping JSON: https://pcx.com.ph/products/asus-rt-be58u-wifi-7-be3600-wireless-router.json
2026-02-21 06:36:17 [debug]: [PcExpressScraper] Scraping JSON: https://pcx.com.ph/products/asus-rt-ax1800hp-ax1800-dual-band-wifi-6-router.json
2026-02-21 06:36:17 [debug]: [VillmanScraper] JSON success: TP-Link Archer C64 AC1200 Wireless MU-MIMO WiFi Router
2026-02-21 06:36:18 [debug]: [VillmanScraper] JSON success: Asus RT-AX1800HP AX1800 DUAL BAND Wifi 6 Router
2026-02-21 06:36:18 [debug]: [PcWorxScraper] JSON success: TP-LINK Archer AX55 AX3000 Dual Band Gigabit Wifi 6 Router
2026-02-21 06:36:18 [debug]: [PcWorxScraper] JSON success: TP-Link Archer C54 AC1200 Dual-Band Wi-Fi Router
2026-02-21 06:36:18 [debug]: [PcExpressScraper] JSON success: ASUS RT-BE58U WIFI-7 BE3600 Wireless Router
2026-02-21 06:36:18 [debug]: [PcExpressScraper] JSON success: ASUS RT-AX1800HP AX1800 Dual Band WIFI 6 Router
2026-02-21 06:36:21 [debug]: [PcWorxScraper] Scraping JSON: https://pcworx.ph/products/d-link-dir-x3000z-wi-fi-6-ax3000-mesh-wireless-gigabit-router.json
2026-02-21 06:36:21 [debug]: [PcWorxScraper] Scraping JSON: https://pcworx.ph/products/tp-link-archer-c64-ac1200-wireless-mu-mimo-wifi-router.json
2026-02-21 06:36:21 [debug]: [VillmanScraper] Scraping JSON: https://shop.villman.com/products/asus-rt-ax1800hp-router.json
2026-02-21 06:36:21 [debug]: [VillmanScraper] Scraping JSON: https://shop.villman.com/products/asus-rt-ax53u-ax1800-router.json
2026-02-21 06:36:22 [debug]: [PcExpressScraper] Scraping JSON: https://pcx.com.ph/products/asus-rt-be50-dual-band-wifi-7-wireless-router.json
2026-02-21 06:36:22 [debug]: [PcExpressScraper] Scraping JSON: https://pcx.com.ph/products/tp-link-archer-c64-ac1200-wireless-mu-mimo-wifi-router.json
2026-02-21 06:36:22 [debug]: [PcWorxScraper] JSON success: D-Link DIR-X3000Z Wi-Fi 6 AX3000 Mesh Wireless Gigabit Router
2026-02-21 06:36:22 [debug]: [VillmanScraper] JSON success: Asus RT-AX53U AX1800 Dual Band WiFi 6 Router
2026-02-21 06:36:22 [debug]: [PcWorxScraper] JSON success: TP-LINK Archer C64 AC1200 Wireless MU-MIMO WiFi Router
2026-02-21 06:36:22 [debug]: [VillmanScraper] JSON success: Asus RT-AX1800HP Dual Band WiFi 6 Router
2026-02-21 06:36:22 [debug]: [PcExpressScraper] JSON success: ASUS RT-BE50 Dual Band Wifi 7 Wireless Router
2026-02-21 06:36:22 [debug]: [PcExpressScraper] JSON success: TP-LINK Archer C64 AC1200 Wireless Mu-Mimo Wifi Router
2026-02-21 06:36:25 [debug]: [PcWorxScraper] Scraping JSON: https://pcworx.ph/products/asus-rt-ax53u-ax1800-dual-band-wifi-6-802-11ax-router.json
2026-02-21 06:36:26 [debug]: [VillmanScraper] Scraping JSON: https://shop.villman.com/products/asus-zenwifi-xd4s-ax1800-wifi-6-mesh-router-2-pack-black.json
2026-02-21 06:36:26 [debug]: [PcWorxScraper] JSON success: ASUS RT-AX53U AX1800 Dual Band WiFi 6 (802.11ax) Router
2026-02-21 06:36:26 [debug]: [VillmanScraper] JSON success: Asus ZenWiFi XD4S AX1800 WIFI 6 Mesh Router 2 Pack (Black)
2026-02-21 06:36:26 [debug]: [PcExpressScraper] Scraping JSON: https://pcx.com.ph/products/asus-tuf-gaming-be6500-dual-band-wifi-7-gaming-router.json
2026-02-21 06:36:26 [debug]: [PcExpressScraper] JSON success: ASUS TUF Gaming BE6500 Dual Band WiFi 7 Gaming Router
2026-02-21 06:36:29 [info]: [SearchService] Raw products scraped: 15
2026-02-21 06:36:29 [info]: [SearchService] Relevance filter: 15/15 products kept
2026-02-21 06:36:33 [info]: [SearchService] Saved 15 products for search #007731d0-5e4f-4807-b681-6e5cc0a13033
2026-02-21 06:36:38 [debug]: → GET /api/search
2026-02-21 06:36:39 [info]: [SearchService] Search #378e0707-0894-4627-b62a-d4f4f045fe4c - "wifi router"
2026-02-21 06:36:39 [debug]: [PcExpressScraper] Calling API: https://pcx.com.ph/search/suggest.json?q=wifi%20router&resources[type]=product&resources[limit]=10
2026-02-21 06:36:39 [debug]: [VillmanScraper] Calling API: https://shop.villman.com/search/suggest.json?q=wifi%20router&resources[type]=product&resources[limit]=10
2026-02-21 06:36:39 [debug]: [PcWorxScraper] Calling API: https://pcworx.ph/search/suggest.json?q=wifi%20router&resources[type]=product&resources[limit]=10
2026-02-21 06:36:40 [info]: [PcExpressScraper] API found 5 product URLs
2026-02-21 06:36:40 [info]: [VillmanScraper] API found 5 product URLs
2026-02-21 06:36:40 [info]: [PcWorxScraper] API found 5 product URLs
2026-02-21 06:36:40 [debug]: [PcExpressScraper] Scraping JSON: https://pcx.com.ph/products/asus-rt-be58u-wifi-7-be3600-wireless-router.json
2026-02-21 06:36:40 [debug]: [PcExpressScraper] Scraping JSON: https://pcx.com.ph/products/asus-rt-ax1800hp-ax1800-dual-band-wifi-6-router.json
2026-02-21 06:36:40 [debug]: [VillmanScraper] Scraping JSON: https://shop.villman.com/products/tp-link-re215-ac750-wi-fi-range-extender-copy.json
2026-02-21 06:36:40 [debug]: [VillmanScraper] Scraping JSON: https://shop.villman.com/products/asus-rt-ax1800hp-ax1800-dual-band-wifi-6-router.json
2026-02-21 06:36:41 [debug]: [PcExpressScraper] JSON success: ASUS RT-BE58U WIFI-7 BE3600 Wireless Router
2026-02-21 06:36:41 [debug]: [PcExpressScraper] JSON success: ASUS RT-AX1800HP AX1800 Dual Band WIFI 6 Router
2026-02-21 06:36:41 [debug]: [PcWorxScraper] Scraping JSON: https://pcworx.ph/products/tp-link-archer-c54-ac1200-dual-band-wi-fi-router.json
2026-02-21 06:36:41 [debug]: [VillmanScraper] JSON success: TP-Link Archer C64 AC1200 Wireless MU-MIMO WiFi Router
2026-02-21 06:36:41 [debug]: [VillmanScraper] JSON success: Asus RT-AX1800HP AX1800 DUAL BAND Wifi 6 Router
2026-02-21 06:36:41 [debug]: [PcWorxScraper] Scraping JSON: https://pcworx.ph/products/tp-link-archer-ax55-ax3000-dual-band-gigabit-wifi-6-router.json
2026-02-21 06:36:41 [debug]: [PcWorxScraper] JSON success: TP-Link Archer C54 AC1200 Dual-Band Wi-Fi Router
2026-02-21 06:36:42 [debug]: [PcWorxScraper] JSON success: TP-LINK Archer AX55 AX3000 Dual Band Gigabit Wifi 6 Router
2026-02-21 06:36:43 [debug]: [PcExpressScraper] Scraping JSON: https://pcx.com.ph/products/asus-rt-be50-dual-band-wifi-7-wireless-router.json
2026-02-21 06:36:43 [debug]: [PcExpressScraper] Scraping JSON: https://pcx.com.ph/products/tp-link-archer-c64-ac1200-wireless-mu-mimo-wifi-router.json
2026-02-21 06:36:44 [debug]: [PcExpressScraper] JSON success: TP-LINK Archer C64 AC1200 Wireless Mu-Mimo Wifi Router
2026-02-21 06:36:44 [debug]: [PcExpressScraper] JSON success: ASUS RT-BE50 Dual Band Wifi 7 Wireless Router
2026-02-21 06:36:45 [debug]: [PcWorxScraper] Scraping JSON: https://pcworx.ph/products/d-link-dir-x3000z-wi-fi-6-ax3000-mesh-wireless-gigabit-router.json
2026-02-21 06:36:45 [debug]: [PcWorxScraper] Scraping JSON: https://pcworx.ph/products/tp-link-archer-c64-ac1200-wireless-mu-mimo-wifi-router.json
2026-02-21 06:36:45 [debug]: [PcWorxScraper] JSON success: D-Link DIR-X3000Z Wi-Fi 6 AX3000 Mesh Wireless Gigabit Router
2026-02-21 06:36:45 [debug]: [PcWorxScraper] JSON success: TP-LINK Archer C64 AC1200 Wireless MU-MIMO WiFi Router
2026-02-21 06:36:46 [debug]: [VillmanScraper] Scraping JSON: https://shop.villman.com/products/asus-rt-ax1800hp-router.json
2026-02-21 06:36:46 [debug]: [VillmanScraper] Scraping JSON: https://shop.villman.com/products/asus-rt-ax53u-ax1800-router.json
2026-02-21 06:36:46 [debug]: [VillmanScraper] JSON success: Asus RT-AX1800HP Dual Band WiFi 6 Router
2026-02-21 06:36:46 [debug]: [VillmanScraper] JSON success: Asus RT-AX53U AX1800 Dual Band WiFi 6 Router
2026-02-21 06:36:47 [debug]: [PcWorxScraper] Scraping JSON: https://pcworx.ph/products/asus-rt-ax53u-ax1800-dual-band-wifi-6-802-11ax-router.json
2026-02-21 06:36:47 [debug]: [PcWorxScraper] JSON success: ASUS RT-AX53U AX1800 Dual Band WiFi 6 (802.11ax) Router
2026-02-21 06:36:48 [debug]: [PcExpressScraper] Scraping JSON: https://pcx.com.ph/products/asus-tuf-gaming-be6500-dual-band-wifi-7-gaming-router.json
2026-02-21 06:36:48 [debug]: [PcExpressScraper] JSON success: ASUS TUF Gaming BE6500 Dual Band WiFi 7 Gaming Router
2026-02-21 06:36:50 [debug]: [VillmanScraper] Scraping JSON: https://shop.villman.com/products/asus-zenwifi-xd4s-ax1800-wifi-6-mesh-router-2-pack-black.json
2026-02-21 06:36:51 [debug]: [VillmanScraper] JSON success: Asus ZenWiFi XD4S AX1800 WIFI 6 Mesh Router 2 Pack (Black)
2026-02-21 06:36:52 [debug]: → GET /api/products/pcexpress/5f3b5087-d6c8-4e1c-a6fb-a1932aab140c
2026-02-21 06:36:52 [info]: [SearchService] Raw products scraped: 15
2026-02-21 06:36:52 [info]: [SearchService] Relevance filter: 15/15 products kept
2026-02-21 06:36:53 [debug]: → GET /api/products/pcexpress/5f3b5087-d6c8-4e1c-a6fb-a1932aab140c
2026-02-21 06:36:56 [info]: [SearchService] Saved 15 products for search #378e0707-0894-4627-b62a-d4f4f045fe4c
2026-02-21 06:37:09 [debug]: → GET /api/search
2026-02-21 06:37:10 [info]: [SearchService] Search #2546cff3-bc6d-4855-862c-0920b9503e09 - "wifi router"
2026-02-21 06:37:10 [debug]: [PcExpressScraper] Calling API: https://pcx.com.ph/search/suggest.json?q=wifi%20router&resources[type]=product&resources[limit]=10
2026-02-21 06:37:10 [debug]: [VillmanScraper] Calling API: https://shop.villman.com/search/suggest.json?q=wifi%20router&resources[type]=product&resources[limit]=10
2026-02-21 06:37:10 [debug]: [PcWorxScraper] Calling API: https://pcworx.ph/search/suggest.json?q=wifi%20router&resources[type]=product&resources[limit]=10
2026-02-21 06:37:11 [info]: [VillmanScraper] API found 5 product URLs
2026-02-21 06:37:11 [info]: [PcExpressScraper] API found 5 product URLs
2026-02-21 06:37:11 [info]: [PcWorxScraper] API found 5 product URLs
2026-02-21 06:37:11 [debug]: [VillmanScraper] Scraping JSON: https://shop.villman.com/products/tp-link-re215-ac750-wi-fi-range-extender-copy.json
2026-02-21 06:37:12 [debug]: [VillmanScraper] Scraping JSON: https://shop.villman.com/products/asus-rt-ax1800hp-ax1800-dual-band-wifi-6-router.json
2026-02-21 06:37:12 [debug]: [PcExpressScraper] Scraping JSON: https://pcx.com.ph/products/asus-rt-ax1800hp-ax1800-dual-band-wifi-6-router.json
2026-02-21 06:37:12 [debug]: [PcExpressScraper] Scraping JSON: https://pcx.com.ph/products/asus-rt-be58u-wifi-7-be3600-wireless-router.json
2026-02-21 06:37:12 [debug]: [VillmanScraper] JSON success: TP-Link Archer C64 AC1200 Wireless MU-MIMO WiFi Router
2026-02-21 06:37:12 [debug]: [VillmanScraper] JSON success: Asus RT-AX1800HP AX1800 DUAL BAND Wifi 6 Router
2026-02-21 06:37:12 [debug]: [PcWorxScraper] Scraping JSON: https://pcworx.ph/products/tp-link-archer-c54-ac1200-dual-band-wi-fi-router.json
2026-02-21 06:37:12 [debug]: [PcExpressScraper] JSON success: ASUS RT-AX1800HP AX1800 Dual Band WIFI 6 Router
2026-02-21 06:37:12 [debug]: [PcExpressScraper] JSON success: ASUS RT-BE58U WIFI-7 BE3600 Wireless Router
2026-02-21 06:37:12 [debug]: [PcWorxScraper] Scraping JSON: https://pcworx.ph/products/tp-link-archer-ax55-ax3000-dual-band-gigabit-wifi-6-router.json
2026-02-21 06:37:13 [debug]: [PcWorxScraper] JSON success: TP-Link Archer C54 AC1200 Dual-Band Wi-Fi Router
2026-02-21 06:37:13 [debug]: [PcWorxScraper] JSON success: TP-LINK Archer AX55 AX3000 Dual Band Gigabit Wifi 6 Router
2026-02-21 06:37:14 [debug]: [PcExpressScraper] Scraping JSON: https://pcx.com.ph/products/asus-rt-be50-dual-band-wifi-7-wireless-router.json
2026-02-21 06:37:15 [debug]: [PcExpressScraper] Scraping JSON: https://pcx.com.ph/products/tp-link-archer-c64-ac1200-wireless-mu-mimo-wifi-router.json
2026-02-21 06:37:15 [debug]: [PcExpressScraper] JSON success: TP-LINK Archer C64 AC1200 Wireless Mu-Mimo Wifi Router
2026-02-21 06:37:15 [debug]: [PcExpressScraper] JSON success: ASUS RT-BE50 Dual Band Wifi 7 Wireless Router
2026-02-21 06:37:17 [debug]: [VillmanScraper] Scraping JSON: https://shop.villman.com/products/asus-rt-ax1800hp-router.json
2026-02-21 06:37:17 [debug]: [VillmanScraper] Scraping JSON: https://shop.villman.com/products/asus-rt-ax53u-ax1800-router.json
2026-02-21 06:37:17 [debug]: [VillmanScraper] JSON success: Asus RT-AX1800HP Dual Band WiFi 6 Router
2026-02-21 06:37:17 [debug]: [VillmanScraper] JSON success: Asus RT-AX53U AX1800 Dual Band WiFi 6 Router
2026-02-21 06:37:17 [debug]: [PcWorxScraper] Scraping JSON: https://pcworx.ph/products/d-link-dir-x3000z-wi-fi-6-ax3000-mesh-wireless-gigabit-router.json
2026-02-21 06:37:17 [debug]: [PcWorxScraper] Scraping JSON: https://pcworx.ph/products/tp-link-archer-c64-ac1200-wireless-mu-mimo-wifi-router.json
2026-02-21 06:37:18 [debug]: [PcWorxScraper] JSON success: D-Link DIR-X3000Z Wi-Fi 6 AX3000 Mesh Wireless Gigabit Router
2026-02-21 06:37:18 [debug]: [PcWorxScraper] JSON success: TP-LINK Archer C64 AC1200 Wireless MU-MIMO WiFi Router
2026-02-21 06:37:19 [debug]: [PcExpressScraper] Scraping JSON: https://pcx.com.ph/products/asus-tuf-gaming-be6500-dual-band-wifi-7-gaming-router.json
2026-02-21 06:37:20 [debug]: [PcExpressScraper] JSON success: ASUS TUF Gaming BE6500 Dual Band WiFi 7 Gaming Router
2026-02-21 06:37:20 [debug]: [VillmanScraper] Scraping JSON: https://shop.villman.com/products/asus-zenwifi-xd4s-ax1800-wifi-6-mesh-router-2-pack-black.json
2026-02-21 06:37:20 [debug]: [VillmanScraper] JSON success: Asus ZenWiFi XD4S AX1800 WIFI 6 Mesh Router 2 Pack (Black)
2026-02-21 06:37:22 [debug]: [PcWorxScraper] Scraping JSON: https://pcworx.ph/products/asus-rt-ax53u-ax1800-dual-band-wifi-6-802-11ax-router.json
2026-02-21 06:37:22 [debug]: → GET /api/search
2026-02-21 06:37:22 [debug]: [PcWorxScraper] JSON success: ASUS RT-AX53U AX1800 Dual Band WiFi 6 (802.11ax) Router
2026-02-21 06:37:22 [info]: [SearchService] Search #7133f39d-aaaf-453d-b416-cd51d550b038 - "bread board"
2026-02-21 06:37:23 [debug]: [PcExpressScraper] Calling API: https://pcx.com.ph/search/suggest.json?q=bread%20board&resources[type]=product&resources[limit]=10
2026-02-21 06:37:23 [debug]: [PcWorxScraper] Calling API: https://pcworx.ph/search/suggest.json?q=bread%20board&resources[type]=product&resources[limit]=10
2026-02-21 06:37:23 [debug]: [VillmanScraper] Calling API: https://shop.villman.com/search/suggest.json?q=bread%20board&resources[type]=product&resources[limit]=10
2026-02-21 06:37:23 [info]: [PcWorxScraper] API found 0 product URLs
2026-02-21 06:37:23 [debug]: [PcWorxScraper] Fallback to search page: https://pcworx.ph/search?type=product&q=bread%20board
2026-02-21 06:37:23 [info]: [VillmanScraper] API found 0 product URLs
2026-02-21 06:37:23 [debug]: [VillmanScraper] Fallback to search page: https://shop.villman.com/search?type=product&q=bread%20board
2026-02-21 06:37:23 [info]: [PcExpressScraper] API found 0 product URLs
2026-02-21 06:37:23 [debug]: [PcExpressScraper] Fallback to search page: https://pcx.com.ph/search?type=product&q=bread%20board
2026-02-21 06:37:24 [info]: [SearchService] Raw products scraped: 15
2026-02-21 06:37:24 [info]: [SearchService] Relevance filter: 15/15 products kept
2026-02-21 06:37:29 [debug]: → GET /api/search
2026-02-21 06:37:33 [info]: [SearchService] Search #3eae6e1e-30a1-4dec-a7a9-be699d21d156 - "wifi router"
2026-02-21 06:37:34 [debug]: [PcWorxScraper] Calling API: https://pcworx.ph/search/suggest.json?q=wifi%20router&resources[type]=product&resources[limit]=10
2026-02-21 06:37:34 [debug]: [VillmanScraper] Calling API: https://shop.villman.com/search/suggest.json?q=wifi%20router&resources[type]=product&resources[limit]=10
2026-02-21 06:37:34 [debug]: [PcExpressScraper] Calling API: https://pcx.com.ph/search/suggest.json?q=wifi%20router&resources[type]=product&resources[limit]=10
2026-02-21 06:37:34 [info]: [SearchService] Saved 15 products for search #2546cff3-bc6d-4855-862c-0920b9503e09
2026-02-21 06:37:35 [info]: [VillmanScraper] API found 5 product URLs
2026-02-21 06:37:35 [info]: [PcExpressScraper] API found 5 product URLs
2026-02-21 06:37:35 [info]: [PcWorxScraper] API found 5 product URLs
2026-02-21 06:37:37 [debug]: [PcWorxScraper] Scraping JSON: https://pcworx.ph/products/tp-link-archer-ax55-ax3000-dual-band-gigabit-wifi-6-router.json
2026-02-21 06:37:37 [debug]: [PcWorxScraper] Scraping JSON: https://pcworx.ph/products/tp-link-archer-c54-ac1200-dual-band-wi-fi-router.json
2026-02-21 06:37:37 [debug]: [PcExpressScraper] Scraping JSON: https://pcx.com.ph/products/asus-rt-be58u-wifi-7-be3600-wireless-router.json
2026-02-21 06:37:38 [debug]: [VillmanScraper] Scraping JSON: https://shop.villman.com/products/tp-link-re215-ac750-wi-fi-range-extender-copy.json
2026-02-21 06:37:38 [debug]: [PcExpressScraper] Scraping JSON: https://pcx.com.ph/products/asus-rt-ax1800hp-ax1800-dual-band-wifi-6-router.json
2026-02-21 06:37:38 [debug]: [VillmanScraper] Scraping JSON: https://shop.villman.com/products/asus-rt-ax1800hp-ax1800-dual-band-wifi-6-router.json
2026-02-21 06:37:39 [debug]: [PcWorxScraper] JSON success: TP-LINK Archer AX55 AX3000 Dual Band Gigabit Wifi 6 Router
2026-02-21 06:37:39 [debug]: [PcExpressScraper] JSON success: ASUS RT-BE58U WIFI-7 BE3600 Wireless Router
2026-02-21 06:37:39 [debug]: [PcExpressScraper] JSON success: ASUS RT-AX1800HP AX1800 Dual Band WIFI 6 Router
2026-02-21 06:37:39 [debug]: [VillmanScraper] JSON success: TP-Link Archer C64 AC1200 Wireless MU-MIMO WiFi Router
2026-02-21 06:37:39 [debug]: [PcWorxScraper] JSON success: TP-Link Archer C54 AC1200 Dual-Band Wi-Fi Router
2026-02-21 06:37:39 [debug]: [VillmanScraper] JSON success: Asus RT-AX1800HP AX1800 DUAL BAND Wifi 6 Router
2026-02-21 06:37:40 [info]: [VillmanScraper] Fallback found 0 product URLs
2026-02-21 06:37:42 [debug]: → GET /api/products/pcexpress/f7b8b862-3767-40c5-8107-77a6200f0ebb
2026-02-21 06:37:42 [debug]: → GET /api/products/pcexpress/f7b8b862-3767-40c5-8107-77a6200f0ebb
2026-02-21 06:37:43 [debug]: [VillmanScraper] Scraping JSON: https://shop.villman.com/products/asus-rt-ax53u-ax1800-router.json
2026-02-21 06:37:43 [debug]: [VillmanScraper] Scraping JSON: https://shop.villman.com/products/asus-rt-ax1800hp-router.json
2026-02-21 06:37:43 [info]: [PcExpressScraper] Fallback found 10 product URLs
2026-02-21 06:37:43 [debug]: [VillmanScraper] JSON success: Asus RT-AX53U AX1800 Dual Band WiFi 6 Router
2026-02-21 06:37:44 [debug]: [VillmanScraper] JSON success: Asus RT-AX1800HP Dual Band WiFi 6 Router
2026-02-21 06:37:44 [debug]: [PcExpressScraper] Scraping JSON: https://pcx.com.ph/products/logitech-h390-usb-w-mic-headset.json
2026-02-21 06:37:44 [debug]: [PcExpressScraper] Scraping JSON: https://pcx.com.ph/products/acer-32-nitro-ed320qr-s3-curved-gaming-monitor.json
2026-02-21 06:37:44 [debug]: [PcWorxScraper] Scraping JSON: https://pcworx.ph/products/d-link-dir-x3000z-wi-fi-6-ax3000-mesh-wireless-gigabit-router.json
2026-02-21 06:37:44 [debug]: [PcWorxScraper] Scraping JSON: https://pcworx.ph/products/tp-link-archer-c64-ac1200-wireless-mu-mimo-wifi-router.json
2026-02-21 06:37:44 [info]: [PcWorxScraper] Fallback found 0 product URLs
2026-02-21 06:37:45 [debug]: [PcExpressScraper] Scraping JSON: https://pcx.com.ph/products/asus-rt-be50-dual-band-wifi-7-wireless-router.json
2026-02-21 06:37:45 [debug]: [PcExpressScraper] Scraping JSON: https://pcx.com.ph/products/tp-link-archer-c64-ac1200-wireless-mu-mimo-wifi-router.json
2026-02-21 06:37:46 [debug]: [PcExpressScraper] JSON success: LOGITECH H390 USB W/ Mic Headset
2026-02-21 06:37:46 [debug]: [PcWorxScraper] JSON success: D-Link DIR-X3000Z Wi-Fi 6 AX3000 Mesh Wireless Gigabit Router
2026-02-21 06:37:46 [debug]: [PcExpressScraper] JSON success: ACER 32" Nitro ED320QR S3 Curved Gaming Monitor
2026-02-21 06:37:46 [debug]: [PcExpressScraper] JSON success: ASUS RT-BE50 Dual Band Wifi 7 Wireless Router
2026-02-21 06:37:46 [debug]: [PcWorxScraper] JSON success: TP-LINK Archer C64 AC1200 Wireless MU-MIMO WiFi Router
2026-02-21 06:37:46 [debug]: [PcExpressScraper] JSON success: TP-LINK Archer C64 AC1200 Wireless Mu-Mimo Wifi Router
2026-02-21 06:37:48 [debug]: [PcExpressScraper] Scraping JSON: https://pcx.com.ph/products/asus-tuf-gaming-be6500-dual-band-wifi-7-gaming-router.json
2026-02-21 06:37:49 [debug]: [PcExpressScraper] Scraping JSON: https://pcx.com.ph/products/logitech-k120-b100-keyboard-and-mouse-combo.json
2026-02-21 06:37:49 [debug]: [PcExpressScraper] Scraping JSON: https://pcx.com.ph/collections/featured-products/products/gmktec-evo-x2-amd-radeon-8060-graphics-amd-ryzen-ai-max-395-mini-desktop.json
2026-02-21 06:37:49 [debug]: [PcExpressScraper] JSON success: ASUS TUF Gaming BE6500 Dual Band WiFi 7 Gaming Router
2026-02-21 06:37:49 [debug]: [PcWorxScraper] Scraping JSON: https://pcworx.ph/products/asus-rt-ax53u-ax1800-dual-band-wifi-6-802-11ax-router.json
2026-02-21 06:37:49 [debug]: [PcExpressScraper] JSON success: LOGITECH K120+B100 Keyboard and Mouse Combo
2026-02-21 06:37:49 [debug]: [PcExpressScraper] JSON success: GMKTEC EVO X2 AMD Radeon™  8060 Graphics AMD Ryzen™ Ai MAX +395 Mini Desktop
2026-02-21 06:37:49 [debug]: [VillmanScraper] Scraping JSON: https://shop.villman.com/products/asus-zenwifi-xd4s-ax1800-wifi-6-mesh-router-2-pack-black.json
2026-02-21 06:37:50 [debug]: [PcWorxScraper] JSON success: ASUS RT-AX53U AX1800 Dual Band WiFi 6 (802.11ax) Router
2026-02-21 06:37:50 [debug]: [VillmanScraper] JSON success: Asus ZenWiFi XD4S AX1800 WIFI 6 Mesh Router 2 Pack (Black)
2026-02-21 06:37:52 [debug]: [PcExpressScraper] Scraping JSON: https://pcx.com.ph/collections/featured-products/products/asus-rog-nuc-15-2025-geforce-rtx-5070-ti-rnuc15jnk9x38aa4-mini-desktop.json
2026-02-21 06:37:53 [debug]: [PcExpressScraper] JSON success: ASUS ROG NUC 15 2025 GeForce RTX™ 5070 Ti (RNUC15JNK9X38AA4) Mini Desktop
2026-02-21 06:37:54 [info]: [SearchService] Raw products scraped: 15
2026-02-21 06:37:54 [info]: [SearchService] Relevance filter: 15/15 products kept
2026-02-21 06:37:55 [info]: [SearchService] Raw products scraped: 5
2026-02-21 06:37:55 [info]: [SearchService] Relevance filter: 1/5 products kept
2026-02-21 06:37:56 [info]: [SearchService] Saved 1 products for search #7133f39d-aaaf-453d-b416-cd51d550b038
2026-02-21 06:37:56 [debug]: → GET /api/search
2026-02-21 06:37:57 [info]: [SearchService] Search #d5bd1d48-af75-41f8-9e8b-fee35e65bee1 - "bread board"
2026-02-21 06:37:57 [debug]: [PcExpressScraper] Calling API: https://pcx.com.ph/search/suggest.json?q=bread%20board&resources[type]=product&resources[limit]=10
2026-02-21 06:37:57 [debug]: [VillmanScraper] Calling API: https://shop.villman.com/search/suggest.json?q=bread%20board&resources[type]=product&resources[limit]=10
2026-02-21 06:37:57 [debug]: [PcWorxScraper] Calling API: https://pcworx.ph/search/suggest.json?q=bread%20board&resources[type]=product&resources[limit]=10
2026-02-21 06:37:58 [info]: [PcExpressScraper] API found 0 product URLs
2026-02-21 06:37:58 [debug]: [PcExpressScraper] Fallback to search page: https://pcx.com.ph/search?type=product&q=bread%20board
2026-02-21 06:37:58 [info]: [VillmanScraper] API found 0 product URLs
2026-02-21 06:37:58 [debug]: [VillmanScraper] Fallback to search page: https://shop.villman.com/search?type=product&q=bread%20board
2026-02-21 06:37:58 [info]: [PcWorxScraper] API found 0 product URLs
2026-02-21 06:37:58 [debug]: [PcWorxScraper] Fallback to search page: https://pcworx.ph/search?type=product&q=bread%20board
2026-02-21 06:38:00 [info]: [SearchService] Saved 15 products for search #3eae6e1e-30a1-4dec-a7a9-be699d21d156
2026-02-21 06:38:07 [debug]: → GET /api/search
2026-02-21 06:38:08 [info]: [SearchService] Search #e388c230-ea75-47ae-91c6-9af8179591ac - "bread board"
2026-02-21 06:38:09 [debug]: [PcExpressScraper] Calling API: https://pcx.com.ph/search/suggest.json?q=bread%20board&resources[type]=product&resources[limit]=10
2026-02-21 06:38:09 [debug]: [PcWorxScraper] Calling API: https://pcworx.ph/search/suggest.json?q=bread%20board&resources[type]=product&resources[limit]=10
2026-02-21 06:38:09 [debug]: [VillmanScraper] Calling API: https://shop.villman.com/search/suggest.json?q=bread%20board&resources[type]=product&resources[limit]=10
2026-02-21 06:38:09 [info]: [PcExpressScraper] API found 0 product URLs
2026-02-21 06:38:09 [debug]: [PcExpressScraper] Fallback to search page: https://pcx.com.ph/search?type=product&q=bread%20board
2026-02-21 06:38:10 [info]: [VillmanScraper] API found 0 product URLs
2026-02-21 06:38:10 [debug]: [VillmanScraper] Fallback to search page: https://shop.villman.com/search?type=product&q=bread%20board
2026-02-21 06:38:10 [info]: [PcWorxScraper] API found 0 product URLs
2026-02-21 06:38:10 [debug]: [PcWorxScraper] Fallback to search page: https://pcworx.ph/search?type=product&q=bread%20board
2026-02-21 06:38:12 [info]: [VillmanScraper] Fallback found 0 product URLs
2026-02-21 06:38:15 [info]: [PcExpressScraper] Fallback found 10 product URLs
2026-02-21 06:38:18 [debug]: [PcExpressScraper] Scraping JSON: https://pcx.com.ph/products/logitech-h390-usb-w-mic-headset.json
2026-02-21 06:38:18 [debug]: [PcExpressScraper] Scraping JSON: https://pcx.com.ph/products/acer-32-nitro-ed320qr-s3-curved-gaming-monitor.json
2026-02-21 06:38:18 [info]: [PcWorxScraper] Fallback found 0 product URLs
2026-02-21 06:38:19 [debug]: [PcExpressScraper] JSON success: LOGITECH H390 USB W/ Mic Headset
2026-02-21 06:38:19 [debug]: [PcExpressScraper] JSON success: ACER 32" Nitro ED320QR S3 Curved Gaming Monitor
2026-02-21 06:38:23 [info]: [VillmanScraper] Fallback found 0 product URLs
2026-02-21 06:38:24 [debug]: [PcExpressScraper] Scraping JSON: https://pcx.com.ph/products/logitech-k120-b100-keyboard-and-mouse-combo.json
2026-02-21 06:38:24 [debug]: [PcExpressScraper] Scraping JSON: https://pcx.com.ph/collections/featured-products/products/gmktec-evo-x2-amd-radeon-8060-graphics-amd-ryzen-ai-max-395-mini-desktop.json
2026-02-21 06:38:25 [debug]: [PcExpressScraper] JSON success: GMKTEC EVO X2 AMD Radeon™  8060 Graphics AMD Ryzen™ Ai MAX +395 Mini Desktop
2026-02-21 06:38:25 [debug]: [PcExpressScraper] JSON success: LOGITECH K120+B100 Keyboard and Mouse Combo
2026-02-21 06:38:27 [info]: [PcExpressScraper] Fallback found 10 product URLs
2026-02-21 06:38:28 [debug]: [PcExpressScraper] Scraping JSON: https://pcx.com.ph/products/logitech-h390-usb-w-mic-headset.json
2026-02-21 06:38:28 [debug]: [PcExpressScraper] Scraping JSON: https://pcx.com.ph/products/acer-32-nitro-ed320qr-s3-curved-gaming-monitor.json
2026-02-21 06:38:29 [debug]: [PcExpressScraper] Scraping JSON: https://pcx.com.ph/collections/featured-products/products/asus-rog-nuc-15-2025-geforce-rtx-5070-ti-rnuc15jnk9x38aa4-mini-desktop.json
2026-02-21 06:38:29 [debug]: [PcExpressScraper] JSON success: LOGITECH H390 USB W/ Mic Headset
2026-02-21 06:38:29 [debug]: [PcExpressScraper] JSON success: ACER 32" Nitro ED320QR S3 Curved Gaming Monitor
2026-02-21 06:38:29 [debug]: [PcExpressScraper] JSON success: ASUS ROG NUC 15 2025 GeForce RTX™ 5070 Ti (RNUC15JNK9X38AA4) Mini Desktop
2026-02-21 06:38:32 [info]: [SearchService] Raw products scraped: 5
2026-02-21 06:38:32 [info]: [SearchService] Relevance filter: 1/5 products kept
2026-02-21 06:38:32 [debug]: [PcExpressScraper] Scraping JSON: https://pcx.com.ph/products/logitech-k120-b100-keyboard-and-mouse-combo.json
2026-02-21 06:38:32 [debug]: [PcExpressScraper] Scraping JSON: https://pcx.com.ph/collections/featured-products/products/gmktec-evo-x2-amd-radeon-8060-graphics-amd-ryzen-ai-max-395-mini-desktop.json
2026-02-21 06:38:33 [info]: [SearchService] Saved 1 products for search #d5bd1d48-af75-41f8-9e8b-fee35e65bee1
2026-02-21 06:38:33 [debug]: [PcExpressScraper] JSON success: LOGITECH K120+B100 Keyboard and Mouse Combo
2026-02-21 06:38:33 [debug]: [PcExpressScraper] JSON success: GMKTEC EVO X2 AMD Radeon™  8060 Graphics AMD Ryzen™ Ai MAX +395 Mini Desktop
2026-02-21 06:38:35 [info]: [PcWorxScraper] Fallback found 0 product URLs
2026-02-21 06:38:35 [debug]: [PcExpressScraper] Scraping JSON: https://pcx.com.ph/collections/featured-products/products/asus-rog-nuc-15-2025-geforce-rtx-5070-ti-rnuc15jnk9x38aa4-mini-desktop.json
2026-02-21 06:38:36 [debug]: [PcExpressScraper] JSON success: ASUS ROG NUC 15 2025 GeForce RTX™ 5070 Ti (RNUC15JNK9X38AA4) Mini Desktop
2026-02-21 06:38:39 [info]: [SearchService] Raw products scraped: 5
2026-02-21 06:38:39 [info]: [SearchService] Relevance filter: 1/5 products kept
2026-02-21 06:38:40 [info]: [SearchService] Saved 1 products for search #e388c230-ea75-47ae-91c6-9af8179591ac
2026-02-21 06:38:46 [debug]: → GET /api/products/pcexpress/85a968bb-9934-4846-84b4-f7844ce2741c
2026-02-21 06:38:46 [debug]: → GET /api/products/pcexpress/85a968bb-9934-4846-84b4-f7844ce2741c
2026-02-21 06:38:52 [debug]: → GET /api/search
2026-02-21 06:38:52 [info]: [SearchService] Search #0f29a4ec-b67a-4cba-971c-aff5df32b257 - "bread board"
2026-02-21 06:38:53 [debug]: [PcExpressScraper] Calling API: https://pcx.com.ph/search/suggest.json?q=bread%20board&resources[type]=product&resources[limit]=10
2026-02-21 06:38:53 [debug]: [VillmanScraper] Calling API: https://shop.villman.com/search/suggest.json?q=bread%20board&resources[type]=product&resources[limit]=10
2026-02-21 06:38:53 [debug]: [PcWorxScraper] Calling API: https://pcworx.ph/search/suggest.json?q=bread%20board&resources[type]=product&resources[limit]=10
2026-02-21 06:38:53 [info]: [PcExpressScraper] API found 0 product URLs
2026-02-21 06:38:53 [debug]: [PcExpressScraper] Fallback to search page: https://pcx.com.ph/search?type=product&q=bread%20board
2026-02-21 06:38:53 [info]: [VillmanScraper] API found 0 product URLs
2026-02-21 06:38:53 [debug]: [VillmanScraper] Fallback to search page: https://shop.villman.com/search?type=product&q=bread%20board
2026-02-21 06:38:53 [info]: [PcWorxScraper] API found 0 product URLs
2026-02-21 06:38:53 [debug]: [PcWorxScraper] Fallback to search page: https://pcworx.ph/search?type=product&q=bread%20board
2026-02-21 06:39:01 [debug]: → GET /api/search
2026-02-21 06:39:02 [info]: [SearchService] Search #97c09aa3-f50f-4883-a092-6abe11952015 - "keyboard"
2026-02-21 06:39:02 [debug]: [PcExpressScraper] Calling API: https://pcx.com.ph/search/suggest.json?q=keyboard&resources[type]=product&resources[limit]=10
2026-02-21 06:39:03 [debug]: [VillmanScraper] Calling API: https://shop.villman.com/search/suggest.json?q=keyboard&resources[type]=product&resources[limit]=10
2026-02-21 06:39:04 [debug]: [PcWorxScraper] Calling API: https://pcworx.ph/search/suggest.json?q=keyboard&resources[type]=product&resources[limit]=10
2026-02-21 06:39:04 [info]: [VillmanScraper] API found 5 product URLs
2026-02-21 06:39:04 [info]: [PcExpressScraper] API found 5 product URLs
2026-02-21 06:39:04 [info]: [PcWorxScraper] API found 5 product URLs
2026-02-21 06:39:05 [debug]: [PcExpressScraper] Scraping JSON: https://pcx.com.ph/products/asus-tuf-gaming-k1-rgb-gaming-keyboard.json
2026-02-21 06:39:06 [debug]: [PcExpressScraper] Scraping JSON: https://pcx.com.ph/products/rapoo-nx1600-usb-keyboard-and-mouse-combo.json
2026-02-21 06:39:06 [debug]: [VillmanScraper] Scraping JSON: https://shop.villman.com/products/aula-ac101-usb-wired-keyboard-mouse-combo-copy.json
2026-02-21 06:39:06 [debug]: [VillmanScraper] Scraping JSON: https://shop.villman.com/products/aula-f2088-pro-wired-mechanical-gaming-keyboard-copy.json
2026-02-21 06:39:06 [debug]: [PcExpressScraper] JSON success: RAPOO NX1600 USB Keyboard and Mouse Combo
2026-02-21 06:39:06 [debug]: [PcExpressScraper] JSON success: ASUS TUF Gaming K1 RGB Gaming Keyboard
2026-02-21 06:39:07 [debug]: [VillmanScraper] JSON success: Aula AWK310 Bluetooth Keyboard
2026-02-21 06:39:07 [debug]: [VillmanScraper] JSON success: Aula F2058 Wired Mechanical Gaming Keyboard
2026-02-21 06:39:08 [debug]: [PcWorxScraper] Scraping JSON: https://pcworx.ph/products/redragon-k617-fizz-60-wired-rgb-gaming-keyboard-61-keys-compact-mechanical.json
2026-02-21 06:39:08 [debug]: [PcWorxScraper] Scraping JSON: https://pcworx.ph/products/razer-rz03-04460100-r3m1-ornata-v3-low-profile-gaming-keyboard.json
2026-02-21 06:39:08 [debug]: [PcWorxScraper] JSON success: Redragon K617 Fizz 60% Wired Rgb Gaming Keyboard 61 Keys Compact Mechanical
2026-02-21 06:39:08 [debug]: [PcWorxScraper] JSON success: Razer RZ03-04460100-R3M1 Ornata V3 Low Profile Gaming Keyboard
2026-02-21 06:39:11 [debug]: [VillmanScraper] Scraping JSON: https://shop.villman.com/products/alienware-advanced-gaming-keyboard-aw568.json
2026-02-21 06:39:11 [debug]: [VillmanScraper] Scraping JSON: https://shop.villman.com/products/aula-f75-mechanical-keyboard-copy.json
2026-02-21 06:39:11 [info]: [VillmanScraper] Fallback found 0 product URLs
2026-02-21 06:39:11 [info]: [PcWorxScraper] Fallback found 0 product URLs
2026-02-21 06:39:11 [debug]: [VillmanScraper] JSON success: Aula F87 Mechanical Keyboard
2026-02-21 06:39:11 [debug]: [VillmanScraper] JSON success: Alienware Advanced Gaming Keyboard – AW568
2026-02-21 06:39:12 [debug]: [PcExpressScraper] Scraping JSON: https://pcx.com.ph/products/logitech-g713-wired-tactile-gaming-keyboard.json
2026-02-21 06:39:12 [debug]: → GET /api/search
2026-02-21 06:39:12 [debug]: [PcWorxScraper] Scraping JSON: https://pcworx.ph/products/a4tech-kk-3-multimedia-fn-wired-keyboard-1.json
2026-02-21 06:39:12 [debug]: [PcWorxScraper] Scraping JSON: https://pcworx.ph/products/darkflash-gd108-mechanical-keyboard-brown-sugar-blue-milk-brown.json
2026-02-21 06:39:12 [debug]: [PcExpressScraper] Scraping JSON: https://pcx.com.ph/products/logitech-k650-signature-multi-device-wireless-keyboard-off-white.json
2026-02-21 06:39:12 [info]: [SearchService] Search #afda2543-9b83-46b6-abc3-df9790c0abe6 - "bread board"
2026-02-21 06:39:12 [debug]: [PcWorxScraper] JSON success: A4Tech KK-3 Multimedia FN Wired Keyboard
2026-02-21 06:39:12 [debug]: [PcExpressScraper] JSON success: LOGITECH G713 Wired (Tactile) Gaming Keyboard
2026-02-21 06:39:12 [debug]: [PcWorxScraper] JSON success: DarkFlash GD108 Mechanical Keyboard Brown Sugar / Milk & Brown/ Blue
2026-02-21 06:39:12 [debug]: [PcExpressScraper] JSON success: LOGITECH K650 SIGNATURE Multi-Device Wireless Keyboard (Off White)
2026-02-21 06:39:13 [debug]: [PcExpressScraper] Calling API: https://pcx.com.ph/search/suggest.json?q=bread%20board&resources[type]=product&resources[limit]=10
2026-02-21 06:39:13 [debug]: [PcWorxScraper] Calling API: https://pcworx.ph/search/suggest.json?q=bread%20board&resources[type]=product&resources[limit]=10
2026-02-21 06:39:13 [debug]: [VillmanScraper] Calling API: https://shop.villman.com/search/suggest.json?q=bread%20board&resources[type]=product&resources[limit]=10
2026-02-21 06:39:13 [info]: [PcExpressScraper] API found 0 product URLs
2026-02-21 06:39:13 [debug]: [PcExpressScraper] Fallback to search page: https://pcx.com.ph/search?type=product&q=bread%20board
2026-02-21 06:39:13 [info]: [PcWorxScraper] API found 0 product URLs
2026-02-21 06:39:13 [debug]: [PcWorxScraper] Fallback to search page: https://pcworx.ph/search?type=product&q=bread%20board
2026-02-21 06:39:13 [info]: [VillmanScraper] API found 0 product URLs
2026-02-21 06:39:13 [debug]: [VillmanScraper] Fallback to search page: https://shop.villman.com/search?type=product&q=bread%20board
2026-02-21 06:39:14 [info]: [PcExpressScraper] Fallback found 10 product URLs
2026-02-21 06:39:17 [debug]: [PcExpressScraper] Scraping JSON: https://pcx.com.ph/products/logitech-k120-b100-keyboard-and-mouse-combo.json
2026-02-21 06:39:18 [debug]: [PcExpressScraper] Scraping JSON: https://pcx.com.ph/products/acer-32-nitro-ed320qr-s3-curved-gaming-monitor.json
2026-02-21 06:39:18 [debug]: [PcExpressScraper] Scraping JSON: https://pcx.com.ph/products/logitech-h390-usb-w-mic-headset.json
2026-02-21 06:39:18 [debug]: [PcWorxScraper] Scraping JSON: https://pcworx.ph/products/redragon-k717-alcor-rgb-wireless-gaming-keyboard.json
2026-02-21 06:39:18 [debug]: [VillmanScraper] Scraping JSON: https://shop.villman.com/products/aula-f99-3-in-1-rgb-gaming-mechanical-hot-swappable-keyboard-copy.json
2026-02-21 06:39:19 [debug]: [PcExpressScraper] JSON success: LOGITECH K120+B100 Keyboard and Mouse Combo
2026-02-21 06:39:19 [debug]: [PcExpressScraper] JSON success: LOGITECH H390 USB W/ Mic Headset
2026-02-21 06:39:19 [debug]: [PcExpressScraper] JSON success: ACER 32" Nitro ED320QR S3 Curved Gaming Monitor
2026-02-21 06:39:19 [debug]: [PcWorxScraper] JSON success: Redragon K717 ALCOR RGB Wireless Gaming Keyboard
2026-02-21 06:39:19 [debug]: [VillmanScraper] JSON success: Aula F75 Mechanical Keyboard
2026-02-21 06:39:23 [debug]: [PcExpressScraper] Scraping JSON: https://pcx.com.ph/products/logitech-k120-b100-keyboard-and-mouse-combo.json
2026-02-21 06:39:23 [debug]: [PcExpressScraper] Scraping JSON: https://pcx.com.ph/collections/featured-products/products/gmktec-evo-x2-amd-radeon-8060-graphics-amd-ryzen-ai-max-395-mini-desktop.json
2026-02-21 06:39:23 [info]: [SearchService] Raw products scraped: 15
2026-02-21 06:39:23 [info]: [SearchService] Relevance filter: 15/15 products kept
2026-02-21 06:39:25 [debug]: [PcExpressScraper] JSON success: LOGITECH K120+B100 Keyboard and Mouse Combo
2026-02-21 06:39:25 [debug]: [PcExpressScraper] JSON success: GMKTEC EVO X2 AMD Radeon™  8060 Graphics AMD Ryzen™ Ai MAX +395 Mini Desktop
2026-02-21 06:39:27 [info]: [PcExpressScraper] Fallback found 10 product URLs
2026-02-21 06:39:27 [info]: [VillmanScraper] Fallback found 0 product URLs
2026-02-21 06:39:29 [debug]: [PcExpressScraper] Scraping JSON: https://pcx.com.ph/products/logitech-h390-usb-w-mic-headset.json
2026-02-21 06:39:29 [debug]: [PcExpressScraper] Scraping JSON: https://pcx.com.ph/products/acer-32-nitro-ed320qr-s3-curved-gaming-monitor.json
2026-02-21 06:39:29 [debug]: [PcExpressScraper] Scraping JSON: https://pcx.com.ph/collections/featured-products/products/asus-rog-nuc-15-2025-geforce-rtx-5070-ti-rnuc15jnk9x38aa4-mini-desktop.json
2026-02-21 06:39:30 [debug]: [PcExpressScraper] JSON success: LOGITECH H390 USB W/ Mic Headset
2026-02-21 06:39:30 [debug]: [PcExpressScraper] JSON success: ACER 32" Nitro ED320QR S3 Curved Gaming Monitor
2026-02-21 06:39:30 [debug]: [PcExpressScraper] JSON success: ASUS ROG NUC 15 2025 GeForce RTX™ 5070 Ti (RNUC15JNK9X38AA4) Mini Desktop
2026-02-21 06:39:30 [info]: [SearchService] Saved 15 products for search #97c09aa3-f50f-4883-a092-6abe11952015
2026-02-21 06:39:33 [debug]: [PcExpressScraper] Scraping JSON: https://pcx.com.ph/products/logitech-k120-b100-keyboard-and-mouse-combo.json
2026-02-21 06:39:33 [debug]: [PcExpressScraper] Scraping JSON: https://pcx.com.ph/collections/featured-products/products/gmktec-evo-x2-amd-radeon-8060-graphics-amd-ryzen-ai-max-395-mini-desktop.json
2026-02-21 06:39:33 [info]: [SearchService] Raw products scraped: 5
2026-02-21 06:39:33 [info]: [SearchService] Relevance filter: 1/5 products kept
2026-02-21 06:39:33 [debug]: [PcExpressScraper] JSON success: LOGITECH K120+B100 Keyboard and Mouse Combo
2026-02-21 06:39:33 [debug]: [PcExpressScraper] JSON success: GMKTEC EVO X2 AMD Radeon™  8060 Graphics AMD Ryzen™ Ai MAX +395 Mini Desktop
2026-02-21 06:39:34 [info]: [SearchService] Saved 1 products for search #0f29a4ec-b67a-4cba-971c-aff5df32b257
2026-02-21 06:39:36 [debug]: [PcExpressScraper] Scraping JSON: https://pcx.com.ph/collections/featured-products/products/asus-rog-nuc-15-2025-geforce-rtx-5070-ti-rnuc15jnk9x38aa4-mini-desktop.json
2026-02-21 06:39:36 [debug]: [PcExpressScraper] JSON success: ASUS ROG NUC 15 2025 GeForce RTX™ 5070 Ti (RNUC15JNK9X38AA4) Mini Desktop
2026-02-21 06:39:37 [info]: [PcWorxScraper] Fallback found 0 product URLs
2026-02-21 06:39:39 [info]: [SearchService] Raw products scraped: 5
2026-02-21 06:39:39 [info]: [SearchService] Relevance filter: 1/5 products kept
2026-02-21 06:39:40 [info]: [SearchService] Saved 1 products for search #afda2543-9b83-46b6-abc3-df9790c0abe6
2026-02-21 06:39:45 [debug]: → GET /api/search
2026-02-21 06:39:45 [info]: [SearchService] Search #b89ba7d0-293a-4f8e-9658-7dbb24fe4451 - "keyboard"
2026-02-21 06:39:46 [debug]: [VillmanScraper] Calling API: https://shop.villman.com/search/suggest.json?q=keyboard&resources[type]=product&resources[limit]=10
2026-02-21 06:39:46 [debug]: [PcWorxScraper] Calling API: https://pcworx.ph/search/suggest.json?q=keyboard&resources[type]=product&resources[limit]=10
2026-02-21 06:39:46 [debug]: [PcExpressScraper] Calling API: https://pcx.com.ph/search/suggest.json?q=keyboard&resources[type]=product&resources[limit]=10
2026-02-21 06:39:46 [info]: [PcWorxScraper] API found 5 product URLs
2026-02-21 06:39:46 [info]: [PcExpressScraper] API found 5 product URLs
2026-02-21 06:39:46 [info]: [VillmanScraper] API found 5 product URLs
2026-02-21 06:39:47 [debug]: [PcWorxScraper] Scraping JSON: https://pcworx.ph/products/razer-rz03-04460100-r3m1-ornata-v3-low-profile-gaming-keyboard.json
2026-02-21 06:39:47 [debug]: [PcWorxScraper] Scraping JSON: https://pcworx.ph/products/redragon-k617-fizz-60-wired-rgb-gaming-keyboard-61-keys-compact-mechanical.json
2026-02-21 06:39:47 [debug]: [PcExpressScraper] Scraping JSON: https://pcx.com.ph/products/asus-tuf-gaming-k1-rgb-gaming-keyboard.json
2026-02-21 06:39:47 [debug]: [PcExpressScraper] Scraping JSON: https://pcx.com.ph/products/rapoo-nx1600-usb-keyboard-and-mouse-combo.json
2026-02-21 06:39:47 [debug]: [VillmanScraper] Scraping JSON: https://shop.villman.com/products/aula-ac101-usb-wired-keyboard-mouse-combo-copy.json
2026-02-21 06:39:47 [debug]: [VillmanScraper] Scraping JSON: https://shop.villman.com/products/aula-f2088-pro-wired-mechanical-gaming-keyboard-copy.json
2026-02-21 06:39:47 [debug]: [PcWorxScraper] JSON success: Redragon K617 Fizz 60% Wired Rgb Gaming Keyboard 61 Keys Compact Mechanical
2026-02-21 06:39:48 [debug]: [PcWorxScraper] JSON success: Razer RZ03-04460100-R3M1 Ornata V3 Low Profile Gaming Keyboard
2026-02-21 06:39:48 [debug]: [PcExpressScraper] JSON success: ASUS TUF Gaming K1 RGB Gaming Keyboard
2026-02-21 06:39:48 [debug]: [PcExpressScraper] JSON success: RAPOO NX1600 USB Keyboard and Mouse Combo
2026-02-21 06:39:48 [debug]: [VillmanScraper] JSON success: Aula AWK310 Bluetooth Keyboard
2026-02-21 06:39:48 [debug]: [VillmanScraper] JSON success: Aula F2058 Wired Mechanical Gaming Keyboard
2026-02-21 06:39:49 [debug]: → GET /api/search
2026-02-21 06:39:49 [info]: [SearchService] Search #3e9396cb-de18-4806-9ce6-e09bf10719ec - "keyboard"
2026-02-21 06:39:50 [debug]: [VillmanScraper] Calling API: https://shop.villman.com/search/suggest.json?q=keyboard&resources[type]=product&resources[limit]=10
2026-02-21 06:39:50 [debug]: [PcExpressScraper] Calling API: https://pcx.com.ph/search/suggest.json?q=keyboard&resources[type]=product&resources[limit]=10
2026-02-21 06:39:50 [debug]: [PcWorxScraper] Calling API: https://pcworx.ph/search/suggest.json?q=keyboard&resources[type]=product&resources[limit]=10
2026-02-21 06:39:51 [info]: [VillmanScraper] API found 5 product URLs
2026-02-21 06:39:51 [info]: [PcExpressScraper] API found 5 product URLs
2026-02-21 06:39:51 [info]: [PcWorxScraper] API found 5 product URLs
2026-02-21 06:39:52 [debug]: [PcExpressScraper] Scraping JSON: https://pcx.com.ph/products/logitech-g713-wired-tactile-gaming-keyboard.json
2026-02-21 06:39:52 [debug]: [VillmanScraper] Scraping JSON: https://shop.villman.com/products/alienware-advanced-gaming-keyboard-aw568.json
2026-02-21 06:39:52 [debug]: [VillmanScraper] Scraping JSON: https://shop.villman.com/products/aula-f75-mechanical-keyboard-copy.json
2026-02-21 06:39:52 [debug]: [PcExpressScraper] Scraping JSON: https://pcx.com.ph/products/logitech-k650-signature-multi-device-wireless-keyboard-off-white.json
2026-02-21 06:39:52 [debug]: [PcWorxScraper] Scraping JSON: https://pcworx.ph/products/redragon-k617-fizz-60-wired-rgb-gaming-keyboard-61-keys-compact-mechanical.json
2026-02-21 06:39:52 [debug]: [VillmanScraper] JSON success: Aula F87 Mechanical Keyboard
2026-02-21 06:39:53 [debug]: [PcExpressScraper] JSON success: LOGITECH K650 SIGNATURE Multi-Device Wireless Keyboard (Off White)
2026-02-21 06:39:53 [debug]: [PcExpressScraper] JSON success: LOGITECH G713 Wired (Tactile) Gaming Keyboard
2026-02-21 06:39:53 [debug]: [PcExpressScraper] Scraping JSON: https://pcx.com.ph/products/asus-tuf-gaming-k1-rgb-gaming-keyboard.json
2026-02-21 06:39:53 [debug]: [VillmanScraper] JSON success: Alienware Advanced Gaming Keyboard – AW568
2026-02-21 06:39:53 [debug]: [PcWorxScraper] Scraping JSON: https://pcworx.ph/products/razer-rz03-04460100-r3m1-ornata-v3-low-profile-gaming-keyboard.json
2026-02-21 06:39:53 [debug]: [PcWorxScraper] JSON success: Redragon K617 Fizz 60% Wired Rgb Gaming Keyboard 61 Keys Compact Mechanical
2026-02-21 06:39:53 [debug]: [VillmanScraper] Scraping JSON: https://shop.villman.com/products/aula-ac101-usb-wired-keyboard-mouse-combo-copy.json
2026-02-21 06:39:53 [debug]: [PcExpressScraper] Scraping JSON: https://pcx.com.ph/products/rapoo-nx1600-usb-keyboard-and-mouse-combo.json
2026-02-21 06:39:53 [debug]: [VillmanScraper] Scraping JSON: https://shop.villman.com/products/aula-f2088-pro-wired-mechanical-gaming-keyboard-copy.json
2026-02-21 06:39:53 [debug]: [PcWorxScraper] Scraping JSON: https://pcworx.ph/products/a4tech-kk-3-multimedia-fn-wired-keyboard-1.json
2026-02-21 06:39:54 [debug]: [PcWorxScraper] Scraping JSON: https://pcworx.ph/products/darkflash-gd108-mechanical-keyboard-brown-sugar-blue-milk-brown.json
2026-02-21 06:39:54 [debug]: [VillmanScraper] JSON success: Aula AWK310 Bluetooth Keyboard
2026-02-21 06:39:54 [debug]: [PcWorxScraper] JSON success: Razer RZ03-04460100-R3M1 Ornata V3 Low Profile Gaming Keyboard
2026-02-21 06:39:54 [debug]: [PcExpressScraper] JSON success: ASUS TUF Gaming K1 RGB Gaming Keyboard
2026-02-21 06:39:54 [debug]: [PcExpressScraper] JSON success: RAPOO NX1600 USB Keyboard and Mouse Combo
2026-02-21 06:39:54 [debug]: [PcWorxScraper] JSON success: A4Tech KK-3 Multimedia FN Wired Keyboard
2026-02-21 06:39:54 [debug]: [VillmanScraper] JSON success: Aula F2058 Wired Mechanical Gaming Keyboard
2026-02-21 06:39:54 [debug]: [PcWorxScraper] JSON success: DarkFlash GD108 Mechanical Keyboard Brown Sugar / Milk & Brown/ Blue
2026-02-21 06:39:56 [debug]: [PcWorxScraper] Scraping JSON: https://pcworx.ph/products/redragon-k717-alcor-rgb-wireless-gaming-keyboard.json
2026-02-21 06:39:57 [debug]: [PcWorxScraper] JSON success: Redragon K717 ALCOR RGB Wireless Gaming Keyboard
2026-02-21 06:39:57 [debug]: [PcExpressScraper] Scraping JSON: https://pcx.com.ph/products/logitech-k120-b100-keyboard-and-mouse-combo.json
2026-02-21 06:39:58 [debug]: [VillmanScraper] Scraping JSON: https://shop.villman.com/products/aula-f99-3-in-1-rgb-gaming-mechanical-hot-swappable-keyboard-copy.json
2026-02-21 06:39:58 [debug]: [PcExpressScraper] JSON success: LOGITECH K120+B100 Keyboard and Mouse Combo
2026-02-21 06:39:58 [debug]: [VillmanScraper] JSON success: Aula F75 Mechanical Keyboard
2026-02-21 06:39:58 [debug]: [PcWorxScraper] Scraping JSON: https://pcworx.ph/products/a4tech-kk-3-multimedia-fn-wired-keyboard-1.json
2026-02-21 06:39:58 [debug]: [VillmanScraper] Scraping JSON: https://shop.villman.com/products/alienware-advanced-gaming-keyboard-aw568.json
2026-02-21 06:39:58 [debug]: [PcWorxScraper] Scraping JSON: https://pcworx.ph/products/darkflash-gd108-mechanical-keyboard-brown-sugar-blue-milk-brown.json
2026-02-21 06:39:59 [debug]: [VillmanScraper] Scraping JSON: https://shop.villman.com/products/aula-f75-mechanical-keyboard-copy.json
2026-02-21 06:39:59 [debug]: [PcWorxScraper] JSON success: A4Tech KK-3 Multimedia FN Wired Keyboard
2026-02-21 06:39:59 [debug]: [VillmanScraper] JSON success: Aula F87 Mechanical Keyboard
2026-02-21 06:39:59 [debug]: [PcWorxScraper] JSON success: DarkFlash GD108 Mechanical Keyboard Brown Sugar / Milk & Brown/ Blue
2026-02-21 06:39:59 [debug]: [VillmanScraper] JSON success: Alienware Advanced Gaming Keyboard – AW568
2026-02-21 06:39:59 [debug]: [PcExpressScraper] Scraping JSON: https://pcx.com.ph/products/logitech-k650-signature-multi-device-wireless-keyboard-off-white.json
2026-02-21 06:39:59 [debug]: [PcExpressScraper] Scraping JSON: https://pcx.com.ph/products/logitech-k120-b100-keyboard-and-mouse-combo.json
2026-02-21 06:40:00 [debug]: [PcExpressScraper] JSON success: LOGITECH K650 SIGNATURE Multi-Device Wireless Keyboard (Off White)
2026-02-21 06:40:00 [debug]: [PcExpressScraper] JSON success: LOGITECH K120+B100 Keyboard and Mouse Combo
2026-02-21 06:40:02 [info]: [SearchService] Raw products scraped: 15
2026-02-21 06:40:02 [info]: [SearchService] Relevance filter: 15/15 products kept
2026-02-21 06:40:03 [debug]: [PcExpressScraper] Scraping JSON: https://pcx.com.ph/products/logitech-g713-wired-tactile-gaming-keyboard.json
2026-02-21 06:40:03 [debug]: [PcExpressScraper] JSON success: LOGITECH G713 Wired (Tactile) Gaming Keyboard
2026-02-21 06:40:03 [debug]: [PcWorxScraper] Scraping JSON: https://pcworx.ph/products/redragon-k717-alcor-rgb-wireless-gaming-keyboard.json
2026-02-21 06:40:03 [debug]: [VillmanScraper] Scraping JSON: https://shop.villman.com/products/aula-f99-3-in-1-rgb-gaming-mechanical-hot-swappable-keyboard-copy.json
2026-02-21 06:40:04 [debug]: [PcWorxScraper] JSON success: Redragon K717 ALCOR RGB Wireless Gaming Keyboard
2026-02-21 06:40:04 [debug]: [VillmanScraper] JSON success: Aula F75 Mechanical Keyboard
2026-02-21 06:40:06 [info]: [SearchService] Saved 15 products for search #b89ba7d0-293a-4f8e-9658-7dbb24fe4451
2026-02-21 06:40:07 [info]: [SearchService] Raw products scraped: 15
2026-02-21 06:40:07 [info]: [SearchService] Relevance filter: 15/15 products kept
2026-02-21 06:40:11 [info]: [SearchService] Saved 15 products for search #3e9396cb-de18-4806-9ce6-e09bf10719ec
2026-02-21 06:43:51 [debug]: → GET /api/search
2026-02-21 06:43:52 [info]: [SearchService] Search #4e9862dd-c4e4-41a7-9f2d-5121c8dd1136 - "intel i5 processor"
2026-02-21 06:43:53 [debug]: [PcExpressScraper] Calling API: https://pcx.com.ph/search/suggest.json?q=intel%20i5%20processor&resources[type]=product&resources[limit]=10
2026-02-21 06:43:53 [debug]: [VillmanScraper] Calling API: https://shop.villman.com/search/suggest.json?q=intel%20i5%20processor&resources[type]=product&resources[limit]=10
2026-02-21 06:43:53 [debug]: [PcWorxScraper] Calling API: https://pcworx.ph/search/suggest.json?q=intel%20i5%20processor&resources[type]=product&resources[limit]=10
2026-02-21 06:43:53 [info]: [PcExpressScraper] API found 0 product URLs
2026-02-21 06:43:53 [debug]: [PcExpressScraper] Fallback to search page: https://pcx.com.ph/search?type=product&q=intel%20i5%20processor
2026-02-21 06:43:53 [info]: [VillmanScraper] API found 5 product URLs
2026-02-21 06:43:53 [info]: [PcWorxScraper] API found 5 product URLs
2026-02-21 06:43:54 [debug]: [VillmanScraper] Scraping JSON: https://shop.villman.com/products/core-i5-13400-processor.json
2026-02-21 06:43:54 [debug]: [VillmanScraper] Scraping JSON: https://shop.villman.com/products/product.json
2026-02-21 06:43:54 [debug]: [PcWorxScraper] Scraping JSON: https://pcworx.ph/products/intel-i5-13400-2-50ghz-10-core-20mb-cache-lga1700-processor.json
2026-02-21 06:43:54 [debug]: [PcWorxScraper] Scraping JSON: https://pcworx.ph/products/intel-i5-14400-3-5ghz-10-cores-16-threads-20mb-cache-lga1700-cpu.json
2026-02-21 06:43:54 [debug]: [VillmanScraper] JSON success: Intel Core i5-13600K Processor (24M Cache, up to 5.10 GHz)
2026-02-21 06:43:54 [debug]: [VillmanScraper] JSON success: Intel Core i5-13400 Processor
2026-02-21 06:43:54 [debug]: [PcWorxScraper] JSON success: Intel i5-13400 2.50GHz 10-core 20MB Cache LGA1700 Processor
2026-02-21 06:43:54 [debug]: [PcWorxScraper] JSON success: Intel I5-14400 3.5GHz 10-Cores 16 Threads 20MB Cache LGA1700 CPU
2026-02-21 06:43:57 [debug]: [VillmanScraper] Scraping JSON: https://shop.villman.com/products/fffffffffffffffff.json
2026-02-21 06:43:57 [debug]: [VillmanScraper] Scraping JSON: https://shop.villman.com/products/copy-2.json
2026-02-21 06:43:57 [debug]: [PcWorxScraper] Scraping JSON: https://pcworx.ph/products/intel-i5-12400-2-5ghz-6-core-12-thread-18m-cache-lga1700-cpu.json
2026-02-21 06:43:57 [debug]: [PcWorxScraper] Scraping JSON: https://pcworx.ph/products/intel-i5-14400f-3-5ghz-10-cores-16-threads-20mb-cache-lga1700-c.json
2026-02-21 06:43:57 [debug]: [VillmanScraper] JSON success: Intel Core i5-10400 Processor (12M Cache, up to 4.30 GHz)
2026-02-21 06:43:57 [debug]: [VillmanScraper] JSON success: Intel Core i5-12600K Processor (20M Cache, up to 4.90 GHz)
2026-02-21 06:43:57 [debug]: [PcWorxScraper] JSON success: INTEL i5-12400 2.5GHz 6-core 12 Thread 18M Cache LGA1700 CPU
2026-02-21 06:43:57 [debug]: [PcWorxScraper] JSON success: Intel I5-14400F 3.5GHz 10-Cores 16 Threads 20MB Cache LGA1700 C
2026-02-21 06:44:01 [debug]: [PcWorxScraper] Scraping JSON: https://pcworx.ph/products/intel%C2%AE-core%E2%84%A2-i5-10400-processor-12m-cache-up-to-4-30-ghz.json
2026-02-21 06:44:01 [debug]: [VillmanScraper] Scraping JSON: https://shop.villman.com/products/intel.json
2026-02-21 06:44:01 [debug]: [PcWorxScraper] JSON success: Intel® Core™ i5-10400 Processor 12M Cache, up to 4.30 GHz
2026-02-21 06:44:02 [debug]: [VillmanScraper] JSON success: Intel Core i5-13400 Processor (20M Cache, up to 4.60 GHz)
2026-02-21 06:44:05 [info]: [PcExpressScraper] Fallback found 10 product URLs
2026-02-21 06:44:05 [debug]: [PcExpressScraper] Scraping JSON: https://pcx.com.ph/products/dell-inspiron-15-3520-i51235u-intel-core-i5-laptop-platinum-silver.json
2026-02-21 06:44:05 [debug]: [PcExpressScraper] Scraping JSON: https://pcx.com.ph/products/msi-cubi-5-12m-026bph-936-b0a811-027-barebone-intel-core-i5-mini-desktop.json
2026-02-21 06:44:05 [debug]: [PcExpressScraper] JSON success: DELL Inspiron 15 3520-I51235U Intel®  Core™ i5 Laptop (Platinum Silver)
2026-02-21 06:44:05 [debug]: [PcExpressScraper] JSON success: MSI CUBI 5 12M-026BPH (936-B0A811-027) Barebone Intel® Core™ i5 Mini Desktop
2026-02-21 06:44:09 [debug]: [PcExpressScraper] Scraping JSON: https://pcx.com.ph/products/acer-aspire-ag15-51p-55tg-intel-core-i5-laptop-steel-gray.json
2026-02-21 06:44:09 [debug]: [PcExpressScraper] Scraping JSON: https://pcx.com.ph/products/acer-aspire-lite-15-al15-72p-59ym-intel-core-i5-laptop-light-silver.json
2026-02-21 06:44:10 [debug]: [PcExpressScraper] JSON success: ACER Aspire Lite 15 AL15-72P-59YM Intel® Core™ i5 Laptop (Light Silver)
2026-02-21 06:44:10 [debug]: [PcExpressScraper] JSON success: ACER Aspire AG15-51P-55TG Intel® Core™ i5 Laptop (Steel Gray)
2026-02-21 06:44:12 [debug]: [PcExpressScraper] Scraping JSON: https://pcx.com.ph/products/msi-cubi-5-12m-026bph-9s6-b0a811-474-intel-core-i5-mini-desktop.json
2026-02-21 06:44:12 [debug]: [PcExpressScraper] JSON success: MSI CUBI 5 12M-026BPH (9S6-B0A811-474) Intel® Core™ i5 Mini Desktop
2026-02-21 06:44:14 [info]: [SearchService] Raw products scraped: 15
2026-02-21 06:44:14 [info]: [SearchService] Relevance filter: 15/15 products kept
2026-02-21 06:44:18 [info]: [SearchService] Saved 15 products for search #4e9862dd-c4e4-41a7-9f2d-5121c8dd1136
2026-02-21 06:44:48 [debug]: → GET /api/search
2026-02-21 06:44:48 [info]: [SearchService] Search #84b0e368-47d4-4a84-bf41-822ee353561b - "intel i5 processor"
2026-02-21 06:44:48 [debug]: [PcExpressScraper] Calling API: https://pcx.com.ph/search/suggest.json?q=intel%20i5%20processor&resources[type]=product&resources[limit]=10
2026-02-21 06:44:48 [debug]: [PcWorxScraper] Calling API: https://pcworx.ph/search/suggest.json?q=intel%20i5%20processor&resources[type]=product&resources[limit]=10
2026-02-21 06:44:48 [debug]: [VillmanScraper] Calling API: https://shop.villman.com/search/suggest.json?q=intel%20i5%20processor&resources[type]=product&resources[limit]=10
2026-02-21 06:44:49 [info]: [PcExpressScraper] API found 0 product URLs
2026-02-21 06:44:49 [debug]: [PcExpressScraper] Fallback to search page: https://pcx.com.ph/search?type=product&q=intel%20i5%20processor
2026-02-21 06:44:49 [info]: [PcWorxScraper] API found 5 product URLs
2026-02-21 06:44:49 [info]: [VillmanScraper] API found 5 product URLs
2026-02-21 06:44:49 [debug]: [PcWorxScraper] Scraping JSON: https://pcworx.ph/products/intel-i5-13400-2-50ghz-10-core-20mb-cache-lga1700-processor.json
2026-02-21 06:44:49 [debug]: [PcWorxScraper] Scraping JSON: https://pcworx.ph/products/intel-i5-14400-3-5ghz-10-cores-16-threads-20mb-cache-lga1700-cpu.json
2026-02-21 06:44:50 [debug]: [VillmanScraper] Scraping JSON: https://shop.villman.com/products/core-i5-13400-processor.json
2026-02-21 06:44:50 [debug]: [VillmanScraper] Scraping JSON: https://shop.villman.com/products/product.json
2026-02-21 06:44:50 [debug]: [PcWorxScraper] JSON success: Intel i5-13400 2.50GHz 10-core 20MB Cache LGA1700 Processor
2026-02-21 06:44:50 [debug]: [PcWorxScraper] JSON success: Intel I5-14400 3.5GHz 10-Cores 16 Threads 20MB Cache LGA1700 CPU
2026-02-21 06:44:50 [debug]: [VillmanScraper] JSON success: Intel Core i5-13400 Processor
2026-02-21 06:44:50 [debug]: [VillmanScraper] JSON success: Intel Core i5-13600K Processor (24M Cache, up to 5.10 GHz)
2026-02-21 06:44:52 [debug]: [VillmanScraper] Scraping JSON: https://shop.villman.com/products/fffffffffffffffff.json
2026-02-21 06:44:52 [debug]: [VillmanScraper] Scraping JSON: https://shop.villman.com/products/copy-2.json
2026-02-21 06:44:53 [debug]: [VillmanScraper] JSON success: Intel Core i5-10400 Processor (12M Cache, up to 4.30 GHz)
2026-02-21 06:44:53 [debug]: [VillmanScraper] JSON success: Intel Core i5-12600K Processor (20M Cache, up to 4.90 GHz)
2026-02-21 06:44:54 [debug]: [PcWorxScraper] Scraping JSON: https://pcworx.ph/products/intel-i5-12400-2-5ghz-6-core-12-thread-18m-cache-lga1700-cpu.json
2026-02-21 06:44:54 [debug]: [PcWorxScraper] Scraping JSON: https://pcworx.ph/products/intel-i5-14400f-3-5ghz-10-cores-16-threads-20mb-cache-lga1700-c.json
2026-02-21 06:44:55 [debug]: [PcWorxScraper] JSON success: INTEL i5-12400 2.5GHz 6-core 12 Thread 18M Cache LGA1700 CPU
2026-02-21 06:44:55 [debug]: [PcWorxScraper] JSON success: Intel I5-14400F 3.5GHz 10-Cores 16 Threads 20MB Cache LGA1700 C
2026-02-21 06:44:55 [debug]: [VillmanScraper] Scraping JSON: https://shop.villman.com/products/intel.json
2026-02-21 06:44:56 [debug]: [VillmanScraper] JSON success: Intel Core i5-13400 Processor (20M Cache, up to 4.60 GHz)
2026-02-21 06:44:58 [debug]: [PcWorxScraper] Scraping JSON: https://pcworx.ph/products/intel%C2%AE-core%E2%84%A2-i5-10400-processor-12m-cache-up-to-4-30-ghz.json
2026-02-21 06:44:58 [debug]: [PcWorxScraper] JSON success: Intel® Core™ i5-10400 Processor 12M Cache, up to 4.30 GHz
2026-02-21 06:45:00 [info]: [PcExpressScraper] Fallback found 10 product URLs
2026-02-21 06:45:00 [debug]: [PcExpressScraper] Scraping JSON: https://pcx.com.ph/products/msi-cubi-5-12m-026bph-936-b0a811-027-barebone-intel-core-i5-mini-desktop.json
2026-02-21 06:45:00 [debug]: [PcExpressScraper] Scraping JSON: https://pcx.com.ph/products/dell-inspiron-15-3520-i51235u-intel-core-i5-laptop-platinum-silver.json
2026-02-21 06:45:01 [debug]: [PcExpressScraper] JSON success: MSI CUBI 5 12M-026BPH (936-B0A811-027) Barebone Intel® Core™ i5 Mini Desktop
2026-02-21 06:45:01 [debug]: [PcExpressScraper] JSON success: DELL Inspiron 15 3520-I51235U Intel®  Core™ i5 Laptop (Platinum Silver)
2026-02-21 06:45:03 [debug]: [PcExpressScraper] Scraping JSON: https://pcx.com.ph/products/acer-aspire-ag15-51p-55tg-intel-core-i5-laptop-steel-gray.json
2026-02-21 06:45:03 [debug]: [PcExpressScraper] Scraping JSON: https://pcx.com.ph/products/acer-aspire-lite-15-al15-72p-59ym-intel-core-i5-laptop-light-silver.json
2026-02-21 06:45:04 [debug]: [PcExpressScraper] JSON success: ACER Aspire AG15-51P-55TG Intel® Core™ i5 Laptop (Steel Gray)
2026-02-21 06:45:04 [debug]: [PcExpressScraper] JSON success: ACER Aspire Lite 15 AL15-72P-59YM Intel® Core™ i5 Laptop (Light Silver)
2026-02-21 06:45:06 [debug]: [PcExpressScraper] Scraping JSON: https://pcx.com.ph/products/msi-cubi-5-12m-026bph-9s6-b0a811-474-intel-core-i5-mini-desktop.json
2026-02-21 06:45:07 [debug]: [PcExpressScraper] JSON success: MSI CUBI 5 12M-026BPH (9S6-B0A811-474) Intel® Core™ i5 Mini Desktop
2026-02-21 06:45:10 [info]: [SearchService] Raw products scraped: 15
2026-02-21 06:45:10 [info]: [SearchService] Relevance filter: 15/15 products kept
2026-02-21 06:45:14 [info]: [SearchService] Saved 15 products for search #84b0e368-47d4-4a84-bf41-822ee353561b
2026-02-21 06:46:28 [info]: [DB] Supabase connection verified.
2026-02-21 06:46:28 [info]: [SearchService] Platform IDs loaded: {"pcexpress":"993de2ca-56cb-4e0f-81cd-2dfe02a42a05","villman":"0b0c896a-5701-4322-9868-11a410385b7c","pcworx":"65a83309-9bea-47ac-9630-0f4596443655"}
2026-02-21 06:46:28 [info]: 🚀 Bakàl backend running on port 3000 [development]
2026-02-21 06:46:37 [info]: [DB] Supabase connection verified.
2026-02-21 06:46:38 [info]: [SearchService] Platform IDs loaded: {"pcexpress":"993de2ca-56cb-4e0f-81cd-2dfe02a42a05","villman":"0b0c896a-5701-4322-9868-11a410385b7c","pcworx":"65a83309-9bea-47ac-9630-0f4596443655"}
2026-02-21 06:46:38 [info]: 🚀 Bakàl backend running on port 3000 [development]
2026-02-21 06:46:43 [info]: [DB] Supabase connection verified.
2026-02-21 06:46:43 [info]: [SearchService] Platform IDs loaded: {"pcexpress":"993de2ca-56cb-4e0f-81cd-2dfe02a42a05","villman":"0b0c896a-5701-4322-9868-11a410385b7c","pcworx":"65a83309-9bea-47ac-9630-0f4596443655"}
2026-02-21 06:46:43 [info]: 🚀 Bakàl backend running on port 3000 [development]
2026-02-21 06:47:20 [debug]: → GET /api/search/history
2026-02-21 06:47:25 [debug]: → GET /api/search/history
2026-02-21 06:48:01 [debug]: → GET /api/search
2026-02-21 06:48:01 [info]: [SearchService] Search #5e523e85-ade0-4861-86ac-ab84afd98307 - "fiber optics"
2026-02-21 06:48:02 [debug]: [PcExpressScraper] Calling API: https://pcx.com.ph/search/suggest.json?q=fiber%20optics&resources[type]=product&resources[limit]=10
2026-02-21 06:48:02 [debug]: [VillmanScraper] Calling API: https://shop.villman.com/search/suggest.json?q=fiber%20optics&resources[type]=product&resources[limit]=10
2026-02-21 06:48:02 [debug]: [PcWorxScraper] Calling API: https://pcworx.ph/search/suggest.json?q=fiber%20optics&resources[type]=product&resources[limit]=10
2026-02-21 06:48:02 [info]: [VillmanScraper] API found 0 product URLs
2026-02-21 06:48:02 [debug]: [VillmanScraper] Fallback to search page: https://shop.villman.com/search?type=product&q=fiber%20optics
2026-02-21 06:48:02 [info]: [PcExpressScraper] API found 0 product URLs
2026-02-21 06:48:02 [debug]: [PcExpressScraper] Fallback to search page: https://pcx.com.ph/search?type=product&q=fiber%20optics
2026-02-21 06:48:02 [info]: [PcWorxScraper] API found 0 product URLs
2026-02-21 06:48:02 [debug]: [PcWorxScraper] Fallback to search page: https://pcworx.ph/search?type=product&q=fiber%20optics
2026-02-21 06:48:15 [info]: [VillmanScraper] Fallback found 1 product URLs
2026-02-21 06:48:16 [debug]: [VillmanScraper] Scraping JSON: https://shop.villman.com/products/cisco-cbs110-8t-d-eu-unmanaged-8-port-ge-ext-ps-desktop-switch-hub.json
2026-02-21 06:48:16 [debug]: [VillmanScraper] JSON success: Cisco CBS110-8T-D-EU Unmanaged 8-Port GE EXT PS Desktop Switch Hub
2026-02-21 06:48:17 [info]: [PcExpressScraper] Fallback found 10 product URLs
2026-02-21 06:48:18 [debug]: [PcExpressScraper] Scraping JSON: https://pcx.com.ph/products/logitech-h390-usb-w-mic-headset.json
2026-02-21 06:48:18 [debug]: [PcExpressScraper] Scraping JSON: https://pcx.com.ph/products/acer-32-nitro-ed320qr-s3-curved-gaming-monitor.json
2026-02-21 06:48:18 [debug]: [PcExpressScraper] JSON success: LOGITECH H390 USB W/ Mic Headset
2026-02-21 06:48:18 [debug]: [PcExpressScraper] JSON success: ACER 32" Nitro ED320QR S3 Curved Gaming Monitor
2026-02-21 06:48:20 [debug]: [PcExpressScraper] Scraping JSON: https://pcx.com.ph/products/logitech-k120-b100-keyboard-and-mouse-combo.json
2026-02-21 06:48:20 [debug]: [PcExpressScraper] Scraping JSON: https://pcx.com.ph/collections/featured-products/products/gmktec-evo-x2-amd-radeon-8060-graphics-amd-ryzen-ai-max-395-mini-desktop.json
2026-02-21 06:48:20 [info]: [PcWorxScraper] Fallback found 10 product URLs
2026-02-21 06:48:21 [debug]: [PcExpressScraper] JSON success: LOGITECH K120+B100 Keyboard and Mouse Combo
2026-02-21 06:48:21 [debug]: [PcExpressScraper] JSON success: GMKTEC EVO X2 AMD Radeon™  8060 Graphics AMD Ryzen™ Ai MAX +395 Mini Desktop
2026-02-21 06:48:21 [debug]: → GET /api/search
2026-02-21 06:48:21 [debug]: [PcWorxScraper] Scraping JSON: https://pcworx.ph/products/datwyler-duplex-patch-cord-st-st-e09-125-3meters-pn-390086-yellow.json
2026-02-21 06:48:21 [info]: [SearchService] Search #eeaf9435-efad-4222-b0c0-aa614c248f4c - "fiber optics"
2026-02-21 06:48:21 [debug]: [PcWorxScraper] Scraping JSON: https://pcworx.ph/products/datwyler-duplex-patch-cord-lc-lc-e09-125-3meters-pn-390226-yellow.json
2026-02-21 06:48:22 [debug]: [PcWorxScraper] JSON success: Datwyler Duplex Patch Cord ST-ST E09/125 3meters PN: 390086 Yellow
2026-02-21 06:48:22 [debug]: [PcWorxScraper] JSON success: Datwyler Duplex Patch Cord LC-LC E09/125 3meters PN: 390226 Yellow
2026-02-21 06:48:22 [debug]: [PcExpressScraper] Calling API: https://pcx.com.ph/search/suggest.json?q=fiber%20optics&resources[type]=product&resources[limit]=10
2026-02-21 06:48:22 [debug]: [PcWorxScraper] Calling API: https://pcworx.ph/search/suggest.json?q=fiber%20optics&resources[type]=product&resources[limit]=10
2026-02-21 06:48:22 [debug]: [VillmanScraper] Calling API: https://shop.villman.com/search/suggest.json?q=fiber%20optics&resources[type]=product&resources[limit]=10
2026-02-21 06:48:22 [info]: [PcExpressScraper] API found 0 product URLs
2026-02-21 06:48:22 [debug]: [PcExpressScraper] Fallback to search page: https://pcx.com.ph/search?type=product&q=fiber%20optics
2026-02-21 06:48:22 [info]: [PcWorxScraper] API found 0 product URLs
2026-02-21 06:48:22 [debug]: [PcWorxScraper] Fallback to search page: https://pcworx.ph/search?type=product&q=fiber%20optics
2026-02-21 06:48:23 [info]: [VillmanScraper] API found 0 product URLs
2026-02-21 06:48:23 [debug]: [VillmanScraper] Fallback to search page: https://shop.villman.com/search?type=product&q=fiber%20optics
2026-02-21 06:48:27 [debug]: [PcExpressScraper] Scraping JSON: https://pcx.com.ph/collections/featured-products/products/asus-rog-nuc-15-2025-geforce-rtx-5070-ti-rnuc15jnk9x38aa4-mini-desktop.json
2026-02-21 06:48:27 [debug]: [PcWorxScraper] Scraping JSON: https://pcworx.ph/products/razer-rz03-03390300-r3m1-huntsman-mini-mercury-gaming-keyboard-clickypurple-frml.json
2026-02-21 06:48:28 [debug]: [PcWorxScraper] Scraping JSON: https://pcworx.ph/products/datwyler-duplex-patch-cord-st-lc-e09-125-pn-390076-yellow.json
2026-02-21 06:48:28 [debug]: [PcExpressScraper] JSON success: ASUS ROG NUC 15 2025 GeForce RTX™ 5070 Ti (RNUC15JNK9X38AA4) Mini Desktop
2026-02-21 06:48:28 [debug]: [PcWorxScraper] JSON success: Razer RZ03-03390300-R3M1 Huntsman Mini Mercury Gaming Keyboard ClickyPurple FRML
2026-02-21 06:48:28 [debug]: [PcWorxScraper] JSON success: Datwyler Duplex Patch Cord ST-LC E09/125 PN: 390076 Yellow
2026-02-21 06:48:32 [debug]: [PcWorxScraper] Scraping JSON: https://pcworx.ph/products/redragon-cobra-m711-gaming-mouse.json
2026-02-21 06:48:33 [debug]: [PcWorxScraper] JSON success: Redragon Cobra M711-2 Gaming Mouse
2026-02-21 06:48:37 [info]: [SearchService] Raw products scraped: 11
2026-02-21 06:48:37 [info]: [SearchService] Relevance filter: 0/11 products kept
2026-02-21 06:48:37 [info]: [SearchService] Saved 0 products for search #5e523e85-ade0-4861-86ac-ab84afd98307
2026-02-21 06:48:38 [info]: [PcExpressScraper] Fallback found 10 product URLs
2026-02-21 06:48:38 [info]: [VillmanScraper] Fallback found 1 product URLs
2026-02-21 06:48:39 [debug]: [PcExpressScraper] Scraping JSON: https://pcx.com.ph/products/acer-32-nitro-ed320qr-s3-curved-gaming-monitor.json
2026-02-21 06:48:39 [debug]: [PcExpressScraper] Scraping JSON: https://pcx.com.ph/products/logitech-h390-usb-w-mic-headset.json
2026-02-21 06:48:39 [debug]: [VillmanScraper] Scraping JSON: https://shop.villman.com/products/cisco-cbs110-8t-d-eu-unmanaged-8-port-ge-ext-ps-desktop-switch-hub.json
2026-02-21 06:48:39 [debug]: [VillmanScraper] JSON success: Cisco CBS110-8T-D-EU Unmanaged 8-Port GE EXT PS Desktop Switch Hub
2026-02-21 06:48:39 [debug]: [PcExpressScraper] JSON success: LOGITECH H390 USB W/ Mic Headset
2026-02-21 06:48:39 [debug]: [PcExpressScraper] JSON success: ACER 32" Nitro ED320QR S3 Curved Gaming Monitor
2026-02-21 06:48:42 [debug]: [PcExpressScraper] Scraping JSON: https://pcx.com.ph/collections/featured-products/products/gmktec-evo-x2-amd-radeon-8060-graphics-amd-ryzen-ai-max-395-mini-desktop.json
2026-02-21 06:48:43 [debug]: [PcExpressScraper] Scraping JSON: https://pcx.com.ph/products/logitech-k120-b100-keyboard-and-mouse-combo.json
2026-02-21 06:48:43 [debug]: [PcExpressScraper] JSON success: GMKTEC EVO X2 AMD Radeon™  8060 Graphics AMD Ryzen™ Ai MAX +395 Mini Desktop
2026-02-21 06:48:43 [debug]: [PcExpressScraper] JSON success: LOGITECH K120+B100 Keyboard and Mouse Combo
2026-02-21 06:48:44 [info]: [PcWorxScraper] Fallback found 10 product URLs
2026-02-21 06:48:45 [debug]: [PcWorxScraper] Scraping JSON: https://pcworx.ph/products/datwyler-duplex-patch-cord-st-st-e09-125-3meters-pn-390086-yellow.json
2026-02-21 06:48:45 [debug]: [PcWorxScraper] Scraping JSON: https://pcworx.ph/products/datwyler-duplex-patch-cord-lc-lc-e09-125-3meters-pn-390226-yellow.json
2026-02-21 06:48:45 [debug]: [PcWorxScraper] JSON success: Datwyler Duplex Patch Cord ST-ST E09/125 3meters PN: 390086 Yellow
2026-02-21 06:48:45 [debug]: [PcWorxScraper] JSON success: Datwyler Duplex Patch Cord LC-LC E09/125 3meters PN: 390226 Yellow
2026-02-21 06:48:48 [debug]: [PcExpressScraper] Scraping JSON: https://pcx.com.ph/collections/featured-products/products/asus-rog-nuc-15-2025-geforce-rtx-5070-ti-rnuc15jnk9x38aa4-mini-desktop.json
2026-02-21 06:48:48 [debug]: [PcExpressScraper] JSON success: ASUS ROG NUC 15 2025 GeForce RTX™ 5070 Ti (RNUC15JNK9X38AA4) Mini Desktop
2026-02-21 06:48:48 [debug]: [PcWorxScraper] Scraping JSON: https://pcworx.ph/products/razer-rz03-03390300-r3m1-huntsman-mini-mercury-gaming-keyboard-clickypurple-frml.json
2026-02-21 06:48:48 [debug]: [PcWorxScraper] Scraping JSON: https://pcworx.ph/products/datwyler-duplex-patch-cord-st-lc-e09-125-pn-390076-yellow.json
2026-02-21 06:48:49 [debug]: [PcWorxScraper] JSON success: Datwyler Duplex Patch Cord ST-LC E09/125 PN: 390076 Yellow
2026-02-21 06:48:49 [debug]: [PcWorxScraper] JSON success: Razer RZ03-03390300-R3M1 Huntsman Mini Mercury Gaming Keyboard ClickyPurple FRML
2026-02-21 06:48:53 [debug]: [PcWorxScraper] Scraping JSON: https://pcworx.ph/products/redragon-cobra-m711-gaming-mouse.json
2026-02-21 06:48:53 [debug]: [PcWorxScraper] JSON success: Redragon Cobra M711-2 Gaming Mouse
2026-02-21 06:48:57 [info]: [SearchService] Raw products scraped: 11
2026-02-21 06:48:57 [info]: [SearchService] Relevance filter: 0/11 products kept
2026-02-21 06:48:57 [info]: [SearchService] Saved 0 products for search #eeaf9435-efad-4222-b0c0-aa614c248f4c
2026-02-21 06:48:57 [debug]: → GET /api/search/history
2026-02-21 06:49:11 [debug]: → GET /api/search
2026-02-21 06:49:11 [info]: [SearchService] Search #d890e53e-b1a4-42b8-9843-a760b08b7cd7 - "sony tv"
2026-02-21 06:49:11 [debug]: [PcExpressScraper] Calling API: https://pcx.com.ph/search/suggest.json?q=sony%20tv&resources[type]=product&resources[limit]=10
2026-02-21 06:49:12 [debug]: [PcWorxScraper] Calling API: https://pcworx.ph/search/suggest.json?q=sony%20tv&resources[type]=product&resources[limit]=10
2026-02-21 06:49:12 [debug]: [VillmanScraper] Calling API: https://shop.villman.com/search/suggest.json?q=sony%20tv&resources[type]=product&resources[limit]=10
2026-02-21 06:49:12 [info]: [PcWorxScraper] API found 0 product URLs
2026-02-21 06:49:12 [debug]: [PcWorxScraper] Fallback to search page: https://pcworx.ph/search?type=product&q=sony%20tv
2026-02-21 06:49:12 [info]: [PcExpressScraper] API found 0 product URLs
2026-02-21 06:49:12 [debug]: [PcExpressScraper] Fallback to search page: https://pcx.com.ph/search?type=product&q=sony%20tv
2026-02-21 06:49:12 [info]: [VillmanScraper] API found 0 product URLs
2026-02-21 06:49:12 [debug]: [VillmanScraper] Fallback to search page: https://shop.villman.com/search?type=product&q=sony%20tv
2026-02-21 06:49:28 [info]: [VillmanScraper] Fallback found 10 product URLs
2026-02-21 06:49:28 [debug]: [VillmanScraper] Scraping JSON: https://shop.villman.com/products/ugreen-hdmi-2-1-male-to-male-cable-3m-black-hd140-80404.json
2026-02-21 06:49:28 [debug]: [VillmanScraper] Scraping JSON: https://shop.villman.com/products/asus-rog-phone-9-pro-16gb-512gb-phantom-black.json
2026-02-21 06:49:29 [debug]: [VillmanScraper] JSON success: UGREEN HDMI 2.1 Male To Male Cable - 3m (Black) (HD140/80404)
2026-02-21 06:49:29 [debug]: [VillmanScraper] JSON success: Asus ROG Phone 9 Pro 16GB/512GB (Phantom Black)
2026-02-21 06:49:29 [info]: [PcExpressScraper] Fallback found 10 product URLs
2026-02-21 06:49:29 [info]: [PcWorxScraper] Fallback found 3 product URLs
2026-02-21 06:49:30 [debug]: [PcWorxScraper] Scraping JSON: https://pcworx.ph/products/logitech-f310-gamepad-controller.json
2026-02-21 06:49:30 [debug]: [PcWorxScraper] Scraping JSON: https://pcworx.ph/products/data-cable-ust-mhl01-mhl-usb-micro-m-5p-to-hdmi.json
2026-02-21 06:49:30 [debug]: [PcExpressScraper] Scraping JSON: https://pcx.com.ph/products/sony-playstation5-consoles-slim-nba-2k26-bundle.json
2026-02-21 06:49:30 [debug]: [PcExpressScraper] Scraping JSON: https://pcx.com.ph/products/logitech-h390-usb-w-mic-headset.json
2026-02-21 06:49:30 [debug]: [PcWorxScraper] JSON success: Logitech F310 Gamepad Controller
2026-02-21 06:49:30 [debug]: [PcWorxScraper] JSON success: Data Cable UST-MHL01 MHL USB Micro (M) 5P to HDMI
2026-02-21 06:49:30 [debug]: [PcExpressScraper] JSON success: SONY PlayStation®5 Consoles (Slim) - NBA 2K26 Bundle
2026-02-21 06:49:30 [debug]: [PcExpressScraper] JSON success: LOGITECH H390 USB W/ Mic Headset
2026-02-21 06:49:31 [debug]: → GET /api/search
2026-02-21 06:49:31 [info]: [SearchService] Search #b64a0dae-86a0-4d96-b222-56547dfed6ee - "sony tv"
2026-02-21 06:49:31 [debug]: [PcExpressScraper] Calling API: https://pcx.com.ph/search/suggest.json?q=sony%20tv&resources[type]=product&resources[limit]=10
2026-02-21 06:49:32 [debug]: [PcWorxScraper] Calling API: https://pcworx.ph/search/suggest.json?q=sony%20tv&resources[type]=product&resources[limit]=10
2026-02-21 06:49:32 [debug]: [VillmanScraper] Calling API: https://shop.villman.com/search/suggest.json?q=sony%20tv&resources[type]=product&resources[limit]=10
2026-02-21 06:49:32 [info]: [PcWorxScraper] API found 0 product URLs
2026-02-21 06:49:32 [debug]: [PcWorxScraper] Fallback to search page: https://pcworx.ph/search?type=product&q=sony%20tv
2026-02-21 06:49:32 [info]: [PcExpressScraper] API found 0 product URLs
2026-02-21 06:49:32 [debug]: [PcExpressScraper] Fallback to search page: https://pcx.com.ph/search?type=product&q=sony%20tv
2026-02-21 06:49:32 [info]: [VillmanScraper] API found 0 product URLs
2026-02-21 06:49:32 [debug]: [VillmanScraper] Fallback to search page: https://shop.villman.com/search?type=product&q=sony%20tv
2026-02-21 06:49:32 [debug]: [VillmanScraper] Scraping JSON: https://shop.villman.com/products/asus-rog-phone-9-pro-edition-24gb-1tb-phantom-black.json
2026-02-21 06:49:32 [debug]: [VillmanScraper] Scraping JSON: https://shop.villman.com/products/asus-rog-phone-9-fe-12gb-256gb-phantom-black.json
2026-02-21 06:49:32 [debug]: [VillmanScraper] JSON success: Asus ROG Phone 9 FE 12GB/256GB (Phantom Black)
2026-02-21 06:49:33 [debug]: [VillmanScraper] JSON success: Asus ROG Phone 9 Pro Edition 24GB/1TB (Phantom Black)
2026-02-21 06:49:35 [debug]: [PcExpressScraper] Scraping JSON: https://pcx.com.ph/products/acer-32-nitro-ed320qr-s3-curved-gaming-monitor.json
2026-02-21 06:49:35 [debug]: [PcExpressScraper] Scraping JSON: https://pcx.com.ph/products/logitech-k120-b100-keyboard-and-mouse-combo.json
2026-02-21 06:49:36 [debug]: [PcWorxScraper] Scraping JSON: https://pcworx.ph/products/schneider-tv-socket-avataron-a-coaxial-75-ohm-black-m3t1tv75m-bk.json
2026-02-21 06:49:36 [debug]: [PcExpressScraper] JSON success: ACER 32" Nitro ED320QR S3 Curved Gaming Monitor
2026-02-21 06:49:36 [debug]: [PcExpressScraper] JSON success: LOGITECH K120+B100 Keyboard and Mouse Combo
2026-02-21 06:49:37 [debug]: [PcWorxScraper] JSON success: Schneider TV Socket AvatarOn A Coaxial 75 Ohm Black M3T1TV75M-BK
2026-02-21 06:49:37 [debug]: [VillmanScraper] Scraping JSON: https://shop.villman.com/products/apple-ipad-air-6-13-m2-128gb-chip-8-core-cpu-10-core-gpu-8gb-ram-128gb-wi-fi-13-inch-liquid-retina-ipados.json
2026-02-21 06:49:38 [debug]: [VillmanScraper] JSON success: Apple iPad Air 6 13 M2 128GB chip 8-core CPU/10-core GPU | 8GB RAM | 128GB | Wi-Fi | 13-inch Liquid Retina | iPadOS
2026-02-21 06:49:40 [debug]: [PcExpressScraper] Scraping JSON: https://pcx.com.ph/collections/featured-products/products/gmktec-evo-x2-amd-radeon-8060-graphics-amd-ryzen-ai-max-395-mini-desktop.json
2026-02-21 06:49:41 [debug]: [PcExpressScraper] JSON success: GMKTEC EVO X2 AMD Radeon™  8060 Graphics AMD Ryzen™ Ai MAX +395 Mini Desktop
2026-02-21 06:49:44 [info]: [VillmanScraper] Fallback found 10 product URLs
2026-02-21 06:49:45 [info]: [SearchService] Raw products scraped: 13
2026-02-21 06:49:45 [info]: [SearchService] Relevance filter: 1/13 products kept
2026-02-21 06:49:45 [info]: [SearchService] Saved 1 products for search #d890e53e-b1a4-42b8-9843-a760b08b7cd7
2026-02-21 06:49:45 [debug]: [VillmanScraper] Scraping JSON: https://shop.villman.com/products/ugreen-hdmi-2-1-male-to-male-cable-3m-black-hd140-80404.json
2026-02-21 06:49:46 [debug]: [VillmanScraper] Scraping JSON: https://shop.villman.com/products/asus-rog-phone-9-pro-16gb-512gb-phantom-black.json
2026-02-21 06:49:46 [debug]: [VillmanScraper] JSON success: UGREEN HDMI 2.1 Male To Male Cable - 3m (Black) (HD140/80404)
2026-02-21 06:49:46 [debug]: [VillmanScraper] JSON success: Asus ROG Phone 9 Pro 16GB/512GB (Phantom Black)
2026-02-21 06:49:46 [info]: [PcExpressScraper] Fallback found 10 product URLs
2026-02-21 06:49:47 [debug]: [PcExpressScraper] Scraping JSON: https://pcx.com.ph/products/logitech-h390-usb-w-mic-headset.json
2026-02-21 06:49:47 [debug]: [PcExpressScraper] Scraping JSON: https://pcx.com.ph/products/sony-playstation5-consoles-slim-nba-2k26-bundle.json
2026-02-21 06:49:48 [debug]: [PcExpressScraper] JSON success: LOGITECH H390 USB W/ Mic Headset
2026-02-21 06:49:48 [debug]: [PcExpressScraper] JSON success: SONY PlayStation®5 Consoles (Slim) - NBA 2K26 Bundle
2026-02-21 06:49:49 [debug]: [VillmanScraper] Scraping JSON: https://shop.villman.com/products/asus-rog-phone-9-pro-edition-24gb-1tb-phantom-black.json
2026-02-21 06:49:49 [debug]: [VillmanScraper] Scraping JSON: https://shop.villman.com/products/asus-rog-phone-9-fe-12gb-256gb-phantom-black.json
2026-02-21 06:49:50 [debug]: [VillmanScraper] JSON success: Asus ROG Phone 9 Pro Edition 24GB/1TB (Phantom Black)
2026-02-21 06:49:50 [debug]: [VillmanScraper] JSON success: Asus ROG Phone 9 FE 12GB/256GB (Phantom Black)
2026-02-21 06:49:51 [debug]: [PcExpressScraper] Scraping JSON: https://pcx.com.ph/products/acer-32-nitro-ed320qr-s3-curved-gaming-monitor.json
2026-02-21 06:49:51 [debug]: [PcExpressScraper] Scraping JSON: https://pcx.com.ph/products/logitech-k120-b100-keyboard-and-mouse-combo.json
2026-02-21 06:49:52 [debug]: [PcExpressScraper] JSON success: ACER 32" Nitro ED320QR S3 Curved Gaming Monitor
2026-02-21 06:49:52 [debug]: [PcExpressScraper] JSON success: LOGITECH K120+B100 Keyboard and Mouse Combo
2026-02-21 06:49:54 [debug]: [VillmanScraper] Scraping JSON: https://shop.villman.com/products/apple-ipad-air-6-13-m2-128gb-chip-8-core-cpu-10-core-gpu-8gb-ram-128gb-wi-fi-13-inch-liquid-retina-ipados.json
2026-02-21 06:49:54 [info]: [PcWorxScraper] Fallback found 3 product URLs
2026-02-21 06:49:54 [debug]: [VillmanScraper] JSON success: Apple iPad Air 6 13 M2 128GB chip 8-core CPU/10-core GPU | 8GB RAM | 128GB | Wi-Fi | 13-inch Liquid Retina | iPadOS
2026-02-21 06:49:55 [debug]: [PcWorxScraper] Scraping JSON: https://pcworx.ph/products/logitech-f310-gamepad-controller.json
2026-02-21 06:49:55 [debug]: [PcWorxScraper] Scraping JSON: https://pcworx.ph/products/data-cable-ust-mhl01-mhl-usb-micro-m-5p-to-hdmi.json
2026-02-21 06:49:55 [debug]: [PcWorxScraper] JSON success: Logitech F310 Gamepad Controller
2026-02-21 06:49:55 [debug]: [PcWorxScraper] JSON success: Data Cable UST-MHL01 MHL USB Micro (M) 5P to HDMI
2026-02-21 06:49:56 [debug]: [PcExpressScraper] Scraping JSON: https://pcx.com.ph/collections/featured-products/products/gmktec-evo-x2-amd-radeon-8060-graphics-amd-ryzen-ai-max-395-mini-desktop.json
2026-02-21 06:49:56 [debug]: [PcExpressScraper] JSON success: GMKTEC EVO X2 AMD Radeon™  8060 Graphics AMD Ryzen™ Ai MAX +395 Mini Desktop
2026-02-21 06:49:58 [debug]: [PcWorxScraper] Scraping JSON: https://pcworx.ph/products/schneider-tv-socket-avataron-a-coaxial-75-ohm-black-m3t1tv75m-bk.json
2026-02-21 06:49:58 [debug]: [PcWorxScraper] JSON success: Schneider TV Socket AvatarOn A Coaxial 75 Ohm Black M3T1TV75M-BK
2026-02-21 06:50:01 [info]: [SearchService] Raw products scraped: 13
2026-02-21 06:50:01 [info]: [SearchService] Relevance filter: 1/13 products kept
2026-02-21 06:50:01 [info]: [SearchService] Saved 1 products for search #b64a0dae-86a0-4d96-b222-56547dfed6ee
2026-02-21 06:50:39 [debug]: → GET /api/products/pcexpress/d4f2889c-2b96-4606-a20f-559016f0e82f
2026-02-21 06:50:39 [debug]: → GET /api/products/pcexpress/d4f2889c-2b96-4606-a20f-559016f0e82f
2026-02-21 06:50:46 [debug]: → GET /api/search
2026-02-21 06:50:46 [info]: [SearchService] Search #eb051eef-246a-48cf-ac56-e0caef69a51f - "sony tv"
2026-02-21 06:50:47 [debug]: [PcExpressScraper] Calling API: https://pcx.com.ph/search/suggest.json?q=sony%20tv&resources[type]=product&resources[limit]=10
2026-02-21 06:50:47 [debug]: [VillmanScraper] Calling API: https://shop.villman.com/search/suggest.json?q=sony%20tv&resources[type]=product&resources[limit]=10
2026-02-21 06:50:47 [debug]: [PcWorxScraper] Calling API: https://pcworx.ph/search/suggest.json?q=sony%20tv&resources[type]=product&resources[limit]=10
2026-02-21 06:50:47 [info]: [PcWorxScraper] API found 0 product URLs
2026-02-21 06:50:47 [debug]: [PcWorxScraper] Fallback to search page: https://pcworx.ph/search?type=product&q=sony%20tv
2026-02-21 06:50:47 [info]: [PcExpressScraper] API found 0 product URLs
2026-02-21 06:50:47 [debug]: [PcExpressScraper] Fallback to search page: https://pcx.com.ph/search?type=product&q=sony%20tv
2026-02-21 06:50:47 [info]: [VillmanScraper] API found 0 product URLs
2026-02-21 06:50:47 [debug]: [VillmanScraper] Fallback to search page: https://shop.villman.com/search?type=product&q=sony%20tv
2026-02-21 06:51:03 [info]: [VillmanScraper] Fallback found 10 product URLs
2026-02-21 06:51:03 [info]: [PcExpressScraper] Fallback found 10 product URLs
2026-02-21 06:51:04 [info]: [PcWorxScraper] Fallback found 3 product URLs
2026-02-21 06:51:04 [debug]: [VillmanScraper] Scraping JSON: https://shop.villman.com/products/ugreen-hdmi-2-1-male-to-male-cable-3m-black-hd140-80404.json
2026-02-21 06:51:04 [debug]: [PcExpressScraper] Scraping JSON: https://pcx.com.ph/products/sony-playstation5-consoles-slim-nba-2k26-bundle.json
2026-02-21 06:51:04 [debug]: [VillmanScraper] Scraping JSON: https://shop.villman.com/products/asus-rog-phone-9-pro-16gb-512gb-phantom-black.json
2026-02-21 06:51:04 [debug]: [PcExpressScraper] Scraping JSON: https://pcx.com.ph/products/logitech-h390-usb-w-mic-headset.json
2026-02-21 06:51:05 [debug]: [VillmanScraper] JSON success: UGREEN HDMI 2.1 Male To Male Cable - 3m (Black) (HD140/80404)
2026-02-21 06:51:05 [debug]: [PcExpressScraper] JSON success: SONY PlayStation®5 Consoles (Slim) - NBA 2K26 Bundle
2026-02-21 06:51:05 [debug]: [PcExpressScraper] JSON success: LOGITECH H390 USB W/ Mic Headset
2026-02-21 06:51:05 [debug]: [VillmanScraper] JSON success: Asus ROG Phone 9 Pro 16GB/512GB (Phantom Black)
2026-02-21 06:51:05 [debug]: [PcWorxScraper] Scraping JSON: https://pcworx.ph/products/logitech-f310-gamepad-controller.json
2026-02-21 06:51:05 [debug]: [PcWorxScraper] Scraping JSON: https://pcworx.ph/products/data-cable-ust-mhl01-mhl-usb-micro-m-5p-to-hdmi.json
2026-02-21 06:51:06 [debug]: [PcWorxScraper] JSON success: Logitech F310 Gamepad Controller
2026-02-21 06:51:06 [debug]: [PcWorxScraper] JSON success: Data Cable UST-MHL01 MHL USB Micro (M) 5P to HDMI
2026-02-21 06:51:06 [debug]: → GET /api/search
2026-02-21 06:51:06 [info]: [SearchService] Search #3b701582-5961-4627-bc61-298ad4acea47 - "sony tv"
2026-02-21 06:51:07 [debug]: [PcWorxScraper] Calling API: https://pcworx.ph/search/suggest.json?q=sony%20tv&resources[type]=product&resources[limit]=10
2026-02-21 06:51:07 [debug]: [PcExpressScraper] Calling API: https://pcx.com.ph/search/suggest.json?q=sony%20tv&resources[type]=product&resources[limit]=10
2026-02-21 06:51:07 [debug]: [VillmanScraper] Calling API: https://shop.villman.com/search/suggest.json?q=sony%20tv&resources[type]=product&resources[limit]=10
2026-02-21 06:51:07 [info]: [PcWorxScraper] API found 0 product URLs
2026-02-21 06:51:07 [debug]: [PcWorxScraper] Fallback to search page: https://pcworx.ph/search?type=product&q=sony%20tv
2026-02-21 06:51:07 [info]: [PcExpressScraper] API found 0 product URLs
2026-02-21 06:51:07 [debug]: [PcExpressScraper] Fallback to search page: https://pcx.com.ph/search?type=product&q=sony%20tv
2026-02-21 06:51:08 [info]: [VillmanScraper] API found 0 product URLs
2026-02-21 06:51:08 [debug]: [VillmanScraper] Fallback to search page: https://shop.villman.com/search?type=product&q=sony%20tv
2026-02-21 06:51:09 [debug]: [PcExpressScraper] Scraping JSON: https://pcx.com.ph/products/acer-32-nitro-ed320qr-s3-curved-gaming-monitor.json
2026-02-21 06:51:10 [debug]: [PcExpressScraper] Scraping JSON: https://pcx.com.ph/products/logitech-k120-b100-keyboard-and-mouse-combo.json
2026-02-21 06:51:11 [debug]: [VillmanScraper] Scraping JSON: https://shop.villman.com/products/asus-rog-phone-9-fe-12gb-256gb-phantom-black.json
2026-02-21 06:51:11 [debug]: [VillmanScraper] Scraping JSON: https://shop.villman.com/products/asus-rog-phone-9-pro-edition-24gb-1tb-phantom-black.json
2026-02-21 06:51:11 [debug]: [PcExpressScraper] JSON success: ACER 32" Nitro ED320QR S3 Curved Gaming Monitor
2026-02-21 06:51:12 [debug]: [PcWorxScraper] Scraping JSON: https://pcworx.ph/products/schneider-tv-socket-avataron-a-coaxial-75-ohm-black-m3t1tv75m-bk.json
2026-02-21 06:51:12 [debug]: [PcExpressScraper] JSON success: LOGITECH K120+B100 Keyboard and Mouse Combo
2026-02-21 06:51:13 [debug]: [VillmanScraper] JSON success: Asus ROG Phone 9 FE 12GB/256GB (Phantom Black)
2026-02-21 06:51:13 [debug]: [VillmanScraper] JSON success: Asus ROG Phone 9 Pro Edition 24GB/1TB (Phantom Black)
2026-02-21 06:51:13 [debug]: [PcWorxScraper] JSON success: Schneider TV Socket AvatarOn A Coaxial 75 Ohm Black M3T1TV75M-BK
2026-02-21 06:51:15 [info]: [Server] SIGINT received. Shutting down gracefully...
2026-02-21 07:00:21 [info]: [DB] Supabase connection verified.
2026-02-21 07:00:22 [info]: [SearchService] Platform IDs loaded: {"pcexpress":"993de2ca-56cb-4e0f-81cd-2dfe02a42a05","villman":"0b0c896a-5701-4322-9868-11a410385b7c","pcworx":"65a83309-9bea-47ac-9630-0f4596443655"}
2026-02-21 07:00:22 [info]: 🚀 Bakàl backend running on port 3000 [development]
2026-02-21 07:00:38 [debug]: → GET /api/search
2026-02-21 07:00:38 [debug]: → GET /api/search
2026-02-21 07:00:48 [debug]: → GET /api/search/history
2026-02-21 07:00:54 [debug]: → GET /api/search
2026-02-21 07:00:54 [debug]: → GET /api/search
2026-02-21 07:05:14 [debug]: → GET /api/search
2026-02-21 07:05:14 [debug]: → GET /api/search
2026-02-21 07:09:48 [debug]: → POST /api/auth/register
2026-02-21 07:10:03 [debug]: → POST /api/auth/register
2026-02-21 07:10:19 [info]: [Server] SIGINT received. Shutting down gracefully...
2026-02-21 07:10:26 [info]: [DB] Supabase connection verified.
2026-02-21 07:10:27 [info]: [SearchService] Platform IDs loaded: {"pcexpress":"993de2ca-56cb-4e0f-81cd-2dfe02a42a05","villman":"0b0c896a-5701-4322-9868-11a410385b7c","pcworx":"65a83309-9bea-47ac-9630-0f4596443655"}
2026-02-21 07:10:27 [info]: 🚀 Bakàl backend running on port 3000 [development]
2026-02-21 07:10:29 [debug]: → POST /api/auth/register
2026-02-21 07:10:29 [warn]: [ErrorHandler] 409 POST /api/auth/register - Email already in use.
2026-02-21 07:10:30 [debug]: → POST /api/auth/register
2026-02-21 07:10:31 [warn]: [ErrorHandler] 409 POST /api/auth/register - Email already in use.
2026-02-21 07:10:46 [debug]: → POST /api/auth/register
2026-02-21 07:11:50 [info]: [Server] SIGINT received. Shutting down gracefully...
2026-02-21 07:11:57 [info]: [DB] Supabase connection verified.
2026-02-21 07:11:57 [info]: [SearchService] Platform IDs loaded: {"pcexpress":"993de2ca-56cb-4e0f-81cd-2dfe02a42a05","villman":"0b0c896a-5701-4322-9868-11a410385b7c","pcworx":"65a83309-9bea-47ac-9630-0f4596443655"}
2026-02-21 07:11:57 [info]: 🚀 Bakàl backend running on port 3000 [development]
2026-02-21 07:12:40 [debug]: → GET /api/search
2026-02-21 07:12:41 [info]: [SearchService] Search #0f9df10c-3e3b-4dbd-aafb-1b5af3506f92 - "egg"
2026-02-21 07:12:41 [debug]: [PcWorxScraper] Calling API: https://pcworx.ph/search/suggest.json?q=egg&resources[type]=product&resources[limit]=10
2026-02-21 07:12:41 [debug]: [PcExpressScraper] Calling API: https://pcx.com.ph/search/suggest.json?q=egg&resources[type]=product&resources[limit]=10
2026-02-21 07:12:41 [debug]: [VillmanScraper] Calling API: https://shop.villman.com/search/suggest.json?q=egg&resources[type]=product&resources[limit]=10
2026-02-21 07:12:44 [info]: [PcWorxScraper] API found 0 product URLs
2026-02-21 07:12:44 [debug]: [PcWorxScraper] Fallback to search page: https://pcworx.ph/search?type=product&q=egg
2026-02-21 07:12:44 [info]: [PcExpressScraper] API found 0 product URLs
2026-02-21 07:12:44 [debug]: [PcExpressScraper] Fallback to search page: https://pcx.com.ph/search?type=product&q=egg
2026-02-21 07:12:45 [info]: [VillmanScraper] API found 0 product URLs
2026-02-21 07:12:45 [debug]: [VillmanScraper] Fallback to search page: https://shop.villman.com/search?type=product&q=egg
2026-02-21 07:12:57 [info]: [VillmanScraper] Fallback found 10 product URLs
2026-02-21 07:12:58 [debug]: [VillmanScraper] Scraping JSON: https://shop.villman.com/products/microsoft-windows-11-pro-64bit-eng-intl-1pk-dsp-oei-dvd.json
2026-02-21 07:12:58 [debug]: [VillmanScraper] Scraping JSON: https://shop.villman.com/products/microsoft-windows-11-pro-64bit-eng-intl-1pk-dsp-oei-dvd-1.json
2026-02-21 07:12:58 [debug]: [VillmanScraper] JSON success: Microsoft Windows 11 Pro 64Bit Eng Intl 1pk DSP OEI DVD
2026-02-21 07:12:58 [debug]: [VillmanScraper] JSON success: Microsoft Windows 11 Pro 64Bit Eng Intl 1pk DSP OEI DVD
2026-02-21 07:13:00 [debug]: → GET /api/search
2026-02-21 07:13:01 [info]: [SearchService] Search #41ebd1fb-6431-4d3c-ac7b-80d1846a50aa - "egg"
2026-02-21 07:13:01 [info]: [PcExpressScraper] Fallback found 10 product URLs
2026-02-21 07:13:01 [debug]: [VillmanScraper] Scraping JSON: https://shop.villman.com/products/hp-envy-x360-14-fa0075au-glacier-silver-14-in-touch-ryzen-5-8640hs-16gb-512-gb-ssd-amd-radeon-graphics-win.json
2026-02-21 07:13:01 [debug]: [VillmanScraper] Scraping JSON: https://shop.villman.com/products/hp-envy-x360-14-fa0078au-glacier-silver-14-in-touch-ryzen-7-8840hs-16gb-1-tb-ssd-amd-radeon-graphics-win-11.json
2026-02-21 07:13:01 [info]: [PcWorxScraper] Fallback found 1 product URLs
2026-02-21 07:13:02 [debug]: [VillmanScraper] JSON success: HP Envy x360 14-fa0075AU (Glacier Silver) 14-in Touch | Ryzen 5 8640HS | 16GB | 512 GB SSD|AMD Radeon Graphics | Win
2026-02-21 07:13:02 [debug]: [PcWorxScraper] Calling API: https://pcworx.ph/search/suggest.json?q=egg&resources[type]=product&resources[limit]=10
2026-02-21 07:13:02 [debug]: [VillmanScraper] JSON success: HP Envy x360 14-fa0078AU (Glacier Silver) 14-in Touch | Ryzen 7 8840HS | 16GB | 1 TB SSD|AMD Radeon Graphics | Win 11
2026-02-21 07:13:02 [debug]: [PcExpressScraper] Calling API: https://pcx.com.ph/search/suggest.json?q=egg&resources[type]=product&resources[limit]=10
2026-02-21 07:13:02 [debug]: [VillmanScraper] Calling API: https://shop.villman.com/search/suggest.json?q=egg&resources[type]=product&resources[limit]=10
2026-02-21 07:13:03 [info]: [PcExpressScraper] API found 0 product URLs
2026-02-21 07:13:03 [debug]: [PcExpressScraper] Fallback to search page: https://pcx.com.ph/search?type=product&q=egg
2026-02-21 07:13:03 [info]: [PcWorxScraper] API found 0 product URLs
2026-02-21 07:13:03 [debug]: [PcWorxScraper] Fallback to search page: https://pcworx.ph/search?type=product&q=egg
2026-02-21 07:13:03 [info]: [VillmanScraper] API found 0 product URLs
2026-02-21 07:13:03 [debug]: [VillmanScraper] Fallback to search page: https://shop.villman.com/search?type=product&q=egg
2026-02-21 07:13:04 [debug]: [PcWorxScraper] Scraping JSON: https://pcworx.ph/products/simplus-air-fryer-4l-electric-fryer-2-knobs-black.json
2026-02-21 07:13:04 [debug]: [PcExpressScraper] Scraping JSON: https://pcx.com.ph/products/logitech-h390-usb-w-mic-headset.json
2026-02-21 07:13:04 [debug]: [PcExpressScraper] Scraping JSON: https://pcx.com.ph/products/acer-32-nitro-ed320qr-s3-curved-gaming-monitor.json
2026-02-21 07:13:04 [debug]: [PcWorxScraper] JSON success: Simplus Air Fryer 4L Electric Fryer 2 Knobs Black
2026-02-21 07:13:04 [debug]: [PcExpressScraper] JSON success: LOGITECH H390 USB W/ Mic Headset
2026-02-21 07:13:05 [debug]: [PcExpressScraper] JSON success: ACER 32" Nitro ED320QR S3 Curved Gaming Monitor
2026-02-21 07:13:06 [debug]: [VillmanScraper] Scraping JSON: https://shop.villman.com/products/hp-envy-x360-14-fa0079au-glacier-silver-14-in-touch-ryzen-7-8840hs-16gb-1-tb-ssd-amd-radeon-graphics-win-11.json
2026-02-21 07:13:06 [debug]: [VillmanScraper] JSON success: HP Envy x360 14-fa0079AU (Glacier Silver) 14-in Touch | Ryzen 7 8840HS | 16GB | 1 TB SSD|AMD Radeon Graphics | Win 11
2026-02-21 07:13:10 [debug]: [PcExpressScraper] Scraping JSON: https://pcx.com.ph/products/logitech-k120-b100-keyboard-and-mouse-combo.json
2026-02-21 07:13:10 [debug]: [PcExpressScraper] Scraping JSON: https://pcx.com.ph/collections/featured-products/products/gmktec-evo-x2-amd-radeon-8060-graphics-amd-ryzen-ai-max-395-mini-desktop.json
2026-02-21 07:13:11 [debug]: [PcExpressScraper] JSON success: LOGITECH K120+B100 Keyboard and Mouse Combo
2026-02-21 07:13:11 [debug]: [PcExpressScraper] JSON success: GMKTEC EVO X2 AMD Radeon™  8060 Graphics AMD Ryzen™ Ai MAX +395 Mini Desktop
2026-02-21 07:13:16 [debug]: [PcExpressScraper] Scraping JSON: https://pcx.com.ph/collections/featured-products/products/asus-rog-nuc-15-2025-geforce-rtx-5070-ti-rnuc15jnk9x38aa4-mini-desktop.json
2026-02-21 07:13:17 [info]: [VillmanScraper] Fallback found 10 product URLs
2026-02-21 07:13:18 [debug]: [PcExpressScraper] JSON success: ASUS ROG NUC 15 2025 GeForce RTX™ 5070 Ti (RNUC15JNK9X38AA4) Mini Desktop
2026-02-21 07:13:19 [debug]: [VillmanScraper] Scraping JSON: https://shop.villman.com/products/microsoft-windows-11-pro-64bit-eng-intl-1pk-dsp-oei-dvd.json
2026-02-21 07:13:19 [debug]: [VillmanScraper] Scraping JSON: https://shop.villman.com/products/microsoft-windows-11-pro-64bit-eng-intl-1pk-dsp-oei-dvd-1.json
2026-02-21 07:13:19 [info]: [PcExpressScraper] Fallback found 10 product URLs
2026-02-21 07:13:20 [debug]: [VillmanScraper] JSON success: Microsoft Windows 11 Pro 64Bit Eng Intl 1pk DSP OEI DVD
2026-02-21 07:13:20 [debug]: [VillmanScraper] JSON success: Microsoft Windows 11 Pro 64Bit Eng Intl 1pk DSP OEI DVD
2026-02-21 07:13:20 [debug]: [PcExpressScraper] Scraping JSON: https://pcx.com.ph/products/logitech-h390-usb-w-mic-headset.json
2026-02-21 07:13:20 [debug]: [PcExpressScraper] Scraping JSON: https://pcx.com.ph/products/acer-32-nitro-ed320qr-s3-curved-gaming-monitor.json
2026-02-21 07:13:21 [debug]: [PcExpressScraper] JSON success: LOGITECH H390 USB W/ Mic Headset
2026-02-21 07:13:21 [debug]: [PcExpressScraper] JSON success: ACER 32" Nitro ED320QR S3 Curved Gaming Monitor
2026-02-21 07:13:21 [info]: [SearchService] Raw products scraped: 11
2026-02-21 07:13:21 [info]: [SearchService] Relevance filter: 0/11 products kept
2026-02-21 07:13:21 [info]: [SearchService] Saved 0 products for search #0f9df10c-3e3b-4dbd-aafb-1b5af3506f92
2026-02-21 07:13:23 [debug]: [VillmanScraper] Scraping JSON: https://shop.villman.com/products/hp-envy-x360-14-fa0078au-glacier-silver-14-in-touch-ryzen-7-8840hs-16gb-1-tb-ssd-amd-radeon-graphics-win-11.json
2026-02-21 07:13:23 [debug]: [VillmanScraper] Scraping JSON: https://shop.villman.com/products/hp-envy-x360-14-fa0075au-glacier-silver-14-in-touch-ryzen-5-8640hs-16gb-512-gb-ssd-amd-radeon-graphics-win.json
2026-02-21 07:13:23 [debug]: [VillmanScraper] JSON success: HP Envy x360 14-fa0078AU (Glacier Silver) 14-in Touch | Ryzen 7 8840HS | 16GB | 1 TB SSD|AMD Radeon Graphics | Win 11
2026-02-21 07:13:23 [debug]: [VillmanScraper] JSON success: HP Envy x360 14-fa0075AU (Glacier Silver) 14-in Touch | Ryzen 5 8640HS | 16GB | 512 GB SSD|AMD Radeon Graphics | Win
2026-02-21 07:13:25 [debug]: [PcExpressScraper] Scraping JSON: https://pcx.com.ph/products/logitech-k120-b100-keyboard-and-mouse-combo.json
2026-02-21 07:13:25 [debug]: [PcExpressScraper] Scraping JSON: https://pcx.com.ph/collections/featured-products/products/gmktec-evo-x2-amd-radeon-8060-graphics-amd-ryzen-ai-max-395-mini-desktop.json
2026-02-21 07:13:26 [debug]: [PcExpressScraper] JSON success: LOGITECH K120+B100 Keyboard and Mouse Combo
2026-02-21 07:13:26 [debug]: [PcExpressScraper] JSON success: GMKTEC EVO X2 AMD Radeon™  8060 Graphics AMD Ryzen™ Ai MAX +395 Mini Desktop
2026-02-21 07:13:27 [debug]: [VillmanScraper] Scraping JSON: https://shop.villman.com/products/hp-envy-x360-14-fa0079au-glacier-silver-14-in-touch-ryzen-7-8840hs-16gb-1-tb-ssd-amd-radeon-graphics-win-11.json
2026-02-21 07:13:27 [debug]: [VillmanScraper] JSON success: HP Envy x360 14-fa0079AU (Glacier Silver) 14-in Touch | Ryzen 7 8840HS | 16GB | 1 TB SSD|AMD Radeon Graphics | Win 11
2026-02-21 07:13:28 [info]: [PcWorxScraper] Fallback found 1 product URLs
2026-02-21 07:13:28 [debug]: [PcWorxScraper] Scraping JSON: https://pcworx.ph/products/simplus-air-fryer-4l-electric-fryer-2-knobs-black.json
2026-02-21 07:13:29 [debug]: [PcWorxScraper] JSON success: Simplus Air Fryer 4L Electric Fryer 2 Knobs Black
2026-02-21 07:13:30 [debug]: [PcExpressScraper] Scraping JSON: https://pcx.com.ph/collections/featured-products/products/asus-rog-nuc-15-2025-geforce-rtx-5070-ti-rnuc15jnk9x38aa4-mini-desktop.json
2026-02-21 07:13:30 [debug]: [PcExpressScraper] JSON success: ASUS ROG NUC 15 2025 GeForce RTX™ 5070 Ti (RNUC15JNK9X38AA4) Mini Desktop
2026-02-21 07:13:34 [info]: [SearchService] Raw products scraped: 11
2026-02-21 07:13:34 [info]: [SearchService] Relevance filter: 0/11 products kept
2026-02-21 07:13:34 [info]: [SearchService] Saved 0 products for search #41ebd1fb-6431-4d3c-ac7b-80d1846a50aa
2026-02-21 07:13:46 [debug]: → GET /api/search
2026-02-21 07:13:47 [info]: [SearchService] Search #5945dc5c-dd8c-445d-87fa-80ebe3901541 - "i5 ryzen"
2026-02-21 07:13:47 [debug]: [PcExpressScraper] Calling API: https://pcx.com.ph/search/suggest.json?q=i5%20ryzen&resources[type]=product&resources[limit]=10
2026-02-21 07:13:47 [debug]: [VillmanScraper] Calling API: https://shop.villman.com/search/suggest.json?q=i5%20ryzen&resources[type]=product&resources[limit]=10
2026-02-21 07:13:47 [debug]: [PcWorxScraper] Calling API: https://pcworx.ph/search/suggest.json?q=i5%20ryzen&resources[type]=product&resources[limit]=10
2026-02-21 07:13:48 [info]: [PcExpressScraper] API found 0 product URLs
2026-02-21 07:13:48 [debug]: [PcExpressScraper] Fallback to search page: https://pcx.com.ph/search?type=product&q=i5%20ryzen
2026-02-21 07:13:48 [info]: [VillmanScraper] API found 0 product URLs
2026-02-21 07:13:48 [debug]: [VillmanScraper] Fallback to search page: https://shop.villman.com/search?type=product&q=i5%20ryzen
2026-02-21 07:13:48 [info]: [PcWorxScraper] API found 0 product URLs
2026-02-21 07:13:48 [debug]: [PcWorxScraper] Fallback to search page: https://pcworx.ph/search?type=product&q=i5%20ryzen
2026-02-21 07:14:12 [info]: [Server] SIGINT received. Shutting down gracefully...
2026-02-21 07:14:12 [warn]: [Retry] VillmanScraper.search failed (attempt 1/3). Retrying in 2378ms. Error: page.goto: Target page, context or browser has been closed
Call log:
[2m  - navigating to "https://shop.villman.com/search?type=product&q=i5%20ryzen", waiting until "load"[22m

2026-02-21 07:14:12 [warn]: [Retry] PcWorxScraper.search failed (attempt 1/3). Retrying in 2384ms. Error: page.goto: net::ERR_ABORTED at https://pcworx.ph/search?type=product&q=i5%20ryzen
Call log:
[2m  - navigating to "https://pcworx.ph/search?type=product&q=i5%20ryzen", waiting until "load"[22m

2026-02-21 07:14:12 [warn]: [Retry] PcExpressScraper.search failed (attempt 1/3). Retrying in 2277ms. Error: page.goto: Target page, context or browser has been closed
Call log:
[2m  - navigating to "https://pcx.com.ph/search?type=product&q=i5%20ryzen", waiting until "load"[22m

2026-02-21 07:14:30 [error]: [DB] Supabase connection failed:
2026-02-21 07:14:53 [error]: [DB] Supabase connection failed:
2026-02-21 07:18:24 [info]: [DB] Supabase connection verified.
2026-02-21 07:18:24 [info]: [SearchService] Platform IDs loaded: {"pcexpress":"993de2ca-56cb-4e0f-81cd-2dfe02a42a05","villman":"0b0c896a-5701-4322-9868-11a410385b7c","pcworx":"65a83309-9bea-47ac-9630-0f4596443655"}
2026-02-21 07:18:24 [info]: 🚀 Bakàl backend running on port 3000 [development]
2026-02-21 07:18:47 [info]: [DB] Supabase connection verified.
2026-02-21 07:18:48 [info]: [SearchService] Platform IDs loaded: {"pcexpress":"993de2ca-56cb-4e0f-81cd-2dfe02a42a05","villman":"0b0c896a-5701-4322-9868-11a410385b7c","pcworx":"65a83309-9bea-47ac-9630-0f4596443655"}
2026-02-21 07:19:03 [info]: [Server] SIGINT received. Shutting down gracefully...
2026-02-21 07:19:10 [info]: [DB] Supabase connection verified.
2026-02-21 07:19:10 [info]: [SearchService] Platform IDs loaded: {"pcexpress":"993de2ca-56cb-4e0f-81cd-2dfe02a42a05","villman":"0b0c896a-5701-4322-9868-11a410385b7c","pcworx":"65a83309-9bea-47ac-9630-0f4596443655"}
2026-02-21 07:19:10 [info]: 🚀 Bakàl backend running on port 3000 [development]
2026-02-21 07:19:19 [debug]: → GET /api/search
2026-02-21 07:19:19 [info]: [SearchService] Search #5279c441-9e13-4288-9889-d428a1692502 - "i5 ryzen"
2026-02-21 07:19:20 [debug]: [PcExpressScraper] Calling API: https://pcx.com.ph/search/suggest.json?q=i5%20ryzen&resources[type]=product&resources[limit]=10
2026-02-21 07:19:20 [debug]: [PcWorxScraper] Calling API: https://pcworx.ph/search/suggest.json?q=i5%20ryzen&resources[type]=product&resources[limit]=10
2026-02-21 07:19:20 [debug]: [VillmanScraper] Calling API: https://shop.villman.com/search/suggest.json?q=i5%20ryzen&resources[type]=product&resources[limit]=10
2026-02-21 07:19:20 [info]: [PcExpressScraper] API found 0 product URLs
2026-02-21 07:19:20 [debug]: [PcExpressScraper] Fallback to search page: https://pcx.com.ph/search?type=product&q=i5%20ryzen
2026-02-21 07:19:20 [info]: [PcWorxScraper] API found 0 product URLs
2026-02-21 07:19:20 [debug]: [PcWorxScraper] Fallback to search page: https://pcworx.ph/search?type=product&q=i5%20ryzen
2026-02-21 07:19:20 [info]: [VillmanScraper] API found 0 product URLs
2026-02-21 07:19:20 [debug]: [VillmanScraper] Fallback to search page: https://shop.villman.com/search?type=product&q=i5%20ryzen
2026-02-21 07:19:29 [debug]: → GET /api/search
2026-02-21 07:19:30 [info]: [SearchService] Search #ee9fd9d9-4113-4fe1-8199-20dcd62ab23c - "keyboard"
2026-02-21 07:19:33 [debug]: [VillmanScraper] Calling API: https://shop.villman.com/search/suggest.json?q=keyboard&resources[type]=product&resources[limit]=10
2026-02-21 07:19:33 [debug]: [PcExpressScraper] Calling API: https://pcx.com.ph/search/suggest.json?q=keyboard&resources[type]=product&resources[limit]=10
2026-02-21 07:19:33 [debug]: [PcWorxScraper] Calling API: https://pcworx.ph/search/suggest.json?q=keyboard&resources[type]=product&resources[limit]=10
2026-02-21 07:19:33 [info]: [PcWorxScraper] API found 5 product URLs
2026-02-21 07:19:33 [info]: [PcExpressScraper] API found 5 product URLs
2026-02-21 07:19:34 [info]: [VillmanScraper] API found 5 product URLs
2026-02-21 07:19:35 [debug]: [PcWorxScraper] Scraping JSON: https://pcworx.ph/products/redragon-k617-fizz-60-wired-rgb-gaming-keyboard-61-keys-compact-mechanical.json
2026-02-21 07:19:36 [debug]: [PcWorxScraper] Scraping JSON: https://pcworx.ph/products/razer-rz03-04460100-r3m1-ornata-v3-low-profile-gaming-keyboard.json
2026-02-21 07:19:36 [debug]: [VillmanScraper] Scraping JSON: https://shop.villman.com/products/aula-f2088-pro-wired-mechanical-gaming-keyboard-copy.json
2026-02-21 07:19:36 [debug]: [PcWorxScraper] JSON success: Redragon K617 Fizz 60% Wired Rgb Gaming Keyboard 61 Keys Compact Mechanical
2026-02-21 07:19:36 [debug]: [PcExpressScraper] Scraping JSON: https://pcx.com.ph/products/asus-tuf-gaming-k1-rgb-gaming-keyboard.json
2026-02-21 07:19:37 [debug]: [VillmanScraper] Scraping JSON: https://shop.villman.com/products/aula-ac101-usb-wired-keyboard-mouse-combo-copy.json
2026-02-21 07:19:37 [debug]: [VillmanScraper] JSON success: Aula F2058 Wired Mechanical Gaming Keyboard
2026-02-21 07:19:37 [debug]: [PcWorxScraper] JSON success: Razer RZ03-04460100-R3M1 Ornata V3 Low Profile Gaming Keyboard
2026-02-21 07:19:37 [debug]: [PcExpressScraper] Scraping JSON: https://pcx.com.ph/products/rapoo-nx1600-usb-keyboard-and-mouse-combo.json
2026-02-21 07:19:37 [debug]: [VillmanScraper] JSON success: Aula AWK310 Bluetooth Keyboard
2026-02-21 07:19:37 [debug]: [PcExpressScraper] JSON success: ASUS TUF Gaming K1 RGB Gaming Keyboard
2026-02-21 07:19:37 [debug]: [PcExpressScraper] JSON success: RAPOO NX1600 USB Keyboard and Mouse Combo
2026-02-21 07:19:38 [info]: [VillmanScraper] Fallback found 0 product URLs
2026-02-21 07:19:39 [debug]: → GET /api/search
2026-02-21 07:19:39 [info]: [SearchService] Search #4b90e2db-1183-4953-b361-59af6bb5c364 - "i5 ryzen"
2026-02-21 07:19:40 [debug]: [PcWorxScraper] Calling API: https://pcworx.ph/search/suggest.json?q=i5%20ryzen&resources[type]=product&resources[limit]=10
2026-02-21 07:19:40 [debug]: [VillmanScraper] Calling API: https://shop.villman.com/search/suggest.json?q=i5%20ryzen&resources[type]=product&resources[limit]=10
2026-02-21 07:19:41 [info]: [PcExpressScraper] Fallback found 10 product URLs
2026-02-21 07:19:41 [info]: [PcWorxScraper] Fallback found 1 product URLs
2026-02-21 07:19:41 [info]: [PcWorxScraper] API found 0 product URLs
2026-02-21 07:19:41 [debug]: [PcWorxScraper] Fallback to search page: https://pcworx.ph/search?type=product&q=i5%20ryzen
2026-02-21 07:19:41 [info]: [VillmanScraper] API found 0 product URLs
2026-02-21 07:19:41 [debug]: [VillmanScraper] Fallback to search page: https://shop.villman.com/search?type=product&q=i5%20ryzen
2026-02-21 07:19:41 [debug]: [PcExpressScraper] Calling API: https://pcx.com.ph/search/suggest.json?q=i5%20ryzen&resources[type]=product&resources[limit]=10
2026-02-21 07:19:41 [debug]: [PcExpressScraper] Scraping JSON: https://pcx.com.ph/products/logitech-k650-signature-multi-device-wireless-keyboard-off-white.json
2026-02-21 07:19:42 [debug]: [PcExpressScraper] Scraping JSON: https://pcx.com.ph/products/logitech-g713-wired-tactile-gaming-keyboard.json
2026-02-21 07:19:42 [info]: [PcExpressScraper] API found 0 product URLs
2026-02-21 07:19:42 [debug]: [PcExpressScraper] Fallback to search page: https://pcx.com.ph/search?type=product&q=i5%20ryzen
2026-02-21 07:19:42 [debug]: [PcExpressScraper] JSON success: LOGITECH G713 Wired (Tactile) Gaming Keyboard
2026-02-21 07:19:43 [debug]: [PcExpressScraper] JSON success: LOGITECH K650 SIGNATURE Multi-Device Wireless Keyboard (Off White)
2026-02-21 07:19:43 [debug]: [VillmanScraper] Scraping JSON: https://shop.villman.com/products/aula-f75-mechanical-keyboard-copy.json
2026-02-21 07:19:43 [debug]: [VillmanScraper] Scraping JSON: https://shop.villman.com/products/alienware-advanced-gaming-keyboard-aw568.json
2026-02-21 07:19:44 [debug]: [PcWorxScraper] Scraping JSON: https://pcworx.ph/products/a4tech-kk-3-multimedia-fn-wired-keyboard-1.json
2026-02-21 07:19:44 [debug]: [VillmanScraper] JSON success: Aula F87 Mechanical Keyboard
2026-02-21 07:19:44 [debug]: [PcWorxScraper] Scraping JSON: https://pcworx.ph/products/darkflash-gd108-mechanical-keyboard-brown-sugar-blue-milk-brown.json
2026-02-21 07:19:44 [debug]: [VillmanScraper] JSON success: Alienware Advanced Gaming Keyboard – AW568
2026-02-21 07:19:46 [debug]: [PcExpressScraper] Scraping JSON: https://pcx.com.ph/products/nzxt-kraken-elite-240-rgb-w-lcd-v2-all-in-one-liquid-cooler-fan-white.json
2026-02-21 07:19:47 [debug]: [PcExpressScraper] Scraping JSON: https://pcx.com.ph/products/logitech-h390-usb-w-mic-headset.json
2026-02-21 07:19:47 [debug]: [PcWorxScraper] JSON success: DarkFlash GD108 Mechanical Keyboard Brown Sugar / Milk & Brown/ Blue
2026-02-21 07:19:47 [debug]: [PcWorxScraper] JSON success: A4Tech KK-3 Multimedia FN Wired Keyboard
2026-02-21 07:19:47 [debug]: [PcWorxScraper] Scraping JSON: https://pcworx.ph/products/deepcool-ice-edge-mini-fs-v2-0-cpu-cooler.json
2026-02-21 07:19:48 [debug]: [PcExpressScraper] JSON success: NZXT KRAKEN Elite 240 RGB w/ LCD V2 All-in-One Liquid Cooler Fan (White)
2026-02-21 07:19:48 [debug]: [PcWorxScraper] JSON success: Deepcool Ice Edge Mini Fs V2.0 CPU Cooler
2026-02-21 07:19:49 [debug]: [PcExpressScraper] JSON success: LOGITECH H390 USB W/ Mic Headset
2026-02-21 07:19:50 [debug]: [VillmanScraper] Scraping JSON: https://shop.villman.com/products/aula-f99-3-in-1-rgb-gaming-mechanical-hot-swappable-keyboard-copy.json
2026-02-21 07:19:50 [debug]: [PcExpressScraper] Scraping JSON: https://pcx.com.ph/products/logitech-k120-b100-keyboard-and-mouse-combo.json
2026-02-21 07:19:51 [debug]: [PcWorxScraper] Scraping JSON: https://pcworx.ph/products/redragon-k717-alcor-rgb-wireless-gaming-keyboard.json
2026-02-21 07:19:53 [debug]: [VillmanScraper] JSON success: Aula F75 Mechanical Keyboard
2026-02-21 07:19:53 [debug]: [PcExpressScraper] JSON success: LOGITECH K120+B100 Keyboard and Mouse Combo
2026-02-21 07:19:54 [debug]: [PcWorxScraper] JSON success: Redragon K717 ALCOR RGB Wireless Gaming Keyboard
2026-02-21 07:19:54 [debug]: [PcExpressScraper] Scraping JSON: https://pcx.com.ph/products/acer-32-nitro-ed320qr-s3-curved-gaming-monitor.json
2026-02-21 07:19:55 [debug]: [PcExpressScraper] Scraping JSON: https://pcx.com.ph/products/logitech-k120-b100-keyboard-and-mouse-combo.json
2026-02-21 07:19:57 [info]: [SearchService] Raw products scraped: 15
2026-02-21 07:19:57 [info]: [SearchService] Relevance filter: 15/15 products kept
2026-02-21 07:19:58 [debug]: [PcExpressScraper] JSON success: ACER 32" Nitro ED320QR S3 Curved Gaming Monitor
2026-02-21 07:19:58 [debug]: [PcExpressScraper] JSON success: LOGITECH K120+B100 Keyboard and Mouse Combo
2026-02-21 07:20:00 [info]: [VillmanScraper] Fallback found 0 product URLs
2026-02-21 07:20:02 [debug]: [PcExpressScraper] Scraping JSON: https://pcx.com.ph/collections/featured-products/products/gmktec-evo-x2-amd-radeon-8060-graphics-amd-ryzen-ai-max-395-mini-desktop.json
2026-02-21 07:20:02 [info]: [SearchService] Saved 15 products for search #ee9fd9d9-4113-4fe1-8199-20dcd62ab23c
2026-02-21 07:20:02 [debug]: [PcExpressScraper] JSON success: GMKTEC EVO X2 AMD Radeon™  8060 Graphics AMD Ryzen™ Ai MAX +395 Mini Desktop
2026-02-21 07:20:05 [info]: [SearchService] Raw products scraped: 6
2026-02-21 07:20:05 [info]: [SearchService] Relevance filter: 1/6 products kept
2026-02-21 07:20:05 [info]: [SearchService] Saved 1 products for search #5279c441-9e13-4288-9889-d428a1692502
2026-02-21 07:20:06 [info]: [PcWorxScraper] Fallback found 1 product URLs
2026-02-21 07:20:07 [debug]: [PcWorxScraper] Scraping JSON: https://pcworx.ph/products/deepcool-ice-edge-mini-fs-v2-0-cpu-cooler.json
2026-02-21 07:20:07 [info]: [PcExpressScraper] Fallback found 10 product URLs
2026-02-21 07:20:07 [debug]: [PcWorxScraper] JSON success: Deepcool Ice Edge Mini Fs V2.0 CPU Cooler
2026-02-21 07:20:08 [debug]: [PcExpressScraper] Scraping JSON: https://pcx.com.ph/products/nzxt-kraken-elite-240-rgb-w-lcd-v2-all-in-one-liquid-cooler-fan-white.json
2026-02-21 07:20:08 [debug]: [PcExpressScraper] Scraping JSON: https://pcx.com.ph/products/logitech-h390-usb-w-mic-headset.json
2026-02-21 07:20:08 [debug]: [PcExpressScraper] JSON success: NZXT KRAKEN Elite 240 RGB w/ LCD V2 All-in-One Liquid Cooler Fan (White)
2026-02-21 07:20:08 [debug]: [PcExpressScraper] JSON success: LOGITECH H390 USB W/ Mic Headset
2026-02-21 07:20:12 [debug]: [PcExpressScraper] Scraping JSON: https://pcx.com.ph/products/acer-32-nitro-ed320qr-s3-curved-gaming-monitor.json
2026-02-21 07:20:12 [debug]: [PcExpressScraper] Scraping JSON: https://pcx.com.ph/products/logitech-k120-b100-keyboard-and-mouse-combo.json
2026-02-21 07:20:12 [debug]: [PcExpressScraper] JSON success: ACER 32" Nitro ED320QR S3 Curved Gaming Monitor
2026-02-21 07:20:12 [debug]: [PcExpressScraper] JSON success: LOGITECH K120+B100 Keyboard and Mouse Combo
2026-02-21 07:20:15 [debug]: [PcExpressScraper] Scraping JSON: https://pcx.com.ph/collections/featured-products/products/gmktec-evo-x2-amd-radeon-8060-graphics-amd-ryzen-ai-max-395-mini-desktop.json
2026-02-21 07:20:15 [debug]: [PcExpressScraper] JSON success: GMKTEC EVO X2 AMD Radeon™  8060 Graphics AMD Ryzen™ Ai MAX +395 Mini Desktop
2026-02-21 07:20:18 [info]: [SearchService] Raw products scraped: 6
2026-02-21 07:20:18 [info]: [SearchService] Relevance filter: 1/6 products kept
2026-02-21 07:20:19 [info]: [SearchService] Saved 1 products for search #4b90e2db-1183-4953-b361-59af6bb5c364
2026-02-21 07:20:54 [debug]: → GET /api/search
2026-02-21 07:20:54 [info]: [SearchService] Search #eb7c0ff4-6771-4cdb-89c0-220b641a6be9 - "keyboard"
2026-02-21 07:20:55 [debug]: [PcWorxScraper] Calling API: https://pcworx.ph/search/suggest.json?q=keyboard&resources[type]=product&resources[limit]=10
2026-02-21 07:20:55 [debug]: [PcExpressScraper] Calling API: https://pcx.com.ph/search/suggest.json?q=keyboard&resources[type]=product&resources[limit]=10
2026-02-21 07:20:55 [debug]: [VillmanScraper] Calling API: https://shop.villman.com/search/suggest.json?q=keyboard&resources[type]=product&resources[limit]=10
2026-02-21 07:20:55 [info]: [PcWorxScraper] API found 5 product URLs
2026-02-21 07:20:55 [info]: [PcExpressScraper] API found 5 product URLs
2026-02-21 07:20:55 [info]: [VillmanScraper] API found 5 product URLs
2026-02-21 07:20:56 [debug]: [PcExpressScraper] Scraping JSON: https://pcx.com.ph/products/asus-tuf-gaming-k1-rgb-gaming-keyboard.json
2026-02-21 07:20:56 [debug]: [PcWorxScraper] Scraping JSON: https://pcworx.ph/products/redragon-k617-fizz-60-wired-rgb-gaming-keyboard-61-keys-compact-mechanical.json
2026-02-21 07:20:56 [debug]: [PcWorxScraper] Scraping JSON: https://pcworx.ph/products/razer-rz03-04460100-r3m1-ornata-v3-low-profile-gaming-keyboard.json
2026-02-21 07:20:56 [debug]: [VillmanScraper] Scraping JSON: https://shop.villman.com/products/aula-f2088-pro-wired-mechanical-gaming-keyboard-copy.json
2026-02-21 07:20:56 [debug]: [PcExpressScraper] JSON success: ASUS TUF Gaming K1 RGB Gaming Keyboard
2026-02-21 07:20:56 [debug]: [PcExpressScraper] Scraping JSON: https://pcx.com.ph/products/rapoo-nx1600-usb-keyboard-and-mouse-combo.json
2026-02-21 07:20:56 [debug]: [VillmanScraper] Scraping JSON: https://shop.villman.com/products/aula-ac101-usb-wired-keyboard-mouse-combo-copy.json
2026-02-21 07:20:57 [debug]: [PcWorxScraper] JSON success: Razer RZ03-04460100-R3M1 Ornata V3 Low Profile Gaming Keyboard
2026-02-21 07:20:57 [debug]: [PcWorxScraper] JSON success: Redragon K617 Fizz 60% Wired Rgb Gaming Keyboard 61 Keys Compact Mechanical
2026-02-21 07:20:57 [debug]: [VillmanScraper] JSON success: Aula F2058 Wired Mechanical Gaming Keyboard
2026-02-21 07:20:57 [debug]: [PcExpressScraper] JSON success: RAPOO NX1600 USB Keyboard and Mouse Combo
2026-02-21 07:20:57 [debug]: [VillmanScraper] JSON success: Aula AWK310 Bluetooth Keyboard
2026-02-21 07:20:59 [debug]: [VillmanScraper] Scraping JSON: https://shop.villman.com/products/alienware-advanced-gaming-keyboard-aw568.json
2026-02-21 07:20:59 [debug]: [VillmanScraper] Scraping JSON: https://shop.villman.com/products/aula-f75-mechanical-keyboard-copy.json
2026-02-21 07:20:59 [debug]: [VillmanScraper] JSON success: Alienware Advanced Gaming Keyboard – AW568
2026-02-21 07:21:00 [debug]: [VillmanScraper] JSON success: Aula F87 Mechanical Keyboard
2026-02-21 07:21:01 [debug]: [PcWorxScraper] Scraping JSON: https://pcworx.ph/products/a4tech-kk-3-multimedia-fn-wired-keyboard-1.json
2026-02-21 07:21:01 [debug]: [PcWorxScraper] Scraping JSON: https://pcworx.ph/products/darkflash-gd108-mechanical-keyboard-brown-sugar-blue-milk-brown.json
2026-02-21 07:21:01 [debug]: [PcExpressScraper] Scraping JSON: https://pcx.com.ph/products/logitech-k650-signature-multi-device-wireless-keyboard-off-white.json
2026-02-21 07:21:01 [debug]: [PcExpressScraper] Scraping JSON: https://pcx.com.ph/products/logitech-g713-wired-tactile-gaming-keyboard.json
2026-02-21 07:21:01 [debug]: [PcWorxScraper] JSON success: A4Tech KK-3 Multimedia FN Wired Keyboard
2026-02-21 07:21:01 [debug]: [PcWorxScraper] JSON success: DarkFlash GD108 Mechanical Keyboard Brown Sugar / Milk & Brown/ Blue
2026-02-21 07:21:01 [debug]: [PcExpressScraper] JSON success: LOGITECH K650 SIGNATURE Multi-Device Wireless Keyboard (Off White)
2026-02-21 07:21:01 [debug]: [PcExpressScraper] JSON success: LOGITECH G713 Wired (Tactile) Gaming Keyboard
2026-02-21 07:21:03 [debug]: [VillmanScraper] Scraping JSON: https://shop.villman.com/products/aula-f99-3-in-1-rgb-gaming-mechanical-hot-swappable-keyboard-copy.json
2026-02-21 07:21:04 [debug]: [PcWorxScraper] Scraping JSON: https://pcworx.ph/products/redragon-k717-alcor-rgb-wireless-gaming-keyboard.json
2026-02-21 07:21:04 [debug]: [VillmanScraper] JSON success: Aula F75 Mechanical Keyboard
2026-02-21 07:21:04 [debug]: [PcWorxScraper] JSON success: Redragon K717 ALCOR RGB Wireless Gaming Keyboard
2026-02-21 07:21:05 [debug]: [PcExpressScraper] Scraping JSON: https://pcx.com.ph/products/logitech-k120-b100-keyboard-and-mouse-combo.json
2026-02-21 07:21:05 [debug]: [PcExpressScraper] JSON success: LOGITECH K120+B100 Keyboard and Mouse Combo
2026-02-21 07:21:09 [info]: [SearchService] Raw products scraped: 15
2026-02-21 07:21:09 [info]: [SearchService] Relevance filter: 15/15 products kept
2026-02-21 07:21:12 [info]: [SearchService] Saved 15 products for search #eb7c0ff4-6771-4cdb-89c0-220b641a6be9
2026-02-21 07:21:12 [debug]: → GET /api/search
2026-02-21 07:21:13 [info]: [SearchService] Search #f7e03991-3e6c-45be-8e49-681efcebe52a - "keyboard"
2026-02-21 07:21:14 [debug]: [PcExpressScraper] Calling API: https://pcx.com.ph/search/suggest.json?q=keyboard&resources[type]=product&resources[limit]=10
2026-02-21 07:21:14 [debug]: [PcWorxScraper] Calling API: https://pcworx.ph/search/suggest.json?q=keyboard&resources[type]=product&resources[limit]=10
2026-02-21 07:21:14 [debug]: [VillmanScraper] Calling API: https://shop.villman.com/search/suggest.json?q=keyboard&resources[type]=product&resources[limit]=10
2026-02-21 07:21:14 [info]: [PcExpressScraper] API found 5 product URLs
2026-02-21 07:21:14 [info]: [PcWorxScraper] API found 5 product URLs
2026-02-21 07:21:14 [info]: [VillmanScraper] API found 5 product URLs
2026-02-21 07:21:15 [debug]: [PcExpressScraper] Scraping JSON: https://pcx.com.ph/products/rapoo-nx1600-usb-keyboard-and-mouse-combo.json
2026-02-21 07:21:15 [debug]: [PcExpressScraper] Scraping JSON: https://pcx.com.ph/products/asus-tuf-gaming-k1-rgb-gaming-keyboard.json
2026-02-21 07:21:15 [debug]: [PcWorxScraper] Scraping JSON: https://pcworx.ph/products/razer-rz03-04460100-r3m1-ornata-v3-low-profile-gaming-keyboard.json
2026-02-21 07:21:16 [debug]: [PcWorxScraper] Scraping JSON: https://pcworx.ph/products/redragon-k617-fizz-60-wired-rgb-gaming-keyboard-61-keys-compact-mechanical.json
2026-02-21 07:21:16 [debug]: [VillmanScraper] Scraping JSON: https://shop.villman.com/products/aula-f2088-pro-wired-mechanical-gaming-keyboard-copy.json
2026-02-21 07:21:16 [debug]: [VillmanScraper] Scraping JSON: https://shop.villman.com/products/aula-ac101-usb-wired-keyboard-mouse-combo-copy.json
2026-02-21 07:21:16 [debug]: [PcWorxScraper] JSON success: Razer RZ03-04460100-R3M1 Ornata V3 Low Profile Gaming Keyboard
2026-02-21 07:21:16 [debug]: [PcExpressScraper] JSON success: RAPOO NX1600 USB Keyboard and Mouse Combo
2026-02-21 07:21:16 [debug]: [PcExpressScraper] JSON success: ASUS TUF Gaming K1 RGB Gaming Keyboard
2026-02-21 07:21:16 [debug]: [PcWorxScraper] JSON success: Redragon K617 Fizz 60% Wired Rgb Gaming Keyboard 61 Keys Compact Mechanical
2026-02-21 07:21:16 [debug]: [VillmanScraper] JSON success: Aula F2058 Wired Mechanical Gaming Keyboard
2026-02-21 07:21:16 [debug]: [VillmanScraper] JSON success: Aula AWK310 Bluetooth Keyboard
2026-02-21 07:21:18 [debug]: [PcWorxScraper] Scraping JSON: https://pcworx.ph/products/a4tech-kk-3-multimedia-fn-wired-keyboard-1.json
2026-02-21 07:21:18 [debug]: [PcWorxScraper] Scraping JSON: https://pcworx.ph/products/darkflash-gd108-mechanical-keyboard-brown-sugar-blue-milk-brown.json
2026-02-21 07:21:19 [debug]: [PcWorxScraper] JSON success: A4Tech KK-3 Multimedia FN Wired Keyboard
2026-02-21 07:21:19 [debug]: [PcWorxScraper] JSON success: DarkFlash GD108 Mechanical Keyboard Brown Sugar / Milk & Brown/ Blue
2026-02-21 07:21:19 [debug]: [VillmanScraper] Scraping JSON: https://shop.villman.com/products/alienware-advanced-gaming-keyboard-aw568.json
2026-02-21 07:21:19 [debug]: [VillmanScraper] Scraping JSON: https://shop.villman.com/products/aula-f75-mechanical-keyboard-copy.json
2026-02-21 07:21:20 [debug]: [VillmanScraper] JSON success: Aula F87 Mechanical Keyboard
2026-02-21 07:21:20 [debug]: [VillmanScraper] JSON success: Alienware Advanced Gaming Keyboard – AW568
2026-02-21 07:21:20 [debug]: [PcExpressScraper] Scraping JSON: https://pcx.com.ph/products/logitech-g713-wired-tactile-gaming-keyboard.json
2026-02-21 07:21:20 [debug]: [PcExpressScraper] Scraping JSON: https://pcx.com.ph/products/logitech-k650-signature-multi-device-wireless-keyboard-off-white.json
2026-02-21 07:21:20 [debug]: [PcExpressScraper] JSON success: LOGITECH K650 SIGNATURE Multi-Device Wireless Keyboard (Off White)
2026-02-21 07:21:20 [debug]: [PcExpressScraper] JSON success: LOGITECH G713 Wired (Tactile) Gaming Keyboard
2026-02-21 07:21:23 [debug]: [PcWorxScraper] Scraping JSON: https://pcworx.ph/products/redragon-k717-alcor-rgb-wireless-gaming-keyboard.json
2026-02-21 07:21:23 [debug]: [VillmanScraper] Scraping JSON: https://shop.villman.com/products/aula-f99-3-in-1-rgb-gaming-mechanical-hot-swappable-keyboard-copy.json
2026-02-21 07:21:23 [debug]: [PcWorxScraper] JSON success: Redragon K717 ALCOR RGB Wireless Gaming Keyboard
2026-02-21 07:21:24 [debug]: [PcExpressScraper] Scraping JSON: https://pcx.com.ph/products/logitech-k120-b100-keyboard-and-mouse-combo.json
2026-02-21 07:21:24 [debug]: [VillmanScraper] JSON success: Aula F75 Mechanical Keyboard
2026-02-21 07:21:24 [debug]: [PcExpressScraper] JSON success: LOGITECH K120+B100 Keyboard and Mouse Combo
2026-02-21 07:21:27 [info]: [SearchService] Raw products scraped: 15
2026-02-21 07:21:27 [info]: [SearchService] Relevance filter: 15/15 products kept
2026-02-21 07:21:31 [info]: [SearchService] Saved 15 products for search #f7e03991-3e6c-45be-8e49-681efcebe52a
2026-02-21 07:26:47 [debug]: → GET /api/search/history
2026-02-21 07:27:03 [debug]: → DELETE /api/search/history
2026-02-21 07:28:55 [debug]: → GET /api/search/history
2026-02-21 07:58:09 [error]: [DB] Supabase connection failed:
2026-02-21 07:58:58 [error]: [DB] Supabase connection failed:
2026-02-21 15:13:01 [info]: [DB] Supabase connection verified.
2026-02-21 15:13:02 [info]: [SearchService] Platform IDs loaded: {"pcexpress":"993de2ca-56cb-4e0f-81cd-2dfe02a42a05","villman":"0b0c896a-5701-4322-9868-11a410385b7c","pcworx":"65a83309-9bea-47ac-9630-0f4596443655"}
2026-02-21 15:13:02 [info]: 🚀 Bakàl backend running on port 3000 [development]
2026-02-21 15:14:07 [debug]: → GET /api/search
2026-02-21 15:14:09 [info]: [SearchService] Search #17661b19-cf09-4cd4-a217-f50766c611db - "egg"
2026-02-21 15:14:11 [debug]: [VillmanScraper] Calling API: https://shop.villman.com/search/suggest.json?q=egg&resources[type]=product&resources[limit]=10
2026-02-21 15:14:11 [debug]: [PcWorxScraper] Calling API: https://pcworx.ph/search/suggest.json?q=egg&resources[type]=product&resources[limit]=10
2026-02-21 15:14:11 [debug]: [PcExpressScraper] Calling API: https://pcx.com.ph/search/suggest.json?q=egg&resources[type]=product&resources[limit]=10
2026-02-21 15:14:14 [info]: [VillmanScraper] API found 0 product URLs
2026-02-21 15:14:14 [debug]: [VillmanScraper] Fallback to search page: https://shop.villman.com/search?type=product&q=egg
2026-02-21 15:14:14 [info]: [PcWorxScraper] API found 0 product URLs
2026-02-21 15:14:14 [debug]: [PcWorxScraper] Fallback to search page: https://pcworx.ph/search?type=product&q=egg
2026-02-21 15:14:14 [info]: [PcExpressScraper] API found 0 product URLs
2026-02-21 15:14:14 [debug]: [PcExpressScraper] Fallback to search page: https://pcx.com.ph/search?type=product&q=egg
2026-02-21 15:14:28 [debug]: → GET /api/search
2026-02-21 15:14:28 [info]: [SearchService] Search #8da500e6-c167-49ad-8bed-41bdb6e7412c - "egg"
2026-02-21 15:14:30 [info]: [VillmanScraper] Fallback found 10 product URLs
2026-02-21 15:14:30 [debug]: [PcExpressScraper] Calling API: https://pcx.com.ph/search/suggest.json?q=egg&resources[type]=product&resources[limit]=10
2026-02-21 15:14:30 [debug]: [VillmanScraper] Calling API: https://shop.villman.com/search/suggest.json?q=egg&resources[type]=product&resources[limit]=10
2026-02-21 15:14:31 [debug]: [PcWorxScraper] Calling API: https://pcworx.ph/search/suggest.json?q=egg&resources[type]=product&resources[limit]=10
2026-02-21 15:14:31 [info]: [PcExpressScraper] API found 0 product URLs
2026-02-21 15:14:31 [debug]: [PcExpressScraper] Fallback to search page: https://pcx.com.ph/search?type=product&q=egg
2026-02-21 15:14:31 [info]: [VillmanScraper] API found 0 product URLs
2026-02-21 15:14:31 [debug]: [VillmanScraper] Fallback to search page: https://shop.villman.com/search?type=product&q=egg
2026-02-21 15:14:31 [info]: [PcWorxScraper] API found 0 product URLs
2026-02-21 15:14:31 [debug]: [PcWorxScraper] Fallback to search page: https://pcworx.ph/search?type=product&q=egg
2026-02-21 15:14:34 [info]: [PcExpressScraper] Fallback found 10 product URLs
2026-02-21 15:14:42 [debug]: [VillmanScraper] Scraping JSON: https://shop.villman.com/products/microsoft-windows-11-pro-64bit-eng-intl-1pk-dsp-oei-dvd.json
2026-02-21 15:14:42 [debug]: [VillmanScraper] Scraping JSON: https://shop.villman.com/products/microsoft-windows-11-pro-64bit-eng-intl-1pk-dsp-oei-dvd-1.json
2026-02-21 15:14:44 [debug]: [VillmanScraper] JSON success: Microsoft Windows 11 Pro 64Bit Eng Intl 1pk DSP OEI DVD
2026-02-21 15:14:44 [debug]: [VillmanScraper] JSON success: Microsoft Windows 11 Pro 64Bit Eng Intl 1pk DSP OEI DVD
2026-02-21 15:14:45 [warn]: [Retry] PcWorxScraper.search failed (attempt 1/3). Retrying in 2195ms. Error: page.goto: Timeout 20000ms exceeded.
Call log:
[2m  - navigating to "https://pcworx.ph/", waiting until "domcontentloaded"[22m

2026-02-21 15:14:48 [info]: [VillmanScraper] Fallback found 10 product URLs
2026-02-21 15:14:49 [debug]: [PcExpressScraper] Scraping JSON: https://pcx.com.ph/products/acer-32-nitro-ed320qr-s3-curved-gaming-monitor.json
2026-02-21 15:14:49 [debug]: [PcExpressScraper] Scraping JSON: https://pcx.com.ph/products/logitech-h390-usb-w-mic-headset.json
2026-02-21 15:14:50 [debug]: [PcWorxScraper] Calling API: https://pcworx.ph/search/suggest.json?q=egg&resources[type]=product&resources[limit]=10
2026-02-21 15:14:50 [debug]: [PcExpressScraper] JSON success: ACER 32" Nitro ED320QR S3 Curved Gaming Monitor
2026-02-21 15:14:50 [debug]: [PcExpressScraper] JSON success: LOGITECH H390 USB W/ Mic Headset
2026-02-21 15:14:51 [info]: [PcWorxScraper] API found 0 product URLs
2026-02-21 15:14:51 [debug]: [PcWorxScraper] Fallback to search page: https://pcworx.ph/search?type=product&q=egg
2026-02-21 15:14:51 [debug]: [VillmanScraper] Scraping JSON: https://shop.villman.com/products/hp-envy-x360-14-fa0078au-glacier-silver-14-in-touch-ryzen-7-8840hs-16gb-1-tb-ssd-amd-radeon-graphics-win-11.json
2026-02-21 15:14:51 [debug]: [VillmanScraper] Scraping JSON: https://shop.villman.com/products/hp-envy-x360-14-fa0075au-glacier-silver-14-in-touch-ryzen-5-8640hs-16gb-512-gb-ssd-amd-radeon-graphics-win.json
2026-02-21 15:14:52 [debug]: [VillmanScraper] JSON success: HP Envy x360 14-fa0075AU (Glacier Silver) 14-in Touch | Ryzen 5 8640HS | 16GB | 512 GB SSD|AMD Radeon Graphics | Win
2026-02-21 15:14:52 [debug]: [VillmanScraper] JSON success: HP Envy x360 14-fa0078AU (Glacier Silver) 14-in Touch | Ryzen 7 8840HS | 16GB | 1 TB SSD|AMD Radeon Graphics | Win 11
2026-02-21 15:14:53 [warn]: [Retry] PcWorxScraper.search failed (attempt 1/3). Retrying in 2328ms. Error: page.goto: Timeout 20000ms exceeded.
Call log:
[2m  - navigating to "https://pcworx.ph/", waiting until "domcontentloaded"[22m

2026-02-21 15:14:53 [info]: [PcExpressScraper] Fallback found 10 product URLs
2026-02-21 15:14:55 [debug]: [VillmanScraper] Scraping JSON: https://shop.villman.com/products/microsoft-windows-11-pro-64bit-eng-intl-1pk-dsp-oei-dvd.json
2026-02-21 15:14:56 [debug]: [VillmanScraper] JSON success: Microsoft Windows 11 Pro 64Bit Eng Intl 1pk DSP OEI DVD
2026-02-21 15:14:57 [debug]: [PcExpressScraper] Scraping JSON: https://pcx.com.ph/products/logitech-h390-usb-w-mic-headset.json
2026-02-21 15:14:57 [debug]: [VillmanScraper] Scraping JSON: https://shop.villman.com/products/microsoft-windows-11-pro-64bit-eng-intl-1pk-dsp-oei-dvd-1.json
2026-02-21 15:14:57 [debug]: [PcExpressScraper] Scraping JSON: https://pcx.com.ph/products/acer-32-nitro-ed320qr-s3-curved-gaming-monitor.json
2026-02-21 15:14:58 [debug]: [PcExpressScraper] JSON success: LOGITECH H390 USB W/ Mic Headset
2026-02-21 15:14:58 [debug]: [VillmanScraper] JSON success: Microsoft Windows 11 Pro 64Bit Eng Intl 1pk DSP OEI DVD
2026-02-21 15:14:58 [debug]: [PcExpressScraper] Scraping JSON: https://pcx.com.ph/products/logitech-k120-b100-keyboard-and-mouse-combo.json
2026-02-21 15:14:58 [debug]: [PcWorxScraper] Calling API: https://pcworx.ph/search/suggest.json?q=egg&resources[type]=product&resources[limit]=10
2026-02-21 15:14:58 [debug]: [PcExpressScraper] Scraping JSON: https://pcx.com.ph/collections/featured-products/products/gmktec-evo-x2-amd-radeon-8060-graphics-amd-ryzen-ai-max-395-mini-desktop.json
2026-02-21 15:14:58 [debug]: [PcExpressScraper] JSON success: ACER 32" Nitro ED320QR S3 Curved Gaming Monitor
2026-02-21 15:14:59 [debug]: [PcExpressScraper] JSON success: LOGITECH K120+B100 Keyboard and Mouse Combo
2026-02-21 15:14:59 [info]: [PcWorxScraper] API found 0 product URLs
2026-02-21 15:14:59 [debug]: [PcWorxScraper] Fallback to search page: https://pcworx.ph/search?type=product&q=egg
2026-02-21 15:14:59 [debug]: [PcExpressScraper] JSON success: GMKTEC EVO X2 AMD Radeon™  8060 Graphics AMD Ryzen™ Ai MAX +395 Mini Desktop
2026-02-21 15:14:59 [debug]: [VillmanScraper] Scraping JSON: https://shop.villman.com/products/hp-envy-x360-14-fa0079au-glacier-silver-14-in-touch-ryzen-7-8840hs-16gb-1-tb-ssd-amd-radeon-graphics-win-11.json
2026-02-21 15:15:00 [debug]: [VillmanScraper] JSON success: HP Envy x360 14-fa0079AU (Glacier Silver) 14-in Touch | Ryzen 7 8840HS | 16GB | 1 TB SSD|AMD Radeon Graphics | Win 11
2026-02-21 15:15:05 [debug]: [PcExpressScraper] Scraping JSON: https://pcx.com.ph/collections/featured-products/products/gmktec-evo-x2-amd-radeon-8060-graphics-amd-ryzen-ai-max-395-mini-desktop.json
2026-02-21 15:15:06 [debug]: [PcExpressScraper] Scraping JSON: https://pcx.com.ph/products/logitech-k120-b100-keyboard-and-mouse-combo.json
2026-02-21 15:15:07 [debug]: [PcExpressScraper] JSON success: GMKTEC EVO X2 AMD Radeon™  8060 Graphics AMD Ryzen™ Ai MAX +395 Mini Desktop
2026-02-21 15:15:07 [debug]: [VillmanScraper] Scraping JSON: https://shop.villman.com/products/hp-envy-x360-14-fa0078au-glacier-silver-14-in-touch-ryzen-7-8840hs-16gb-1-tb-ssd-amd-radeon-graphics-win-11.json
2026-02-21 15:15:07 [debug]: [VillmanScraper] Scraping JSON: https://shop.villman.com/products/hp-envy-x360-14-fa0075au-glacier-silver-14-in-touch-ryzen-5-8640hs-16gb-512-gb-ssd-amd-radeon-graphics-win.json
2026-02-21 15:15:07 [debug]: [PcExpressScraper] JSON success: LOGITECH K120+B100 Keyboard and Mouse Combo
2026-02-21 15:15:08 [debug]: [PcExpressScraper] Scraping JSON: https://pcx.com.ph/collections/featured-products/products/asus-rog-nuc-15-2025-geforce-rtx-5070-ti-rnuc15jnk9x38aa4-mini-desktop.json
2026-02-21 15:15:08 [debug]: [VillmanScraper] JSON success: HP Envy x360 14-fa0078AU (Glacier Silver) 14-in Touch | Ryzen 7 8840HS | 16GB | 1 TB SSD|AMD Radeon Graphics | Win 11
2026-02-21 15:15:08 [debug]: [VillmanScraper] JSON success: HP Envy x360 14-fa0075AU (Glacier Silver) 14-in Touch | Ryzen 5 8640HS | 16GB | 512 GB SSD|AMD Radeon Graphics | Win
2026-02-21 15:15:08 [debug]: [PcExpressScraper] JSON success: ASUS ROG NUC 15 2025 GeForce RTX™ 5070 Ti (RNUC15JNK9X38AA4) Mini Desktop
2026-02-21 15:15:11 [warn]: [Retry] PcWorxScraper.search failed (attempt 2/3). Retrying in 4121ms. Error: page.goto: Timeout 20000ms exceeded.
Call log:
[2m  - navigating to "https://pcworx.ph/", waiting until "domcontentloaded"[22m

2026-02-21 15:15:13 [debug]: [VillmanScraper] Scraping JSON: https://shop.villman.com/products/hp-envy-x360-14-fa0079au-glacier-silver-14-in-touch-ryzen-7-8840hs-16gb-1-tb-ssd-amd-radeon-graphics-win-11.json
2026-02-21 15:15:13 [debug]: [VillmanScraper] JSON success: HP Envy x360 14-fa0079AU (Glacier Silver) 14-in Touch | Ryzen 7 8840HS | 16GB | 1 TB SSD|AMD Radeon Graphics | Win 11
2026-02-21 15:15:15 [debug]: [PcExpressScraper] Scraping JSON: https://pcx.com.ph/collections/featured-products/products/asus-rog-nuc-15-2025-geforce-rtx-5070-ti-rnuc15jnk9x38aa4-mini-desktop.json
2026-02-21 15:15:15 [debug]: [PcExpressScraper] JSON success: ASUS ROG NUC 15 2025 GeForce RTX™ 5070 Ti (RNUC15JNK9X38AA4) Mini Desktop
2026-02-21 15:15:16 [debug]: [PcWorxScraper] Calling API: https://pcworx.ph/search/suggest.json?q=egg&resources[type]=product&resources[limit]=10
2026-02-21 15:15:16 [info]: [PcWorxScraper] API found 0 product URLs
2026-02-21 15:15:16 [debug]: [PcWorxScraper] Fallback to search page: https://pcworx.ph/search?type=product&q=egg
2026-02-21 15:15:35 [info]: [PcWorxScraper] Fallback found 1 product URLs
2026-02-21 15:15:36 [debug]: [PcWorxScraper] Scraping JSON: https://pcworx.ph/products/simplus-air-fryer-4l-electric-fryer-2-knobs-black.json
2026-02-21 15:15:36 [debug]: [PcWorxScraper] JSON success: Simplus Air Fryer 4L Electric Fryer 2 Knobs Black
2026-02-21 15:15:38 [info]: [SearchService] Raw products scraped: 11
2026-02-21 15:15:38 [info]: [SearchService] Relevance filter: 0/11 products kept
2026-02-21 15:15:38 [info]: [SearchService] Saved 0 products for search #8da500e6-c167-49ad-8bed-41bdb6e7412c
2026-02-21 15:15:44 [info]: [PcWorxScraper] Fallback found 1 product URLs
2026-02-21 15:15:45 [debug]: [PcWorxScraper] Scraping JSON: https://pcworx.ph/products/simplus-air-fryer-4l-electric-fryer-2-knobs-black.json
2026-02-21 15:15:45 [debug]: [PcWorxScraper] JSON success: Simplus Air Fryer 4L Electric Fryer 2 Knobs Black
2026-02-21 15:15:48 [info]: [SearchService] Raw products scraped: 11
2026-02-21 15:15:48 [info]: [SearchService] Relevance filter: 0/11 products kept
2026-02-21 15:15:48 [info]: [SearchService] Saved 0 products for search #17661b19-cf09-4cd4-a217-f50766c611db
2026-02-21 15:15:53 [debug]: → GET /api/search
2026-02-21 15:15:54 [info]: [SearchService] Search #4fa5eb53-ddb9-4071-b9b6-4646f697b30a - "lenovo l490"
2026-02-21 15:15:56 [debug]: [VillmanScraper] Calling API: https://shop.villman.com/search/suggest.json?q=lenovo%20l490&resources[type]=product&resources[limit]=10
2026-02-21 15:15:56 [debug]: [PcExpressScraper] Calling API: https://pcx.com.ph/search/suggest.json?q=lenovo%20l490&resources[type]=product&resources[limit]=10
2026-02-21 15:15:56 [debug]: [PcWorxScraper] Calling API: https://pcworx.ph/search/suggest.json?q=lenovo%20l490&resources[type]=product&resources[limit]=10
2026-02-21 15:15:56 [info]: [PcExpressScraper] API found 0 product URLs
2026-02-21 15:15:56 [debug]: [PcExpressScraper] Fallback to search page: https://pcx.com.ph/search?type=product&q=lenovo%20l490
2026-02-21 15:15:56 [info]: [VillmanScraper] API found 0 product URLs
2026-02-21 15:15:56 [debug]: [VillmanScraper] Fallback to search page: https://shop.villman.com/search?type=product&q=lenovo%20l490
2026-02-21 15:15:56 [info]: [PcWorxScraper] API found 0 product URLs
2026-02-21 15:15:56 [debug]: [PcWorxScraper] Fallback to search page: https://pcworx.ph/search?type=product&q=lenovo%20l490
2026-02-21 15:16:11 [info]: [VillmanScraper] Fallback found 0 product URLs
2026-02-21 15:16:13 [info]: [PcExpressScraper] Fallback found 10 product URLs
2026-02-21 15:16:15 [debug]: [PcExpressScraper] Scraping JSON: https://pcx.com.ph/products/lenovo-legion-5-15ahp10-83m0003fph-geforce-rtx-5060-amd-ryzen-7-laptop-eclipse-black.json
2026-02-21 15:16:15 [debug]: [PcExpressScraper] Scraping JSON: https://pcx.com.ph/products/lenovo-loq-15iax9e-83lk00bbph-geforce-rtx-3050-intel-core-i5-laptop-luna-grey.json
2026-02-21 15:16:15 [debug]: [PcExpressScraper] JSON success: LENOVO Legion 5 15AHP10 (83M0003FPH) GeForce RTX™ 5060 AMD Ryzen™ 7 Laptop (Eclipse Black)
2026-02-21 15:16:15 [debug]: [PcExpressScraper] JSON success: LENOVO LOQ 15IAX9E (83LK00BBPH) GeForce RTX™ 3050 Intel® Core™ i5 Laptop (Luna Grey)
2026-02-21 15:16:20 [debug]: [PcExpressScraper] Scraping JSON: https://pcx.com.ph/products/lenovo-loq-15irx10-83je00gbph-geforce-rtx-5050-intel-core-i5-laptop-luna-grey.json
2026-02-21 15:16:20 [debug]: [PcExpressScraper] Scraping JSON: https://pcx.com.ph/products/lenovo-legion-pro-5-16irx10-83nn003tph-geforce-rtx-5070-intel-core-i9-laptop-eclipse-black.json
2026-02-21 15:16:21 [debug]: [PcExpressScraper] JSON success: LENOVO LOQ 15IRX10 (83JE00GBPH) GeForce RTX™ 5050 Intel® Core™ i5 Laptop (Luna Grey)
2026-02-21 15:16:21 [debug]: [PcExpressScraper] JSON success: LENOVO Legion Pro 5 16IRX10 (83NN003TPH) GeForce RTX™ 5070 Intel® Core™ i9 Laptop (Eclipse Black)
2026-02-21 15:16:25 [debug]: [PcExpressScraper] Scraping JSON: https://pcx.com.ph/products/lenovo-legion-pro-5-16afr10-83f2000nph-geforce-rtx-5070-amd-ryzen-9-laptop-eclipse-black.json
2026-02-21 15:16:26 [debug]: [PcExpressScraper] JSON success: LENOVO Legion Pro 5 16AFR10 (83F2000NPH) GeForce RTX™ 5070 AMD Ryzen™ 9 Laptop (Eclipse Black)
2026-02-21 15:16:29 [info]: [PcWorxScraper] Fallback found 10 product URLs
2026-02-21 15:16:30 [debug]: [PcWorxScraper] Scraping JSON: https://pcworx.ph/products/lenovo-loq-isirx9-i5-13450hx-8gb-512gb-15-6-rtx4050-6gb-w11-h-s-83dv016rph.json
2026-02-21 15:16:30 [debug]: [PcWorxScraper] Scraping JSON: https://pcworx.ph/products/lenovo-loq-15iax9e-i5-12450hx-8gb-512gb-ssd-15-6-rtx2050-4gb-win11-83lk000uph.json
2026-02-21 15:16:30 [debug]: [PcWorxScraper] JSON success: Lenovo LOQ ISIRX9 i5-13450HX 8GB 512GB 15.6" RTX4050 6GB W11 H&S 83DV016RPH
2026-02-21 15:16:30 [debug]: [PcWorxScraper] JSON success: Lenovo LOQ 15IAX9E i5-12450HX 8GB 512GB SSD 15.6" RTX2050 4GB Win11 83LK000UPH
2026-02-21 15:16:34 [debug]: [PcWorxScraper] Scraping JSON: https://pcworx.ph/products/lenovo-loq-15irh8-i5-12450h-8gb-512gb-ssd-15-6-rtx3050-6gb-w11-h-s-82xv00bwph.json
2026-02-21 15:16:34 [debug]: [PcWorxScraper] Scraping JSON: https://pcworx.ph/products/lenovo-ip-slim-3-15irh8-i5-13420h-16gb-512gb-15-6-shared-w11-h-s-83em000eph-1.json
2026-02-21 15:16:34 [debug]: [PcWorxScraper] JSON success: Lenovo IP Slim 3-15IRH8 i5-13420H 16GB 512GB 15.6" Shared W11 H&S 83EM000EPH
2026-02-21 15:16:34 [debug]: [PcWorxScraper] JSON success: Lenovo LOQ 15IRH8 i5-12450H 8GB 512GB SSD 15.6" RTX3050 6GB W11 H&S 82XV00BWPH
2026-02-21 15:16:37 [debug]: [PcWorxScraper] Scraping JSON: https://pcworx.ph/products/lenovo-loq-x90-15irx9-i5-13450hx-8gb-512gb-15-6-rtx3050-6gb-w11-h-s-83dv0013ph-free-gaming-bag-gaming-mouse-and-mousepad-laptop-cooler.json
2026-02-21 15:16:37 [debug]: [PcWorxScraper] JSON success: Lenovo LOQ x90 15IRX9 i5-13450HX 8GB 512GB 15.6" RTX3050 6GB W11 H&S 83DV0013PH
2026-02-21 15:16:41 [info]: [SearchService] Raw products scraped: 10
2026-02-21 15:16:41 [info]: [SearchService] Relevance filter: 10/10 products kept
2026-02-21 15:16:44 [info]: [SearchService] Saved 10 products for search #4fa5eb53-ddb9-4071-b9b6-4646f697b30a
2026-02-21 15:16:50 [debug]: → GET /api/search
2026-02-21 15:16:51 [info]: [SearchService] Search #59b5a066-726f-4e91-b20f-d08031fbaa54 - "lenovo l490"
2026-02-21 15:16:52 [debug]: [PcExpressScraper] Calling API: https://pcx.com.ph/search/suggest.json?q=lenovo%20l490&resources[type]=product&resources[limit]=10
2026-02-21 15:16:52 [debug]: [PcWorxScraper] Calling API: https://pcworx.ph/search/suggest.json?q=lenovo%20l490&resources[type]=product&resources[limit]=10
2026-02-21 15:16:52 [debug]: [VillmanScraper] Calling API: https://shop.villman.com/search/suggest.json?q=lenovo%20l490&resources[type]=product&resources[limit]=10
2026-02-21 15:16:52 [info]: [PcExpressScraper] API found 0 product URLs
2026-02-21 15:16:52 [debug]: [PcExpressScraper] Fallback to search page: https://pcx.com.ph/search?type=product&q=lenovo%20l490
2026-02-21 15:16:52 [info]: [VillmanScraper] API found 0 product URLs
2026-02-21 15:16:52 [debug]: [VillmanScraper] Fallback to search page: https://shop.villman.com/search?type=product&q=lenovo%20l490
2026-02-21 15:16:52 [info]: [PcWorxScraper] API found 0 product URLs
2026-02-21 15:16:52 [debug]: [PcWorxScraper] Fallback to search page: https://pcworx.ph/search?type=product&q=lenovo%20l490
2026-02-21 15:16:53 [debug]: → GET /api/search
2026-02-21 15:16:53 [info]: [SearchService] Search #56cd2a8e-c9a7-41e0-806a-a9d560c725c7 - "lenovo l490"
2026-02-21 15:16:55 [debug]: → GET /api/search
2026-02-21 15:16:58 [info]: [SearchService] Search #ee154a7b-7bce-4aac-a15d-0921c16243e7 - "lenovo l490"
2026-02-21 15:17:02 [debug]: [PcExpressScraper] Calling API: https://pcx.com.ph/search/suggest.json?q=lenovo%20l490&resources[type]=product&resources[limit]=10
2026-02-21 15:17:02 [debug]: [PcWorxScraper] Calling API: https://pcworx.ph/search/suggest.json?q=lenovo%20l490&resources[type]=product&resources[limit]=10
2026-02-21 15:17:02 [debug]: [VillmanScraper] Calling API: https://shop.villman.com/search/suggest.json?q=lenovo%20l490&resources[type]=product&resources[limit]=10
2026-02-21 15:17:03 [info]: [VillmanScraper] API found 0 product URLs
2026-02-21 15:17:03 [debug]: [VillmanScraper] Fallback to search page: https://shop.villman.com/search?type=product&q=lenovo%20l490
2026-02-21 15:17:03 [info]: [PcExpressScraper] API found 0 product URLs
2026-02-21 15:17:03 [debug]: [PcExpressScraper] Fallback to search page: https://pcx.com.ph/search?type=product&q=lenovo%20l490
2026-02-21 15:17:03 [info]: [PcWorxScraper] API found 0 product URLs
2026-02-21 15:17:03 [debug]: [PcWorxScraper] Fallback to search page: https://pcworx.ph/search?type=product&q=lenovo%20l490
2026-02-21 15:17:04 [debug]: [PcExpressScraper] Calling API: https://pcx.com.ph/search/suggest.json?q=lenovo%20l490&resources[type]=product&resources[limit]=10
2026-02-21 15:17:09 [debug]: [PcWorxScraper] Calling API: https://pcworx.ph/search/suggest.json?q=lenovo%20l490&resources[type]=product&resources[limit]=10
2026-02-21 15:17:09 [debug]: [VillmanScraper] Calling API: https://shop.villman.com/search/suggest.json?q=lenovo%20l490&resources[type]=product&resources[limit]=10
2026-02-21 15:17:15 [info]: [PcExpressScraper] API found 0 product URLs
2026-02-21 15:17:15 [debug]: [PcExpressScraper] Fallback to search page: https://pcx.com.ph/search?type=product&q=lenovo%20l490
2026-02-21 15:17:18 [info]: [PcWorxScraper] API found 0 product URLs
2026-02-21 15:17:19 [debug]: [PcWorxScraper] Fallback to search page: https://pcworx.ph/search?type=product&q=lenovo%20l490
2026-02-21 15:17:21 [info]: [VillmanScraper] API found 0 product URLs
2026-02-21 15:17:21 [debug]: [VillmanScraper] Fallback to search page: https://shop.villman.com/search?type=product&q=lenovo%20l490
2026-02-21 15:17:24 [info]: [VillmanScraper] Fallback found 0 product URLs
2026-02-21 15:17:26 [debug]: → GET /api/search
2026-02-21 15:17:28 [info]: [SearchService] Search #ba30150c-4fdd-40cd-a218-36973dc4bd8f - "lenovo l490"
2026-02-21 15:17:31 [debug]: → GET /api/search
2026-02-21 15:17:32 [info]: [SearchService] Search #04d8d862-6806-4b88-92cb-d1cf8bb9786a - "lenovo l490"
2026-02-21 15:17:36 [info]: [PcExpressScraper] Fallback found 10 product URLs
2026-02-21 15:17:37 [info]: [VillmanScraper] Fallback found 0 product URLs
2026-02-21 15:17:39 [debug]: [VillmanScraper] Calling API: https://shop.villman.com/search/suggest.json?q=lenovo%20l490&resources[type]=product&resources[limit]=10
2026-02-21 15:17:39 [debug]: [VillmanScraper] Calling API: https://shop.villman.com/search/suggest.json?q=lenovo%20l490&resources[type]=product&resources[limit]=10
2026-02-21 15:17:39 [debug]: [PcWorxScraper] Calling API: https://pcworx.ph/search/suggest.json?q=lenovo%20l490&resources[type]=product&resources[limit]=10
2026-02-21 15:17:39 [debug]: [PcWorxScraper] Calling API: https://pcworx.ph/search/suggest.json?q=lenovo%20l490&resources[type]=product&resources[limit]=10
2026-02-21 15:17:39 [debug]: → GET /api/search
2026-02-21 15:17:39 [debug]: [PcExpressScraper] Calling API: https://pcx.com.ph/search/suggest.json?q=lenovo%20l490&resources[type]=product&resources[limit]=10
2026-02-21 15:17:40 [info]: [VillmanScraper] API found 0 product URLs
2026-02-21 15:17:40 [debug]: [VillmanScraper] Fallback to search page: https://shop.villman.com/search?type=product&q=lenovo%20l490
2026-02-21 15:17:40 [info]: [PcWorxScraper] API found 0 product URLs
2026-02-21 15:17:40 [debug]: [PcWorxScraper] Fallback to search page: https://pcworx.ph/search?type=product&q=lenovo%20l490
2026-02-21 15:17:40 [info]: [PcWorxScraper] API found 0 product URLs
2026-02-21 15:17:40 [debug]: [PcWorxScraper] Fallback to search page: https://pcworx.ph/search?type=product&q=lenovo%20l490
2026-02-21 15:17:40 [info]: [VillmanScraper] API found 0 product URLs
2026-02-21 15:17:40 [debug]: [VillmanScraper] Fallback to search page: https://shop.villman.com/search?type=product&q=lenovo%20l490
2026-02-21 15:18:03 [info]: [PcExpressScraper] API found 0 product URLs
2026-02-21 15:18:03 [debug]: [PcExpressScraper] Fallback to search page: https://pcx.com.ph/search?type=product&q=lenovo%20l490
2026-02-21 15:18:14 [info]: [SearchService] Search #33707fdb-ee92-46a6-9ebe-49f442d6b6e9 - "lenovo l490"
2026-02-21 15:18:15 [debug]: [PcExpressScraper] Calling API: https://pcx.com.ph/search/suggest.json?q=lenovo%20l490&resources[type]=product&resources[limit]=10
2026-02-21 15:18:20 [info]: [PcExpressScraper] API found 0 product URLs
2026-02-21 15:18:20 [debug]: [PcExpressScraper] Fallback to search page: https://pcx.com.ph/search?type=product&q=lenovo%20l490
2026-02-21 15:18:22 [warn]: [Retry] PcWorxScraper.search failed (attempt 1/3). Retrying in 2146ms. Error: page.goto: Timeout 20000ms exceeded.
Call log:
[2m  - navigating to "https://pcworx.ph/", waiting until "domcontentloaded"[22m

2026-02-21 15:18:22 [warn]: [Retry] PcExpressScraper.search failed (attempt 1/3). Retrying in 2264ms. Error: page.goto: Timeout 30000ms exceeded.
Call log:
[2m  - navigating to "https://pcx.com.ph/search?type=product&q=lenovo%20l490", waiting until "load"[22m

2026-02-21 15:18:24 [debug]: [PcExpressScraper] Calling API: https://pcx.com.ph/search/suggest.json?q=lenovo%20l490&resources[type]=product&resources[limit]=10
2026-02-21 15:18:24 [debug]: [PcWorxScraper] Calling API: https://pcworx.ph/search/suggest.json?q=lenovo%20l490&resources[type]=product&resources[limit]=10
2026-02-21 15:18:24 [debug]: [VillmanScraper] Calling API: https://shop.villman.com/search/suggest.json?q=lenovo%20l490&resources[type]=product&resources[limit]=10
2026-02-21 15:18:32 [info]: [VillmanScraper] API found 0 product URLs
2026-02-21 15:18:32 [debug]: [VillmanScraper] Fallback to search page: https://shop.villman.com/search?type=product&q=lenovo%20l490
2026-02-21 15:18:32 [info]: [PcExpressScraper] API found 0 product URLs
2026-02-21 15:18:32 [debug]: [PcExpressScraper] Fallback to search page: https://pcx.com.ph/search?type=product&q=lenovo%20l490
2026-02-21 15:18:38 [debug]: [PcExpressScraper] Scraping JSON: https://pcx.com.ph/products/lenovo-legion-5-15ahp10-83m0003fph-geforce-rtx-5060-amd-ryzen-7-laptop-eclipse-black.json
2026-02-21 15:18:40 [info]: [PcWorxScraper] API found 0 product URLs
2026-02-21 15:18:40 [debug]: [PcWorxScraper] Fallback to search page: https://pcworx.ph/search?type=product&q=lenovo%20l490
2026-02-21 15:18:41 [info]: [VillmanScraper] Fallback found 0 product URLs
2026-02-21 15:19:09 [debug]: [PcWorxScraper] Calling API: https://pcworx.ph/search/suggest.json?q=lenovo%20l490&resources[type]=product&resources[limit]=10
2026-02-21 15:19:09 [debug]: [PcExpressScraper] Calling API: https://pcx.com.ph/search/suggest.json?q=lenovo%20l490&resources[type]=product&resources[limit]=10
2026-02-21 15:19:10 [debug]: [PcExpressScraper] Scraping JSON: https://pcx.com.ph/products/lenovo-loq-15iax9e-83lk00bbph-geforce-rtx-3050-intel-core-i5-laptop-luna-grey.json
2026-02-21 15:19:10 [info]: [VillmanScraper] Fallback found 0 product URLs
2026-02-21 15:19:16 [debug]: [PcExpressScraper] JSON success: LENOVO Legion 5 15AHP10 (83M0003FPH) GeForce RTX™ 5060 AMD Ryzen™ 7 Laptop (Eclipse Black)
2026-02-21 15:19:17 [warn]: [Retry] PcWorxScraper.search failed (attempt 1/3). Retrying in 2473ms. Error: page.goto: Timeout 20000ms exceeded.
Call log:
[2m  - navigating to "https://pcworx.ph/", waiting until "domcontentloaded"[22m

2026-02-21 15:19:18 [info]: [PcExpressScraper] Fallback found 10 product URLs
2026-02-21 15:19:18 [info]: [PcWorxScraper] API found 0 product URLs
2026-02-21 15:19:19 [debug]: [PcWorxScraper] Fallback to search page: https://pcworx.ph/search?type=product&q=lenovo%20l490
2026-02-21 15:19:19 [info]: [PcExpressScraper] API found 0 product URLs
2026-02-21 15:19:19 [debug]: [PcExpressScraper] Fallback to search page: https://pcx.com.ph/search?type=product&q=lenovo%20l490
2026-02-21 15:19:19 [debug]: [PcExpressScraper] JSON success: LENOVO LOQ 15IAX9E (83LK00BBPH) GeForce RTX™ 3050 Intel® Core™ i5 Laptop (Luna Grey)
2026-02-21 15:19:35 [info]: [PcExpressScraper] Fallback found 10 product URLs
2026-02-21 15:19:36 [info]: [VillmanScraper] Fallback found 0 product URLs
2026-02-21 15:19:37 [debug]: [PcWorxScraper] Calling API: https://pcworx.ph/search/suggest.json?q=lenovo%20l490&resources[type]=product&resources[limit]=10
2026-02-21 15:19:44 [info]: [PcWorxScraper] API found 0 product URLs
2026-02-21 15:19:44 [debug]: [PcWorxScraper] Fallback to search page: https://pcworx.ph/search?type=product&q=lenovo%20l490
2026-02-21 15:19:44 [warn]: [Retry] VillmanScraper.search failed (attempt 1/3). Retrying in 2054ms. Error: page.goto: Timeout 30000ms exceeded.
Call log:
[2m  - navigating to "https://shop.villman.com/search?type=product&q=lenovo%20l490", waiting until "load"[22m

2026-02-21 15:19:44 [warn]: [Retry] PcExpressScraper.search failed (attempt 1/3). Retrying in 2323ms. Error: page.goto: Timeout 30000ms exceeded.
Call log:
[2m  - navigating to "https://pcx.com.ph/search?type=product&q=lenovo%20l490", waiting until "load"[22m

2026-02-21 15:19:47 [debug]: [PcExpressScraper] Scraping JSON: https://pcx.com.ph/products/lenovo-legion-5-15ahp10-83m0003fph-geforce-rtx-5060-amd-ryzen-7-laptop-eclipse-black.json
2026-02-21 15:19:47 [debug]: [PcExpressScraper] Scraping JSON: https://pcx.com.ph/products/lenovo-loq-15iax9e-83lk00bbph-geforce-rtx-3050-intel-core-i5-laptop-luna-grey.json
2026-02-21 15:19:48 [debug]: [PcExpressScraper] JSON success: LENOVO Legion 5 15AHP10 (83M0003FPH) GeForce RTX™ 5060 AMD Ryzen™ 7 Laptop (Eclipse Black)
2026-02-21 15:19:51 [debug]: [VillmanScraper] Calling API: https://shop.villman.com/search/suggest.json?q=lenovo%20l490&resources[type]=product&resources[limit]=10
2026-02-21 15:19:51 [debug]: [PcExpressScraper] JSON success: LENOVO LOQ 15IAX9E (83LK00BBPH) GeForce RTX™ 3050 Intel® Core™ i5 Laptop (Luna Grey)
2026-02-21 15:19:52 [debug]: [PcExpressScraper] Calling API: https://pcx.com.ph/search/suggest.json?q=lenovo%20l490&resources[type]=product&resources[limit]=10
2026-02-21 15:19:52 [info]: [VillmanScraper] API found 0 product URLs
2026-02-21 15:19:52 [debug]: [VillmanScraper] Fallback to search page: https://shop.villman.com/search?type=product&q=lenovo%20l490
2026-02-21 15:19:52 [warn]: [Retry] PcWorxScraper.search failed (attempt 1/3). Retrying in 2126ms. Error: page.goto: Timeout 20000ms exceeded.
Call log:
[2m  - navigating to "https://pcworx.ph/", waiting until "domcontentloaded"[22m

2026-02-21 15:19:54 [info]: [PcExpressScraper] API found 0 product URLs
2026-02-21 15:19:54 [debug]: [PcExpressScraper] Fallback to search page: https://pcx.com.ph/search?type=product&q=lenovo%20l490
2026-02-21 15:19:54 [info]: [PcExpressScraper] Fallback found 10 product URLs
2026-02-21 15:20:09 [debug]: [PcWorxScraper] Calling API: https://pcworx.ph/search/suggest.json?q=lenovo%20l490&resources[type]=product&resources[limit]=10
2026-02-21 15:20:10 [info]: [PcWorxScraper] API found 0 product URLs
2026-02-21 15:20:10 [debug]: [PcWorxScraper] Fallback to search page: https://pcworx.ph/search?type=product&q=lenovo%20l490
2026-02-21 15:20:10 [debug]: [PcExpressScraper] Scraping JSON: https://pcx.com.ph/products/lenovo-legion-pro-5-16irx10-83nn003tph-geforce-rtx-5070-intel-core-i9-laptop-eclipse-black.json
2026-02-21 15:20:11 [debug]: [PcExpressScraper] Scraping JSON: https://pcx.com.ph/products/lenovo-loq-15iax9e-83lk00bbph-geforce-rtx-3050-intel-core-i5-laptop-luna-grey.json
2026-02-21 15:20:11 [debug]: [PcExpressScraper] Scraping JSON: https://pcx.com.ph/products/lenovo-loq-15irx10-83je00gbph-geforce-rtx-5050-intel-core-i5-laptop-luna-grey.json
2026-02-21 15:20:11 [debug]: [PcExpressScraper] Scraping JSON: https://pcx.com.ph/products/lenovo-legion-5-15ahp10-83m0003fph-geforce-rtx-5060-amd-ryzen-7-laptop-eclipse-black.json
2026-02-21 15:20:20 [debug]: [PcExpressScraper] JSON success: LENOVO LOQ 15IRX10 (83JE00GBPH) GeForce RTX™ 5050 Intel® Core™ i5 Laptop (Luna Grey)
2026-02-21 15:20:20 [debug]: [PcExpressScraper] JSON success: LENOVO Legion Pro 5 16IRX10 (83NN003TPH) GeForce RTX™ 5070 Intel® Core™ i9 Laptop (Eclipse Black)
2026-02-21 15:20:20 [debug]: [PcExpressScraper] JSON success: LENOVO LOQ 15IAX9E (83LK00BBPH) GeForce RTX™ 3050 Intel® Core™ i5 Laptop (Luna Grey)
2026-02-21 15:20:20 [debug]: [PcExpressScraper] JSON success: LENOVO Legion 5 15AHP10 (83M0003FPH) GeForce RTX™ 5060 AMD Ryzen™ 7 Laptop (Eclipse Black)
2026-02-21 15:20:23 [warn]: [Retry] PcWorxScraper.search failed (attempt 1/3). Retrying in 2155ms. Error: page.goto: Timeout 20000ms exceeded.
Call log:
[2m  - navigating to "https://pcworx.ph/", waiting until "domcontentloaded"[22m

2026-02-21 15:20:23 [warn]: [Retry] PcWorxScraper.search failed (attempt 1/3). Retrying in 2141ms. Error: page.goto: Timeout 20000ms exceeded.
Call log:
[2m  - navigating to "https://pcworx.ph/", waiting until "domcontentloaded"[22m

2026-02-21 15:20:23 [warn]: [Retry] PcWorxScraper.search failed (attempt 1/3). Retrying in 2132ms. Error: page.goto: Timeout 20000ms exceeded.
Call log:
[2m  - navigating to "https://pcworx.ph/", waiting until "domcontentloaded"[22m

2026-02-21 15:20:23 [warn]: [Retry] PcExpressScraper.search failed (attempt 1/3). Retrying in 2385ms. Error: page.goto: Timeout 30000ms exceeded.
Call log:
[2m  - navigating to "https://pcx.com.ph/search?type=product&q=lenovo%20l490", waiting until "load"[22m

2026-02-21 15:20:25 [info]: [VillmanScraper] Fallback found 0 product URLs
2026-02-21 15:20:26 [warn]: [Retry] PcWorxScraper.search failed (attempt 2/3). Retrying in 4035ms. Error: page.goto: Timeout 20000ms exceeded.
Call log:
[2m  - navigating to "https://pcworx.ph/", waiting until "domcontentloaded"[22m

2026-02-21 15:20:27 [info]: [PcExpressScraper] Fallback found 10 product URLs
2026-02-21 15:20:29 [debug]: [PcWorxScraper] Calling API: https://pcworx.ph/search/suggest.json?q=lenovo%20l490&resources[type]=product&resources[limit]=10
2026-02-21 15:20:30 [debug]: [PcWorxScraper] Calling API: https://pcworx.ph/search/suggest.json?q=lenovo%20l490&resources[type]=product&resources[limit]=10
2026-02-21 15:20:30 [debug]: [PcWorxScraper] Calling API: https://pcworx.ph/search/suggest.json?q=lenovo%20l490&resources[type]=product&resources[limit]=10
2026-02-21 15:20:31 [info]: [PcWorxScraper] API found 0 product URLs
2026-02-21 15:20:31 [debug]: [PcWorxScraper] Fallback to search page: https://pcworx.ph/search?type=product&q=lenovo%20l490
2026-02-21 15:20:31 [info]: [PcWorxScraper] API found 0 product URLs
2026-02-21 15:20:31 [debug]: [PcWorxScraper] Fallback to search page: https://pcworx.ph/search?type=product&q=lenovo%20l490
2026-02-21 15:20:31 [info]: [PcWorxScraper] API found 0 product URLs
2026-02-21 15:20:31 [debug]: [PcWorxScraper] Fallback to search page: https://pcworx.ph/search?type=product&q=lenovo%20l490
2026-02-21 15:20:34 [debug]: [PcExpressScraper] Calling API: https://pcx.com.ph/search/suggest.json?q=lenovo%20l490&resources[type]=product&resources[limit]=10
2026-02-21 15:20:34 [debug]: [PcExpressScraper] Scraping JSON: https://pcx.com.ph/products/lenovo-loq-15irx10-83je00gbph-geforce-rtx-5050-intel-core-i5-laptop-luna-grey.json
2026-02-21 15:20:34 [debug]: [PcExpressScraper] Scraping JSON: https://pcx.com.ph/products/lenovo-legion-pro-5-16irx10-83nn003tph-geforce-rtx-5070-intel-core-i9-laptop-eclipse-black.json
2026-02-21 15:20:47 [info]: [PcExpressScraper] API found 0 product URLs
2026-02-21 15:20:47 [debug]: [PcExpressScraper] Fallback to search page: https://pcx.com.ph/search?type=product&q=lenovo%20l490
2026-02-21 15:20:50 [debug]: [PcExpressScraper] JSON success: LENOVO Legion Pro 5 16IRX10 (83NN003TPH) GeForce RTX™ 5070 Intel® Core™ i9 Laptop (Eclipse Black)
2026-02-21 15:21:21 [debug]: [PcExpressScraper] JSON success: LENOVO LOQ 15IRX10 (83JE00GBPH) GeForce RTX™ 5050 Intel® Core™ i5 Laptop (Luna Grey)
2026-02-21 15:21:22 [debug]: [PcWorxScraper] Calling API: https://pcworx.ph/search/suggest.json?q=lenovo%20l490&resources[type]=product&resources[limit]=10
2026-02-21 15:21:22 [warn]: [Retry] PcWorxScraper.search failed (attempt 2/3). Retrying in 4411ms. Error: page.goto: Timeout 20000ms exceeded.
Call log:
[2m  - navigating to "https://pcworx.ph/", waiting until "domcontentloaded"[22m

2026-02-21 15:21:22 [warn]: [Retry] PcWorxScraper.search failed (attempt 2/3). Retrying in 4471ms. Error: page.goto: Timeout 20000ms exceeded.
Call log:
[2m  - navigating to "https://pcworx.ph/", waiting until "domcontentloaded"[22m

2026-02-21 15:21:22 [debug]: [PcExpressScraper] Scraping JSON: https://pcx.com.ph/products/lenovo-legion-5-15ahp10-83m0003fph-geforce-rtx-5060-amd-ryzen-7-laptop-eclipse-black.json
2026-02-21 15:21:22 [debug]: [PcExpressScraper] Scraping JSON: https://pcx.com.ph/products/lenovo-loq-15iax9e-83lk00bbph-geforce-rtx-3050-intel-core-i5-laptop-luna-grey.json
2026-02-21 15:21:22 [info]: [PcWorxScraper] API found 0 product URLs
2026-02-21 15:21:22 [debug]: [PcWorxScraper] Fallback to search page: https://pcworx.ph/search?type=product&q=lenovo%20l490
2026-02-21 15:21:23 [debug]: [PcExpressScraper] JSON success: LENOVO Legion 5 15AHP10 (83M0003FPH) GeForce RTX™ 5060 AMD Ryzen™ 7 Laptop (Eclipse Black)
2026-02-21 15:21:23 [debug]: [PcExpressScraper] JSON success: LENOVO LOQ 15IAX9E (83LK00BBPH) GeForce RTX™ 3050 Intel® Core™ i5 Laptop (Luna Grey)
2026-02-21 15:21:25 [debug]: [PcExpressScraper] Scraping JSON: https://pcx.com.ph/products/lenovo-loq-15iax9e-83lk00bbph-geforce-rtx-3050-intel-core-i5-laptop-luna-grey.json
2026-02-21 15:21:25 [debug]: [PcExpressScraper] Scraping JSON: https://pcx.com.ph/products/lenovo-legion-5-15ahp10-83m0003fph-geforce-rtx-5060-amd-ryzen-7-laptop-eclipse-black.json
2026-02-21 15:21:26 [debug]: [PcExpressScraper] JSON success: LENOVO Legion 5 15AHP10 (83M0003FPH) GeForce RTX™ 5060 AMD Ryzen™ 7 Laptop (Eclipse Black)
2026-02-21 15:21:26 [debug]: [PcExpressScraper] JSON success: LENOVO LOQ 15IAX9E (83LK00BBPH) GeForce RTX™ 3050 Intel® Core™ i5 Laptop (Luna Grey)
2026-02-21 15:21:31 [debug]: [PcWorxScraper] Calling API: https://pcworx.ph/search/suggest.json?q=lenovo%20l490&resources[type]=product&resources[limit]=10
2026-02-21 15:21:31 [debug]: [PcExpressScraper] Scraping JSON: https://pcx.com.ph/products/lenovo-loq-15irx10-83je00gbph-geforce-rtx-5050-intel-core-i5-laptop-luna-grey.json
2026-02-21 15:21:31 [debug]: [PcWorxScraper] Calling API: https://pcworx.ph/search/suggest.json?q=lenovo%20l490&resources[type]=product&resources[limit]=10
2026-02-21 15:21:32 [debug]: [PcExpressScraper] Scraping JSON: https://pcx.com.ph/products/lenovo-legion-pro-5-16irx10-83nn003tph-geforce-rtx-5070-intel-core-i9-laptop-eclipse-black.json
2026-02-21 15:21:34 [info]: [PcWorxScraper] API found 0 product URLs
2026-02-21 15:21:34 [debug]: [PcWorxScraper] Fallback to search page: https://pcworx.ph/search?type=product&q=lenovo%20l490
2026-02-21 15:21:34 [debug]: [PcExpressScraper] JSON success: LENOVO LOQ 15IRX10 (83JE00GBPH) GeForce RTX™ 5050 Intel® Core™ i5 Laptop (Luna Grey)
2026-02-21 15:21:34 [info]: [PcWorxScraper] API found 0 product URLs
2026-02-21 15:21:34 [debug]: [PcWorxScraper] Fallback to search page: https://pcworx.ph/search?type=product&q=lenovo%20l490
2026-02-21 15:21:34 [debug]: [PcExpressScraper] JSON success: LENOVO Legion Pro 5 16IRX10 (83NN003TPH) GeForce RTX™ 5070 Intel® Core™ i9 Laptop (Eclipse Black)
2026-02-21 15:21:34 [warn]: [Retry] PcWorxScraper.search failed (attempt 2/3). Retrying in 4357ms. Error: page.goto: Timeout 20000ms exceeded.
Call log:
[2m  - navigating to "https://pcworx.ph/", waiting until "domcontentloaded"[22m

2026-02-21 15:21:50 [debug]: [PcExpressScraper] Scraping JSON: https://pcx.com.ph/products/lenovo-legion-pro-5-16afr10-83f2000nph-geforce-rtx-5070-amd-ryzen-9-laptop-eclipse-black.json
2026-02-21 15:21:58 [debug]: [PcWorxScraper] Calling API: https://pcworx.ph/search/suggest.json?q=lenovo%20l490&resources[type]=product&resources[limit]=10
2026-02-21 15:21:58 [debug]: [PcExpressScraper] JSON success: LENOVO Legion Pro 5 16AFR10 (83F2000NPH) GeForce RTX™ 5070 AMD Ryzen™ 9 Laptop (Eclipse Black)
2026-02-21 15:21:58 [info]: [PcWorxScraper] API found 0 product URLs
2026-02-21 15:21:58 [debug]: [PcWorxScraper] Fallback to search page: https://pcworx.ph/search?type=product&q=lenovo%20l490
2026-02-21 15:21:59 [warn]: [Retry] PcWorxScraper.search failed (attempt 2/3). Retrying in 4169ms. Error: page.goto: Timeout 20000ms exceeded.
Call log:
[2m  - navigating to "https://pcworx.ph/", waiting until "domcontentloaded"[22m

2026-02-21 15:21:59 [warn]: [Retry] PcWorxScraper.search failed (attempt 2/3). Retrying in 4236ms. Error: page.goto: Timeout 20000ms exceeded.
Call log:
[2m  - navigating to "https://pcworx.ph/", waiting until "domcontentloaded"[22m

2026-02-21 15:22:00 [warn]: [Retry] PcExpressScraper.search failed (attempt 2/3). Retrying in 4153ms. Error: page.goto: Timeout 30000ms exceeded.
Call log:
[2m  - navigating to "https://pcx.com.ph/search?type=product&q=lenovo%20l490", waiting until "load"[22m

2026-02-21 15:22:01 [error]: [Retry] PcWorxScraper.search failed after 3 attempts.
2026-02-21 15:22:03 [error]: [Retry] PcWorxScraper.search failed after 3 attempts.
2026-02-21 15:22:05 [debug]: [PcExpressScraper] Scraping JSON: https://pcx.com.ph/products/lenovo-loq-15irx10-83je00gbph-geforce-rtx-5050-intel-core-i5-laptop-luna-grey.json
2026-02-21 15:22:06 [debug]: [PcExpressScraper] Scraping JSON: https://pcx.com.ph/products/lenovo-legion-pro-5-16afr10-83f2000nph-geforce-rtx-5070-amd-ryzen-9-laptop-eclipse-black.json
2026-02-21 15:22:06 [debug]: [PcExpressScraper] Scraping JSON: https://pcx.com.ph/products/lenovo-legion-pro-5-16irx10-83nn003tph-geforce-rtx-5070-intel-core-i9-laptop-eclipse-black.json
2026-02-21 15:22:07 [debug]: [PcExpressScraper] JSON success: LENOVO LOQ 15IRX10 (83JE00GBPH) GeForce RTX™ 5050 Intel® Core™ i5 Laptop (Luna Grey)
2026-02-21 15:22:07 [debug]: [PcExpressScraper] JSON success: LENOVO Legion Pro 5 16AFR10 (83F2000NPH) GeForce RTX™ 5070 AMD Ryzen™ 9 Laptop (Eclipse Black)
2026-02-21 15:22:07 [debug]: [PcExpressScraper] JSON success: LENOVO Legion Pro 5 16IRX10 (83NN003TPH) GeForce RTX™ 5070 Intel® Core™ i9 Laptop (Eclipse Black)
2026-02-21 15:22:08 [debug]: [PcWorxScraper] Calling API: https://pcworx.ph/search/suggest.json?q=lenovo%20l490&resources[type]=product&resources[limit]=10
2026-02-21 15:22:08 [debug]: [PcWorxScraper] Calling API: https://pcworx.ph/search/suggest.json?q=lenovo%20l490&resources[type]=product&resources[limit]=10
2026-02-21 15:22:08 [debug]: [PcExpressScraper] Scraping JSON: https://pcx.com.ph/products/lenovo-legion-pro-5-16afr10-83f2000nph-geforce-rtx-5070-amd-ryzen-9-laptop-eclipse-black.json
2026-02-21 15:22:09 [debug]: [PcExpressScraper] Scraping JSON: https://pcx.com.ph/products/lenovo-loq-15irx10-83je00gbph-geforce-rtx-5050-intel-core-i5-laptop-luna-grey.json
2026-02-21 15:22:09 [debug]: [PcExpressScraper] Scraping JSON: https://pcx.com.ph/products/lenovo-legion-pro-5-16irx10-83nn003tph-geforce-rtx-5070-intel-core-i9-laptop-eclipse-black.json
2026-02-21 15:22:09 [info]: [PcWorxScraper] API found 0 product URLs
2026-02-21 15:22:09 [debug]: [PcWorxScraper] Fallback to search page: https://pcworx.ph/search?type=product&q=lenovo%20l490
2026-02-21 15:22:09 [info]: [PcWorxScraper] API found 0 product URLs
2026-02-21 15:22:09 [debug]: [PcWorxScraper] Fallback to search page: https://pcworx.ph/search?type=product&q=lenovo%20l490
2026-02-21 15:22:09 [debug]: [PcExpressScraper] JSON success: LENOVO Legion Pro 5 16AFR10 (83F2000NPH) GeForce RTX™ 5070 AMD Ryzen™ 9 Laptop (Eclipse Black)
2026-02-21 15:22:10 [debug]: [PcExpressScraper] JSON success: LENOVO LOQ 15IRX10 (83JE00GBPH) GeForce RTX™ 5050 Intel® Core™ i5 Laptop (Luna Grey)
2026-02-21 15:22:10 [debug]: [PcExpressScraper] JSON success: LENOVO Legion Pro 5 16IRX10 (83NN003TPH) GeForce RTX™ 5070 Intel® Core™ i9 Laptop (Eclipse Black)
2026-02-21 15:22:11 [debug]: [PcExpressScraper] Calling API: https://pcx.com.ph/search/suggest.json?q=lenovo%20l490&resources[type]=product&resources[limit]=10
2026-02-21 15:22:14 [info]: [PcExpressScraper] API found 0 product URLs
2026-02-21 15:22:14 [debug]: [PcExpressScraper] Fallback to search page: https://pcx.com.ph/search?type=product&q=lenovo%20l490
2026-02-21 15:22:33 [error]: [Retry] PcWorxScraper.search failed after 3 attempts.
2026-02-21 15:22:33 [error]: [Retry] PcWorxScraper.search failed after 3 attempts.
2026-02-21 15:22:34 [error]: [Retry] PcWorxScraper.search failed after 3 attempts.
2026-02-21 15:22:34 [error]: [Retry] PcWorxScraper.search failed after 3 attempts.
2026-02-21 15:22:35 [error]: [SearchService] PC Worx failed: page.goto: Timeout 20000ms exceeded.
Call log:
[2m  - navigating to "https://pcworx.ph/", waiting until "domcontentloaded"[22m

2026-02-21 15:22:35 [info]: [SearchService] Raw products scraped: 5
2026-02-21 15:22:35 [info]: [SearchService] Relevance filter: 5/5 products kept
2026-02-21 15:22:36 [error]: [SearchService] PC Worx failed: page.goto: Timeout 20000ms exceeded.
Call log:
[2m  - navigating to "https://pcworx.ph/", waiting until "domcontentloaded"[22m

2026-02-21 15:22:36 [info]: [SearchService] Raw products scraped: 5
2026-02-21 15:22:36 [info]: [SearchService] Relevance filter: 5/5 products kept
2026-02-21 15:22:36 [debug]: [PcExpressScraper] Scraping JSON: https://pcx.com.ph/products/lenovo-legion-pro-5-16afr10-83f2000nph-geforce-rtx-5070-amd-ryzen-9-laptop-eclipse-black.json
2026-02-21 15:22:36 [error]: [SearchService] PC Worx failed: page.goto: Timeout 20000ms exceeded.
Call log:
[2m  - navigating to "https://pcworx.ph/", waiting until "domcontentloaded"[22m

2026-02-21 15:22:36 [info]: [SearchService] Raw products scraped: 5
2026-02-21 15:22:36 [info]: [SearchService] Relevance filter: 5/5 products kept
2026-02-21 15:22:37 [debug]: [PcExpressScraper] JSON success: LENOVO Legion Pro 5 16AFR10 (83F2000NPH) GeForce RTX™ 5070 AMD Ryzen™ 9 Laptop (Eclipse Black)
2026-02-21 15:22:38 [debug]: [PcExpressScraper] Scraping JSON: https://pcx.com.ph/products/lenovo-legion-pro-5-16afr10-83f2000nph-geforce-rtx-5070-amd-ryzen-9-laptop-eclipse-black.json
2026-02-21 15:22:38 [info]: [SearchService] Saved 5 products for search #04d8d862-6806-4b88-92cb-d1cf8bb9786a
2026-02-21 15:22:39 [info]: [SearchService] Saved 5 products for search #ba30150c-4fdd-40cd-a218-36973dc4bd8f
2026-02-21 15:22:39 [debug]: → GET /api/search
2026-02-21 15:22:39 [debug]: → GET /api/search
2026-02-21 15:22:39 [debug]: [PcExpressScraper] JSON success: LENOVO Legion Pro 5 16AFR10 (83F2000NPH) GeForce RTX™ 5070 AMD Ryzen™ 9 Laptop (Eclipse Black)
2026-02-21 15:22:39 [info]: [SearchService] Saved 5 products for search #59b5a066-726f-4e91-b20f-d08031fbaa54
2026-02-21 15:22:39 [debug]: → GET /api/search/history
2026-02-21 15:22:39 [info]: [SearchService] Search #540e1ddc-1679-4717-b9fb-2919bb7a66a8 - "mechanicla keyboard"
2026-02-21 15:22:39 [info]: [SearchService] Search #b07ed774-82bd-4a61-9aa1-90488bf4cab7 - "keyboard"
2026-02-21 15:22:41 [error]: [SearchService] PC Worx failed: page.goto: Timeout 20000ms exceeded.
Call log:
[2m  - navigating to "https://pcworx.ph/", waiting until "domcontentloaded"[22m

2026-02-21 15:22:41 [info]: [SearchService] Raw products scraped: 5
2026-02-21 15:22:41 [info]: [SearchService] Relevance filter: 5/5 products kept
2026-02-21 15:22:42 [debug]: [PcExpressScraper] Calling API: https://pcx.com.ph/search/suggest.json?q=mechanicla%20keyboard&resources[type]=product&resources[limit]=10
2026-02-21 15:22:43 [debug]: [PcExpressScraper] Calling API: https://pcx.com.ph/search/suggest.json?q=keyboard&resources[type]=product&resources[limit]=10
2026-02-21 15:22:43 [debug]: [VillmanScraper] Calling API: https://shop.villman.com/search/suggest.json?q=mechanicla%20keyboard&resources[type]=product&resources[limit]=10
2026-02-21 15:22:43 [debug]: [PcWorxScraper] Calling API: https://pcworx.ph/search/suggest.json?q=mechanicla%20keyboard&resources[type]=product&resources[limit]=10
2026-02-21 15:22:43 [debug]: [PcWorxScraper] Calling API: https://pcworx.ph/search/suggest.json?q=keyboard&resources[type]=product&resources[limit]=10
2026-02-21 15:22:43 [debug]: [VillmanScraper] Calling API: https://shop.villman.com/search/suggest.json?q=keyboard&resources[type]=product&resources[limit]=10
2026-02-21 15:22:44 [info]: [SearchService] Saved 5 products for search #ee154a7b-7bce-4aac-a15d-0921c16243e7
2026-02-21 15:22:44 [info]: [PcExpressScraper] API found 4 product URLs
2026-02-21 15:22:44 [info]: [PcWorxScraper] API found 5 product URLs
2026-02-21 15:22:44 [info]: [VillmanScraper] API found 5 product URLs
2026-02-21 15:22:44 [info]: [PcWorxScraper] API found 5 product URLs
2026-02-21 15:22:44 [error]: [SearchService] PC Worx failed: page.goto: Timeout 20000ms exceeded.
Call log:
[2m  - navigating to "https://pcworx.ph/", waiting until "domcontentloaded"[22m

2026-02-21 15:22:44 [info]: [SearchService] Raw products scraped: 5
2026-02-21 15:22:44 [info]: [SearchService] Relevance filter: 5/5 products kept
2026-02-21 15:22:44 [info]: [VillmanScraper] API found 5 product URLs
2026-02-21 15:22:45 [info]: [PcExpressScraper] API found 5 product URLs
2026-02-21 15:22:45 [info]: [SearchService] Saved 5 products for search #56cd2a8e-c9a7-41e0-806a-a9d560c725c7
2026-02-21 15:22:46 [info]: [PcExpressScraper] Fallback found 10 product URLs
2026-02-21 15:22:48 [debug]: [PcWorxScraper] Scraping JSON: https://pcworx.ph/products/redragon-k617-fizz-60-wired-rgb-gaming-keyboard-61-keys-compact-mechanical.json
2026-02-21 15:22:48 [debug]: [PcWorxScraper] Scraping JSON: https://pcworx.ph/products/razer-rz03-04460100-r3m1-ornata-v3-low-profile-gaming-keyboard.json
2026-02-21 15:22:49 [debug]: [PcWorxScraper] JSON success: Redragon K617 Fizz 60% Wired Rgb Gaming Keyboard 61 Keys Compact Mechanical
2026-02-21 15:22:49 [debug]: [PcExpressScraper] Scraping JSON: https://pcx.com.ph/products/aula-s2022-mechanical-gaming-keyboard-green.json
2026-02-21 15:22:50 [debug]: [PcWorxScraper] JSON success: Razer RZ03-04460100-R3M1 Ornata V3 Low Profile Gaming Keyboard
2026-02-21 15:22:50 [debug]: [PcExpressScraper] Scraping JSON: https://pcx.com.ph/products/logitech-g413-se-mechanical-keyboard.json
2026-02-21 15:22:50 [debug]: [PcExpressScraper] JSON success: AULA S2022 Mechanical Gaming Keyboard - Green
2026-02-21 15:22:51 [debug]: [PcExpressScraper] JSON success: LOGITECH G413 SE Mechanical Keyboard
2026-02-21 15:22:54 [debug]: [VillmanScraper] Scraping JSON: https://shop.villman.com/products/aula-ac101-usb-wired-keyboard-mouse-combo-copy.json
2026-02-21 15:22:54 [debug]: [VillmanScraper] Scraping JSON: https://shop.villman.com/products/aula-f2088-pro-wired-mechanical-gaming-keyboard-copy.json
2026-02-21 15:22:54 [debug]: [VillmanScraper] JSON success: Aula F2058 Wired Mechanical Gaming Keyboard
2026-02-21 15:22:55 [debug]: [PcWorxScraper] Scraping JSON: https://pcworx.ph/products/redragon-k617-fizz-60-wired-rgb-gaming-keyboard-61-keys-compact-mechanical.json
2026-02-21 15:22:55 [debug]: [PcWorxScraper] Scraping JSON: https://pcworx.ph/products/darkflash-gd108-mechanical-keyboard-brown-sugar-blue-milk-brown.json
2026-02-21 15:22:55 [debug]: [VillmanScraper] Scraping JSON: https://shop.villman.com/products/aula-f75-mechanical-keyboard-copy.json
2026-02-21 15:22:55 [debug]: [VillmanScraper] Scraping JSON: https://shop.villman.com/products/aula-f2088-pro-wired-mechanical-gaming-keyboard-copy.json
2026-02-21 15:22:55 [debug]: [VillmanScraper] JSON success: Aula AWK310 Bluetooth Keyboard
2026-02-21 15:22:55 [debug]: [PcExpressScraper] Scraping JSON: https://pcx.com.ph/products/asus-tuf-gaming-k1-rgb-gaming-keyboard.json
2026-02-21 15:22:55 [debug]: [PcWorxScraper] JSON success: Redragon K617 Fizz 60% Wired Rgb Gaming Keyboard 61 Keys Compact Mechanical
2026-02-21 15:22:56 [debug]: [VillmanScraper] JSON success: Aula F87 Mechanical Keyboard
2026-02-21 15:22:56 [debug]: [PcWorxScraper] JSON success: DarkFlash GD108 Mechanical Keyboard Brown Sugar / Milk & Brown/ Blue
2026-02-21 15:22:56 [debug]: [PcExpressScraper] JSON success: ASUS TUF Gaming K1 RGB Gaming Keyboard
2026-02-21 15:22:56 [debug]: [VillmanScraper] JSON success: Aula F2058 Wired Mechanical Gaming Keyboard
2026-02-21 15:22:57 [debug]: [PcExpressScraper] Scraping JSON: https://pcx.com.ph/products/rapoo-nx1600-usb-keyboard-and-mouse-combo.json
2026-02-21 15:22:57 [debug]: [PcExpressScraper] JSON success: RAPOO NX1600 USB Keyboard and Mouse Combo
2026-02-21 15:22:58 [debug]: [PcExpressScraper] Scraping JSON: https://pcx.com.ph/products/lenovo-loq-15iax9e-83lk00bbph-geforce-rtx-3050-intel-core-i5-laptop-luna-grey.json
2026-02-21 15:22:59 [debug]: [PcExpressScraper] Scraping JSON: https://pcx.com.ph/products/lenovo-legion-5-15ahp10-83m0003fph-geforce-rtx-5060-amd-ryzen-7-laptop-eclipse-black.json
2026-02-21 15:22:59 [debug]: [PcExpressScraper] JSON success: LENOVO LOQ 15IAX9E (83LK00BBPH) GeForce RTX™ 3050 Intel® Core™ i5 Laptop (Luna Grey)
2026-02-21 15:22:59 [debug]: [PcExpressScraper] JSON success: LENOVO Legion 5 15AHP10 (83M0003FPH) GeForce RTX™ 5060 AMD Ryzen™ 7 Laptop (Eclipse Black)
2026-02-21 15:23:05 [debug]: [VillmanScraper] Scraping JSON: https://shop.villman.com/products/aula-f99-3-in-1-rgb-gaming-mechanical-hot-swappable-keyboard-copy.json
2026-02-21 15:23:06 [debug]: [PcWorxScraper] Scraping JSON: https://pcworx.ph/products/redragon-bs-8773-2-4g-wireless-mechanical-keyboard-mouse-bundle-black.json
2026-02-21 15:23:07 [debug]: [VillmanScraper] Scraping JSON: https://shop.villman.com/products/alienware-advanced-gaming-keyboard-aw568.json
2026-02-21 15:23:07 [debug]: [VillmanScraper] Scraping JSON: https://shop.villman.com/products/aula-f75-mechanical-keyboard-copy.json
2026-02-21 15:23:07 [debug]: [VillmanScraper] Scraping JSON: https://shop.villman.com/products/aula-f3050-2-in-1-gaming-mechanical-keyboard-copy.json
2026-02-21 15:23:07 [debug]: [PcWorxScraper] Scraping JSON: https://pcworx.ph/products/darkflash-gd100-mechanical-keyboard-brown-sugar-k-yellow.json
2026-02-21 15:23:09 [debug]: [VillmanScraper] JSON success: Aula F75 Mechanical Keyboard
2026-02-21 15:23:09 [debug]: [PcWorxScraper] Scraping JSON: https://pcworx.ph/products/a4tech-kk-3-multimedia-fn-wired-keyboard-1.json
2026-02-21 15:23:09 [debug]: [PcWorxScraper] JSON success: Redragon BS-8773 2.4G Wireless Mechanical Keyboard & Mouse Bundle Black
2026-02-21 15:23:09 [debug]: [PcExpressScraper] Scraping JSON: https://pcx.com.ph/products/aula-f87-wilderness-oasis-wired-mechanical-gaming-keyboard.json
2026-02-21 15:23:10 [debug]: [VillmanScraper] JSON success: Alienware Advanced Gaming Keyboard – AW568
2026-02-21 15:23:10 [debug]: [PcWorxScraper] Scraping JSON: https://pcworx.ph/products/darkflash-gd108-mechanical-keyboard-brown-sugar-blue-milk-brown.json
2026-02-21 15:23:10 [debug]: [PcExpressScraper] Scraping JSON: https://pcx.com.ph/products/logitech-g512-carbon-rgb-mechanical-gx-blue-switch-clicky-gaming-keyboard.json
2026-02-21 15:23:10 [debug]: [PcExpressScraper] Scraping JSON: https://pcx.com.ph/products/logitech-k120-b100-keyboard-and-mouse-combo.json
2026-02-21 15:23:10 [debug]: [PcExpressScraper] Scraping JSON: https://pcx.com.ph/products/logitech-k650-signature-multi-device-wireless-keyboard-off-white.json
2026-02-21 15:23:10 [debug]: [PcExpressScraper] Scraping JSON: https://pcx.com.ph/products/lenovo-loq-15irx10-83je00gbph-geforce-rtx-5050-intel-core-i5-laptop-luna-grey.json
2026-02-21 15:23:10 [debug]: [PcWorxScraper] JSON success: A4Tech KK-3 Multimedia FN Wired Keyboard
2026-02-21 15:23:10 [debug]: [PcExpressScraper] JSON success: AULA F87 WILDERNESS OASIS Wired Mechanical Gaming Keyboard
2026-02-21 15:23:11 [debug]: [PcExpressScraper] Scraping JSON: https://pcx.com.ph/products/lenovo-legion-pro-5-16irx10-83nn003tph-geforce-rtx-5070-intel-core-i9-laptop-eclipse-black.json
2026-02-21 15:23:11 [debug]: [PcWorxScraper] JSON success: DarkFlash GD108 Mechanical Keyboard Brown Sugar / Milk & Brown/ Blue
2026-02-21 15:23:11 [debug]: [PcExpressScraper] JSON success: LOGITECH K120+B100 Keyboard and Mouse Combo
2026-02-21 15:23:11 [debug]: [PcExpressScraper] JSON success: LOGITECH G512 Carbon RGB Mechanical GX Blue Switch (CLICKY) Gaming Keyboard
2026-02-21 15:23:11 [debug]: [PcExpressScraper] JSON success: LOGITECH K650 SIGNATURE Multi-Device Wireless Keyboard (Off White)
2026-02-21 15:23:11 [debug]: [PcExpressScraper] JSON success: LENOVO LOQ 15IRX10 (83JE00GBPH) GeForce RTX™ 5050 Intel® Core™ i5 Laptop (Luna Grey)
2026-02-21 15:23:12 [debug]: [VillmanScraper] JSON success: Aula F87 Mechanical Keyboard
2026-02-21 15:23:12 [debug]: [PcExpressScraper] JSON success: LENOVO Legion Pro 5 16IRX10 (83NN003TPH) GeForce RTX™ 5070 Intel® Core™ i9 Laptop (Eclipse Black)
2026-02-21 15:23:12 [debug]: [PcWorxScraper] JSON success: DarkFlash GD100 Mechanical Keyboard Brown Sugar K. Yellow
2026-02-21 15:23:12 [debug]: [VillmanScraper] JSON success: Aula F2088 (Black) Wired Mechanical Gaming Keyboard
2026-02-21 15:23:17 [debug]: [VillmanScraper] Scraping JSON: https://shop.villman.com/products/aula-f2066-ii-wired-mechanical-gaming-keyboard-copy.json
2026-02-21 15:23:18 [debug]: [VillmanScraper] JSON success: Aula S2022 Wired Mechanical Gaming Keyboard
2026-02-21 15:23:19 [debug]: [PcWorxScraper] Scraping JSON: https://pcworx.ph/products/redragon-k717-alcor-rgb-wireless-gaming-keyboard.json
2026-02-21 15:23:19 [debug]: [PcWorxScraper] Scraping JSON: https://pcworx.ph/products/redragon-k606-lakshmi-mechanical-keyboard.json
2026-02-21 15:23:19 [debug]: [PcExpressScraper] Scraping JSON: https://pcx.com.ph/products/lenovo-legion-pro-5-16afr10-83f2000nph-geforce-rtx-5070-amd-ryzen-9-laptop-eclipse-black.json
2026-02-21 15:23:20 [debug]: [PcExpressScraper] Scraping JSON: https://pcx.com.ph/products/logitech-g713-wired-tactile-gaming-keyboard.json
2026-02-21 15:23:20 [debug]: [VillmanScraper] Scraping JSON: https://shop.villman.com/products/aula-f99-3-in-1-rgb-gaming-mechanical-hot-swappable-keyboard-copy.json
2026-02-21 15:23:20 [debug]: [PcWorxScraper] JSON success: Redragon Lakshmi K606 Detachable Wire Mechanical Keyboard Red,Blue Switch
2026-02-21 15:23:20 [debug]: [PcWorxScraper] JSON success: Redragon K717 ALCOR RGB Wireless Gaming Keyboard
2026-02-21 15:23:20 [debug]: [PcExpressScraper] JSON success: LENOVO Legion Pro 5 16AFR10 (83F2000NPH) GeForce RTX™ 5070 AMD Ryzen™ 9 Laptop (Eclipse Black)
2026-02-21 15:23:21 [debug]: [VillmanScraper] JSON success: Aula F75 Mechanical Keyboard
2026-02-21 15:23:21 [debug]: [PcExpressScraper] JSON success: LOGITECH G713 Wired (Tactile) Gaming Keyboard
2026-02-21 15:23:24 [error]: [SearchService] PC Worx failed: page.goto: Timeout 20000ms exceeded.
Call log:
[2m  - navigating to "https://pcworx.ph/", waiting until "domcontentloaded"[22m

2026-02-21 15:23:24 [info]: [SearchService] Raw products scraped: 5
2026-02-21 15:23:24 [info]: [SearchService] Relevance filter: 5/5 products kept
2026-02-21 15:23:24 [info]: [SearchService] Raw products scraped: 15
2026-02-21 15:23:24 [info]: [SearchService] Relevance filter: 15/15 products kept
2026-02-21 15:23:25 [info]: [SearchService] Raw products scraped: 14
2026-02-21 15:23:25 [info]: [SearchService] Relevance filter: 14/14 products kept
2026-02-21 15:23:25 [info]: [SearchService] Saved 5 products for search #33707fdb-ee92-46a6-9ebe-49f442d6b6e9
2026-02-21 15:23:27 [info]: [SearchService] Saved 15 products for search #b07ed774-82bd-4a61-9aa1-90488bf4cab7
2026-02-21 15:23:28 [info]: [SearchService] Saved 14 products for search #540e1ddc-1679-4717-b9fb-2919bb7a66a8
2026-02-21 15:23:38 [info]: [Server] SIGINT received. Shutting down gracefully...
2026-02-28 16:28:41 [error]: [DB] Supabase connection failed:
2026-02-28 16:29:07 [error]: [DB] Supabase connection failed:
2026-02-28 16:30:40 [error]: [DB] Supabase connection failed:
2026-02-28 16:31:53 [info]: [DB] Supabase connection verified.
2026-02-28 16:31:53 [info]: [SearchService] Platform IDs loaded: {"pcexpress":"23dfd2d7-dc9d-43b4-aab9-ab500241b0aa","villman":"4bb2b418-2f2f-4b8c-9379-1e874aaf0906","pcworx":"baa131a0-a8ad-43c6-9e37-521bdb43974f"}
2026-02-28 16:31:53 [info]: 🚀 Bakàl backend running on port 3000 [development]
2026-02-28 16:33:03 [debug]: → GET /api/search
2026-02-28 16:33:03 [debug]: → GET /api/search
2026-02-28 16:33:46 [debug]: → GET /api/search
2026-02-28 16:35:29 [debug]: → POST /api/auth/login
2026-02-28 16:35:31 [warn]: [ErrorHandler] 401 POST /api/auth/login - Invalid email or password.
2026-02-28 16:37:26 [debug]: → POST /api/auth/register
2026-02-28 16:37:37 [debug]: → POST /api/auth/register
2026-02-28 16:37:46 [info]: [Server] SIGINT received. Shutting down gracefully...
2026-02-28 16:37:56 [info]: [DB] Supabase connection verified.
2026-02-28 16:37:57 [info]: [SearchService] Platform IDs loaded: {"pcexpress":"23dfd2d7-dc9d-43b4-aab9-ab500241b0aa","villman":"4bb2b418-2f2f-4b8c-9379-1e874aaf0906","pcworx":"baa131a0-a8ad-43c6-9e37-521bdb43974f"}
2026-02-28 16:37:57 [info]: 🚀 Bakàl backend running on port 3000 [development]
2026-02-28 16:37:57 [debug]: → POST /api/auth/register
2026-02-28 16:37:57 [warn]: [ErrorHandler] 409 POST /api/auth/register - Email already in use.
2026-02-28 16:38:02 [debug]: → POST /api/auth/register
2026-02-28 16:38:10 [info]: [Server] SIGINT received. Shutting down gracefully...
2026-02-28 16:38:18 [info]: [DB] Supabase connection verified.
2026-02-28 16:38:19 [info]: [SearchService] Platform IDs loaded: {"pcexpress":"23dfd2d7-dc9d-43b4-aab9-ab500241b0aa","villman":"4bb2b418-2f2f-4b8c-9379-1e874aaf0906","pcworx":"baa131a0-a8ad-43c6-9e37-521bdb43974f"}
2026-02-28 16:38:19 [info]: 🚀 Bakàl backend running on port 3000 [development]
2026-02-28 16:38:20 [debug]: → POST /api/auth/register
2026-02-28 16:38:20 [warn]: [ErrorHandler] 409 POST /api/auth/register - Email already in use.
2026-02-28 16:38:39 [debug]: → GET /api/search
2026-02-28 16:38:39 [info]: [SearchService] Search #b0661acf-6ec4-416f-913b-667454b093ad - "keyboard"
2026-02-28 16:38:40 [debug]: [VillmanScraper] Calling API: https://shop.villman.com/search/suggest.json?q=keyboard&resources[type]=product&resources[limit]=10
2026-02-28 16:38:40 [debug]: [PcExpressScraper] Calling API: https://pcx.com.ph/search/suggest.json?q=keyboard&resources[type]=product&resources[limit]=10
2026-02-28 16:38:40 [debug]: [PcWorxScraper] Calling API: https://pcworx.ph/search/suggest.json?q=keyboard&resources[type]=product&resources[limit]=10
2026-02-28 16:38:44 [info]: [PcWorxScraper] API found 5 product URLs
2026-02-28 16:38:44 [info]: [PcExpressScraper] API found 5 product URLs
2026-02-28 16:38:44 [info]: [VillmanScraper] API found 5 product URLs
2026-02-28 16:38:44 [debug]: [PcExpressScraper] Scraping JSON: https://pcx.com.ph/products/logitech-k120-b100-keyboard-and-mouse-combo.json
2026-02-28 16:38:44 [debug]: [PcExpressScraper] Scraping JSON: https://pcx.com.ph/products/asus-tuf-gaming-k1-rgb-gaming-keyboard.json
2026-02-28 16:38:44 [debug]: [PcWorxScraper] Scraping JSON: https://pcworx.ph/products/redragon-k617-fizz-60-wired-rgb-gaming-keyboard-61-keys-compact-mechanical.json
2026-02-28 16:38:45 [debug]: [VillmanScraper] Scraping JSON: https://shop.villman.com/products/aula-f2088-pro-wired-mechanical-gaming-keyboard-copy.json
2026-02-28 16:38:45 [debug]: [PcWorxScraper] Scraping JSON: https://pcworx.ph/products/razer-rz03-04460100-r3m1-ornata-v3-low-profile-gaming-keyboard.json
2026-02-28 16:38:45 [debug]: [VillmanScraper] Scraping JSON: https://shop.villman.com/products/aula-ac101-usb-wired-keyboard-mouse-combo-copy.json
2026-02-28 16:38:45 [debug]: [PcExpressScraper] JSON success: ASUS TUF Gaming K1 RGB Gaming Keyboard
2026-02-28 16:38:45 [debug]: [PcExpressScraper] JSON success: LOGITECH K120+B100 Keyboard and Mouse Combo
2026-02-28 16:38:45 [debug]: [PcWorxScraper] JSON success: Redragon K617 Fizz 60% Wired Rgb Gaming Keyboard 61 Keys Compact Mechanical
2026-02-28 16:38:45 [debug]: [VillmanScraper] JSON success: Aula F2058 Wired Mechanical Gaming Keyboard
2026-02-28 16:38:45 [debug]: [PcWorxScraper] JSON success: Razer RZ03-04460100-R3M1 Ornata V3 Low Profile Gaming Keyboard
2026-02-28 16:38:45 [debug]: [VillmanScraper] JSON success: Aula AWK310 Bluetooth Keyboard
2026-02-28 16:38:49 [debug]: [VillmanScraper] Scraping JSON: https://shop.villman.com/products/alienware-advanced-gaming-keyboard-aw568.json
2026-02-28 16:38:49 [debug]: [VillmanScraper] Scraping JSON: https://shop.villman.com/products/aula-f75-mechanical-keyboard-copy.json
2026-02-28 16:38:49 [debug]: [PcWorxScraper] Scraping JSON: https://pcworx.ph/products/a4tech-kk-3-multimedia-fn-wired-keyboard-1.json
2026-02-28 16:38:49 [debug]: [PcWorxScraper] Scraping JSON: https://pcworx.ph/products/darkflash-gd108-mechanical-keyboard-brown-sugar-blue-milk-brown.json
2026-02-28 16:38:49 [debug]: [VillmanScraper] JSON success: Alienware Advanced Gaming Keyboard – AW568
2026-02-28 16:38:49 [debug]: [VillmanScraper] JSON success: Aula F87 Mechanical Keyboard
2026-02-28 16:38:50 [debug]: [PcExpressScraper] Scraping JSON: https://pcx.com.ph/products/rapoo-nx1600-usb-keyboard-and-mouse-combo.json
2026-02-28 16:38:50 [debug]: [PcExpressScraper] Scraping JSON: https://pcx.com.ph/products/logitech-k650-signature-multi-device-wireless-keyboard-off-white.json
2026-02-28 16:38:50 [debug]: [PcWorxScraper] JSON success: DarkFlash GD108 Mechanical Keyboard Brown Sugar / Milk & Brown/ Blue
2026-02-28 16:38:50 [debug]: [PcWorxScraper] JSON success: A4Tech KK-3 Multimedia FN Wired Keyboard
2026-02-28 16:38:50 [debug]: [PcExpressScraper] JSON success: RAPOO NX1600 USB Keyboard and Mouse Combo
2026-02-28 16:38:50 [debug]: [PcExpressScraper] JSON success: LOGITECH K650 SIGNATURE Multi-Device Wireless Keyboard (Off White)
2026-02-28 16:38:52 [debug]: [PcWorxScraper] Scraping JSON: https://pcworx.ph/products/a4tech-krs-85-comfortable-a-shape-ps2.json
2026-02-28 16:38:52 [debug]: [PcExpressScraper] Scraping JSON: https://pcx.com.ph/products/logitech-g713-wired-tactile-gaming-keyboard.json
2026-02-28 16:38:52 [debug]: [PcWorxScraper] JSON success: A4Tech KRS-85 Comfortable A-Shape PS2 keyboard
2026-02-28 16:38:52 [debug]: [PcExpressScraper] JSON success: LOGITECH G713 Wired (Tactile) Gaming Keyboard
2026-02-28 16:38:53 [debug]: [VillmanScraper] Scraping JSON: https://shop.villman.com/products/aula-f99-3-in-1-rgb-gaming-mechanical-hot-swappable-keyboard-copy.json
2026-02-28 16:38:54 [debug]: [VillmanScraper] JSON success: Aula F75 Mechanical Keyboard
2026-02-28 16:38:57 [info]: [SearchService] Raw products scraped: 15
2026-02-28 16:38:57 [info]: [SearchService] Relevance filter: 15/15 products kept
2026-02-28 16:38:59 [debug]: → GET /api/search
2026-02-28 16:38:59 [info]: [SearchService] Search #c044e052-2e3e-46a4-b36c-03e6fa3f0e95 - "keyboard"
2026-02-28 16:39:00 [debug]: [PcWorxScraper] Calling API: https://pcworx.ph/search/suggest.json?q=keyboard&resources[type]=product&resources[limit]=10
2026-02-28 16:39:00 [debug]: [VillmanScraper] Calling API: https://shop.villman.com/search/suggest.json?q=keyboard&resources[type]=product&resources[limit]=10
2026-02-28 16:39:00 [debug]: [PcExpressScraper] Calling API: https://pcx.com.ph/search/suggest.json?q=keyboard&resources[type]=product&resources[limit]=10
2026-02-28 16:39:00 [info]: [SearchService] Saved 15 products for search #b0661acf-6ec4-416f-913b-667454b093ad
2026-02-28 16:39:00 [info]: [PcWorxScraper] API found 5 product URLs
2026-02-28 16:39:00 [info]: [VillmanScraper] API found 5 product URLs
2026-02-28 16:39:00 [info]: [PcExpressScraper] API found 5 product URLs
2026-02-28 16:39:01 [debug]: [PcWorxScraper] Scraping JSON: https://pcworx.ph/products/redragon-k617-fizz-60-wired-rgb-gaming-keyboard-61-keys-compact-mechanical.json
2026-02-28 16:39:02 [debug]: [VillmanScraper] Scraping JSON: https://shop.villman.com/products/aula-f2088-pro-wired-mechanical-gaming-keyboard-copy.json
2026-02-28 16:39:02 [debug]: [PcExpressScraper] Scraping JSON: https://pcx.com.ph/products/logitech-k120-b100-keyboard-and-mouse-combo.json
2026-02-28 16:39:02 [debug]: [PcExpressScraper] Scraping JSON: https://pcx.com.ph/products/asus-tuf-gaming-k1-rgb-gaming-keyboard.json
2026-02-28 16:39:02 [debug]: [PcWorxScraper] Scraping JSON: https://pcworx.ph/products/razer-rz03-04460100-r3m1-ornata-v3-low-profile-gaming-keyboard.json
2026-02-28 16:39:02 [debug]: [VillmanScraper] Scraping JSON: https://shop.villman.com/products/aula-ac101-usb-wired-keyboard-mouse-combo-copy.json
2026-02-28 16:39:02 [debug]: [PcWorxScraper] JSON success: Redragon K617 Fizz 60% Wired Rgb Gaming Keyboard 61 Keys Compact Mechanical
2026-02-28 16:39:02 [debug]: [PcExpressScraper] JSON success: LOGITECH K120+B100 Keyboard and Mouse Combo
2026-02-28 16:39:02 [debug]: [VillmanScraper] JSON success: Aula F2058 Wired Mechanical Gaming Keyboard
2026-02-28 16:39:02 [debug]: [PcExpressScraper] JSON success: ASUS TUF Gaming K1 RGB Gaming Keyboard
2026-02-28 16:39:02 [debug]: [PcWorxScraper] JSON success: Razer RZ03-04460100-R3M1 Ornata V3 Low Profile Gaming Keyboard
2026-02-28 16:39:02 [debug]: [VillmanScraper] JSON success: Aula AWK310 Bluetooth Keyboard
2026-02-28 16:39:05 [debug]: [PcExpressScraper] Scraping JSON: https://pcx.com.ph/products/rapoo-nx1600-usb-keyboard-and-mouse-combo.json
2026-02-28 16:39:05 [debug]: [PcExpressScraper] Scraping JSON: https://pcx.com.ph/products/logitech-k650-signature-multi-device-wireless-keyboard-off-white.json
2026-02-28 16:39:05 [debug]: [PcExpressScraper] JSON success: LOGITECH K650 SIGNATURE Multi-Device Wireless Keyboard (Off White)
2026-02-28 16:39:05 [debug]: [PcExpressScraper] JSON success: RAPOO NX1600 USB Keyboard and Mouse Combo
2026-02-28 16:39:06 [debug]: [PcWorxScraper] Scraping JSON: https://pcworx.ph/products/a4tech-kk-3-multimedia-fn-wired-keyboard-1.json
2026-02-28 16:39:06 [debug]: [PcWorxScraper] Scraping JSON: https://pcworx.ph/products/darkflash-gd108-mechanical-keyboard-brown-sugar-blue-milk-brown.json
2026-02-28 16:39:06 [debug]: [PcWorxScraper] JSON success: A4Tech KK-3 Multimedia FN Wired Keyboard
2026-02-28 16:39:06 [debug]: [PcWorxScraper] JSON success: DarkFlash GD108 Mechanical Keyboard Brown Sugar / Milk & Brown/ Blue
2026-02-28 16:39:07 [debug]: [VillmanScraper] Scraping JSON: https://shop.villman.com/products/alienware-advanced-gaming-keyboard-aw568.json
2026-02-28 16:39:07 [debug]: [VillmanScraper] Scraping JSON: https://shop.villman.com/products/aula-f75-mechanical-keyboard-copy.json
2026-02-28 16:39:07 [debug]: [VillmanScraper] JSON success: Aula F87 Mechanical Keyboard
2026-02-28 16:39:07 [debug]: [VillmanScraper] JSON success: Alienware Advanced Gaming Keyboard – AW568
2026-02-28 16:39:08 [debug]: [PcExpressScraper] Scraping JSON: https://pcx.com.ph/products/logitech-g713-wired-tactile-gaming-keyboard.json
2026-02-28 16:39:08 [debug]: [PcExpressScraper] JSON success: LOGITECH G713 Wired (Tactile) Gaming Keyboard
2026-02-28 16:39:10 [debug]: [PcWorxScraper] Scraping JSON: https://pcworx.ph/products/a4tech-krs-85-comfortable-a-shape-ps2.json
2026-02-28 16:39:11 [debug]: [PcWorxScraper] JSON success: A4Tech KRS-85 Comfortable A-Shape PS2 keyboard
2026-02-28 16:39:12 [debug]: [VillmanScraper] Scraping JSON: https://shop.villman.com/products/aula-f99-3-in-1-rgb-gaming-mechanical-hot-swappable-keyboard-copy.json
2026-02-28 16:39:12 [debug]: [VillmanScraper] JSON success: Aula F75 Mechanical Keyboard
2026-02-28 16:39:16 [info]: [SearchService] Raw products scraped: 15
2026-02-28 16:39:16 [info]: [SearchService] Relevance filter: 15/15 products kept
2026-02-28 16:39:18 [info]: [SearchService] Saved 15 products for search #c044e052-2e3e-46a4-b36c-03e6fa3f0e95
2026-02-28 16:45:55 [debug]: → GET /api/search/history
2026-02-28 16:47:19 [info]: [DB] Supabase connection verified.
2026-02-28 16:47:19 [info]: [SearchService] Platform IDs loaded: {"pcexpress":"23dfd2d7-dc9d-43b4-aab9-ab500241b0aa","villman":"4bb2b418-2f2f-4b8c-9379-1e874aaf0906","pcworx":"baa131a0-a8ad-43c6-9e37-521bdb43974f"}
2026-02-28 16:47:19 [info]: 🚀 Bakàl backend running on port 3000 [development]
2026-02-28 16:47:37 [info]: [DB] Supabase connection verified.
2026-02-28 16:47:41 [info]: [DB] Supabase connection verified.
2026-02-28 16:47:44 [info]: [DB] Supabase connection verified.
2026-02-28 16:47:45 [info]: [SearchService] Platform IDs loaded: {"pcexpress":"23dfd2d7-dc9d-43b4-aab9-ab500241b0aa","villman":"4bb2b418-2f2f-4b8c-9379-1e874aaf0906","pcworx":"baa131a0-a8ad-43c6-9e37-521bdb43974f"}
2026-02-28 16:47:45 [info]: 🚀 Bakàl backend running on port 3000 [development]
2026-02-28 16:47:50 [info]: [DB] Supabase connection verified.
2026-02-28 16:47:51 [info]: [SearchService] Platform IDs loaded: {"pcexpress":"23dfd2d7-dc9d-43b4-aab9-ab500241b0aa","villman":"4bb2b418-2f2f-4b8c-9379-1e874aaf0906","pcworx":"baa131a0-a8ad-43c6-9e37-521bdb43974f"}
2026-02-28 16:47:51 [info]: 🚀 Bakàl backend running on port 3000 [development]
2026-02-28 16:47:55 [info]: [DB] Supabase connection verified.
2026-02-28 16:47:56 [info]: [SearchService] Platform IDs loaded: {"pcexpress":"23dfd2d7-dc9d-43b4-aab9-ab500241b0aa","villman":"4bb2b418-2f2f-4b8c-9379-1e874aaf0906","pcworx":"baa131a0-a8ad-43c6-9e37-521bdb43974f"}
2026-02-28 16:47:56 [info]: 🚀 Bakàl backend running on port 3000 [development]
2026-02-28 16:49:09 [debug]: → GET /api/search
2026-02-28 16:49:09 [info]: [SearchService] Search #a7c47548-1bfe-4022-b233-57e7030e53ac - "cvdfs"
2026-02-28 16:49:11 [debug]: [PcWorxScraper] Calling API: https://pcworx.ph/search/suggest.json?q=cvdfs&resources[type]=product&resources[limit]=10
2026-02-28 16:49:11 [debug]: [PcExpressScraper] Calling API: https://pcx.com.ph/search/suggest.json?q=cvdfs&resources[type]=product&resources[limit]=10
2026-02-28 16:49:11 [debug]: [VillmanScraper] Calling API: https://shop.villman.com/search/suggest.json?q=cvdfs&resources[type]=product&resources[limit]=10
2026-02-28 16:49:14 [info]: [PcExpressScraper] API found 0 product URLs
2026-02-28 16:49:14 [debug]: [PcExpressScraper] Fallback to search page: https://pcx.com.ph/search?type=product&q=cvdfs
2026-02-28 16:49:14 [info]: [PcWorxScraper] API found 0 product URLs
2026-02-28 16:49:14 [debug]: [PcWorxScraper] Fallback to search page: https://pcworx.ph/search?type=product&q=cvdfs
2026-02-28 16:49:14 [info]: [VillmanScraper] API found 0 product URLs
2026-02-28 16:49:14 [debug]: [VillmanScraper] Fallback to search page: https://shop.villman.com/search?type=product&q=cvdfs
2026-02-28 16:49:24 [debug]: → GET /api/search
2026-02-28 16:49:25 [debug]: → GET /api/search
2026-02-28 16:49:26 [info]: [SearchService] Search #0b6051d7-7be8-4b52-afd6-b0c8f2ea4439 - "cvdfs"
2026-02-28 16:49:28 [info]: [SearchService] Search #afb230a8-adb3-4b2d-b322-670e8bb8b316 - "cvdfs"
2026-02-28 16:49:28 [debug]: [PcExpressScraper] Calling API: https://pcx.com.ph/search/suggest.json?q=cvdfs&resources[type]=product&resources[limit]=10
2026-02-28 16:49:28 [debug]: [PcWorxScraper] Calling API: https://pcworx.ph/search/suggest.json?q=cvdfs&resources[type]=product&resources[limit]=10
2026-02-28 16:49:30 [debug]: [VillmanScraper] Calling API: https://shop.villman.com/search/suggest.json?q=cvdfs&resources[type]=product&resources[limit]=10
2026-02-28 16:49:30 [debug]: [PcWorxScraper] Calling API: https://pcworx.ph/search/suggest.json?q=cvdfs&resources[type]=product&resources[limit]=10
2026-02-28 16:49:30 [debug]: [PcExpressScraper] Calling API: https://pcx.com.ph/search/suggest.json?q=cvdfs&resources[type]=product&resources[limit]=10
2026-02-28 16:49:31 [debug]: [VillmanScraper] Calling API: https://shop.villman.com/search/suggest.json?q=cvdfs&resources[type]=product&resources[limit]=10
2026-02-28 16:49:31 [info]: [PcExpressScraper] API found 0 product URLs
2026-02-28 16:49:31 [debug]: [PcExpressScraper] Fallback to search page: https://pcx.com.ph/search?type=product&q=cvdfs
2026-02-28 16:49:31 [info]: [PcWorxScraper] API found 0 product URLs
2026-02-28 16:49:31 [debug]: [PcWorxScraper] Fallback to search page: https://pcworx.ph/search?type=product&q=cvdfs
2026-02-28 16:49:33 [info]: [PcWorxScraper] API found 0 product URLs
2026-02-28 16:49:33 [debug]: [PcWorxScraper] Fallback to search page: https://pcworx.ph/search?type=product&q=cvdfs
2026-02-28 16:49:33 [info]: [VillmanScraper] API found 0 product URLs
2026-02-28 16:49:33 [debug]: [VillmanScraper] Fallback to search page: https://shop.villman.com/search?type=product&q=cvdfs
2026-02-28 16:49:34 [info]: [PcExpressScraper] API found 0 product URLs
2026-02-28 16:49:34 [debug]: [PcExpressScraper] Fallback to search page: https://pcx.com.ph/search?type=product&q=cvdfs
2026-02-28 16:49:34 [info]: [VillmanScraper] API found 0 product URLs
2026-02-28 16:49:34 [debug]: [VillmanScraper] Fallback to search page: https://shop.villman.com/search?type=product&q=cvdfs
2026-02-28 16:49:48 [debug]: → GET /api/search
2026-02-28 16:49:51 [debug]: → GET /api/search
2026-02-28 16:50:09 [info]: [SearchService] Search #e545d984-17ad-4c32-b984-4ae63a8d78fc - "cvdfs"
2026-02-28 16:50:09 [info]: [SearchService] Search #dd9f1cff-289b-4863-bc4e-d18f89041d89 - "keyboard"
2026-02-28 16:50:10 [debug]: → GET /api/search
2026-02-28 16:50:11 [info]: [VillmanScraper] Fallback found 0 product URLs
2026-02-28 16:50:12 [info]: [SearchService] Search #73d92a9f-3666-4b76-90eb-068c536cd6ea - "keyboard"
2026-02-28 16:50:13 [debug]: [VillmanScraper] Calling API: https://shop.villman.com/search/suggest.json?q=cvdfs&resources[type]=product&resources[limit]=10
2026-02-28 16:50:13 [debug]: [PcExpressScraper] Calling API: https://pcx.com.ph/search/suggest.json?q=keyboard&resources[type]=product&resources[limit]=10
2026-02-28 16:50:13 [debug]: [PcWorxScraper] Calling API: https://pcworx.ph/search/suggest.json?q=cvdfs&resources[type]=product&resources[limit]=10
2026-02-28 16:50:14 [debug]: [VillmanScraper] Calling API: https://shop.villman.com/search/suggest.json?q=keyboard&resources[type]=product&resources[limit]=10
2026-02-28 16:50:14 [debug]: [PcWorxScraper] Calling API: https://pcworx.ph/search/suggest.json?q=keyboard&resources[type]=product&resources[limit]=10
2026-02-28 16:50:14 [debug]: [PcExpressScraper] Calling API: https://pcx.com.ph/search/suggest.json?q=cvdfs&resources[type]=product&resources[limit]=10
2026-02-28 16:50:15 [info]: [VillmanScraper] API found 0 product URLs
2026-02-28 16:50:15 [debug]: [VillmanScraper] Fallback to search page: https://shop.villman.com/search?type=product&q=cvdfs
2026-02-28 16:50:15 [info]: [PcExpressScraper] API found 0 product URLs
2026-02-28 16:50:15 [debug]: [PcExpressScraper] Fallback to search page: https://pcx.com.ph/search?type=product&q=cvdfs
2026-02-28 16:50:15 [info]: [PcWorxScraper] API found 0 product URLs
2026-02-28 16:50:15 [debug]: [PcWorxScraper] Fallback to search page: https://pcworx.ph/search?type=product&q=cvdfs
2026-02-28 16:50:15 [info]: [PcExpressScraper] API found 5 product URLs
2026-02-28 16:50:15 [debug]: [PcExpressScraper] Calling API: https://pcx.com.ph/search/suggest.json?q=keyboard&resources[type]=product&resources[limit]=10
2026-02-28 16:50:15 [debug]: [VillmanScraper] Calling API: https://shop.villman.com/search/suggest.json?q=keyboard&resources[type]=product&resources[limit]=10
2026-02-28 16:50:15 [debug]: [PcWorxScraper] Calling API: https://pcworx.ph/search/suggest.json?q=keyboard&resources[type]=product&resources[limit]=10
2026-02-28 16:50:15 [info]: [PcWorxScraper] API found 5 product URLs
2026-02-28 16:50:15 [info]: [VillmanScraper] API found 5 product URLs
2026-02-28 16:50:16 [info]: [PcExpressScraper] API found 5 product URLs
2026-02-28 16:50:16 [info]: [PcWorxScraper] API found 5 product URLs
2026-02-28 16:50:17 [info]: [VillmanScraper] API found 5 product URLs
2026-02-28 16:50:17 [info]: [VillmanScraper] Fallback found 0 product URLs
2026-02-28 16:50:27 [info]: [PcExpressScraper] Fallback found 10 product URLs
2026-02-28 16:50:29 [debug]: → GET /api/cart
2026-02-28 16:50:33 [error]: [ErrorHandler] 500 GET /api/cart - Could not find the table 'public.cart' in the schema cache
2026-02-28 16:50:34 [debug]: → GET /api/cart
2026-02-28 16:50:35 [debug]: [PcWorxScraper] Scraping JSON: https://pcworx.ph/products/redragon-k617-fizz-60-wired-rgb-gaming-keyboard-61-keys-compact-mechanical.json
2026-02-28 16:50:36 [debug]: [PcWorxScraper] Scraping JSON: https://pcworx.ph/products/razer-rz03-04460100-r3m1-ornata-v3-low-profile-gaming-keyboard.json
2026-02-28 16:50:36 [debug]: [PcExpressScraper] Scraping JSON: https://pcx.com.ph/products/asus-tuf-gaming-k1-rgb-gaming-keyboard.json
2026-02-28 16:50:36 [info]: [VillmanScraper] Fallback found 0 product URLs
2026-02-28 16:50:36 [debug]: [PcWorxScraper] Scraping JSON: https://pcworx.ph/products/redragon-k617-fizz-60-wired-rgb-gaming-keyboard-61-keys-compact-mechanical.json
2026-02-28 16:50:36 [debug]: [PcExpressScraper] Scraping JSON: https://pcx.com.ph/products/logitech-k120-b100-keyboard-and-mouse-combo.json
2026-02-28 16:50:37 [info]: [VillmanScraper] Fallback found 0 product URLs
2026-02-28 16:50:37 [debug]: [PcWorxScraper] Scraping JSON: https://pcworx.ph/products/razer-rz03-04460100-r3m1-ornata-v3-low-profile-gaming-keyboard.json
2026-02-28 16:50:41 [error]: [ErrorHandler] 500 GET /api/cart - Could not find the table 'public.cart' in the schema cache
2026-02-28 16:50:41 [debug]: → GET /api/cart
2026-02-28 16:50:41 [info]: [PcExpressScraper] Fallback found 10 product URLs
2026-02-28 16:50:41 [debug]: [PcWorxScraper] JSON success: Redragon K617 Fizz 60% Wired Rgb Gaming Keyboard 61 Keys Compact Mechanical
2026-02-28 16:50:41 [debug]: [PcWorxScraper] JSON success: Redragon K617 Fizz 60% Wired Rgb Gaming Keyboard 61 Keys Compact Mechanical
2026-02-28 16:50:41 [debug]: [PcWorxScraper] JSON success: Razer RZ03-04460100-R3M1 Ornata V3 Low Profile Gaming Keyboard
2026-02-28 16:50:41 [debug]: [PcWorxScraper] JSON success: Razer RZ03-04460100-R3M1 Ornata V3 Low Profile Gaming Keyboard
2026-02-28 16:50:41 [debug]: [PcExpressScraper] JSON success: LOGITECH K120+B100 Keyboard and Mouse Combo
2026-02-28 16:50:41 [debug]: [PcExpressScraper] JSON success: ASUS TUF Gaming K1 RGB Gaming Keyboard
2026-02-28 16:50:42 [error]: [ErrorHandler] 500 GET /api/cart - Could not find the table 'public.cart' in the schema cache
2026-02-28 16:50:42 [debug]: → GET /api/cart
2026-02-28 16:50:42 [debug]: [VillmanScraper] Scraping JSON: https://shop.villman.com/products/aula-ac101-usb-wired-keyboard-mouse-combo-copy.json
2026-02-28 16:50:42 [debug]: [VillmanScraper] Scraping JSON: https://shop.villman.com/products/aula-f2088-pro-wired-mechanical-gaming-keyboard-copy.json
2026-02-28 16:50:42 [warn]: [Retry] PcWorxScraper.search failed (attempt 1/3). Retrying in 2369ms. Error: page.goto: Timeout 30000ms exceeded.
Call log:
[2m  - navigating to "https://pcworx.ph/search?type=product&q=cvdfs", waiting until "load"[22m

2026-02-28 16:50:43 [error]: [ErrorHandler] 500 GET /api/cart - Could not find the table 'public.cart' in the schema cache
2026-02-28 16:50:43 [debug]: → GET /api/cart
2026-02-28 16:50:43 [warn]: [Retry] PcWorxScraper.search failed (attempt 1/3). Retrying in 2428ms. Error: page.goto: Timeout 20000ms exceeded.
Call log:
[2m  - navigating to "https://pcworx.ph/", waiting until "domcontentloaded"[22m

2026-02-28 16:50:43 [error]: [ErrorHandler] 500 GET /api/cart - Could not find the table 'public.cart' in the schema cache
2026-02-28 16:50:43 [debug]: → GET /api/cart
2026-02-28 16:50:43 [debug]: [VillmanScraper] JSON success: Aula AWK310 Bluetooth Keyboard
2026-02-28 16:50:43 [debug]: [VillmanScraper] JSON success: Aula F2058 Wired Mechanical Gaming Keyboard
2026-02-28 16:50:43 [warn]: [Retry] PcExpressScraper.search failed (attempt 1/3). Retrying in 2257ms. Error: page.goto: Timeout 30000ms exceeded.
Call log:
[2m  - navigating to "https://pcx.com.ph/search?type=product&q=cvdfs", waiting until "load"[22m

2026-02-28 16:50:43 [error]: [ErrorHandler] 500 GET /api/cart - Could not find the table 'public.cart' in the schema cache
2026-02-28 16:50:43 [debug]: → GET /api/cart
2026-02-28 16:50:43 [warn]: [Retry] PcWorxScraper.search failed (attempt 1/3). Retrying in 2377ms. Error: page.goto: Timeout 20000ms exceeded.
Call log:
[2m  - navigating to "https://pcworx.ph/", waiting until "domcontentloaded"[22m

2026-02-28 16:50:43 [warn]: [Retry] PcWorxScraper.search failed (attempt 1/3). Retrying in 2223ms. Error: page.goto: Timeout 20000ms exceeded.
Call log:
[2m  - navigating to "https://pcworx.ph/", waiting until "domcontentloaded"[22m

2026-02-28 16:50:44 [error]: [ErrorHandler] 500 GET /api/cart - Could not find the table 'public.cart' in the schema cache
2026-02-28 16:50:44 [debug]: → GET /api/cart
2026-02-28 16:50:45 [debug]: [PcExpressScraper] Scraping JSON: https://pcx.com.ph/products/logitech-h390-usb-w-mic-headset.json
2026-02-28 16:50:45 [error]: [ErrorHandler] 500 GET /api/cart - Could not find the table 'public.cart' in the schema cache
2026-02-28 16:50:45 [debug]: → GET /api/cart
2026-02-28 16:50:45 [debug]: [PcExpressScraper] Scraping JSON: https://pcx.com.ph/products/apc-easy-ups-bvx-650va-avr-230v-bvx650i-ph.json
2026-02-28 16:50:45 [debug]: [VillmanScraper] Scraping JSON: https://shop.villman.com/products/aula-f2088-pro-wired-mechanical-gaming-keyboard-copy.json
2026-02-28 16:50:46 [error]: [ErrorHandler] 500 GET /api/cart - Could not find the table 'public.cart' in the schema cache
2026-02-28 16:50:46 [debug]: → GET /api/cart
2026-02-28 16:50:47 [debug]: [VillmanScraper] JSON success: Aula F2058 Wired Mechanical Gaming Keyboard
2026-02-28 16:50:47 [debug]: [PcExpressScraper] JSON success: LOGITECH H390 USB W/ Mic Headset
2026-02-28 16:50:47 [debug]: [PcExpressScraper] JSON success: APC EASY UPS BVX 650VA, AVR, 230V (BVX650I-PH)
2026-02-28 16:50:47 [debug]: [VillmanScraper] Scraping JSON: https://shop.villman.com/products/aula-ac101-usb-wired-keyboard-mouse-combo-copy.json
2026-02-28 16:50:47 [error]: [ErrorHandler] 500 GET /api/cart - Could not find the table 'public.cart' in the schema cache
2026-02-28 16:50:47 [debug]: → GET /api/cart
2026-02-28 16:50:48 [debug]: [PcWorxScraper] Calling API: https://pcworx.ph/search/suggest.json?q=cvdfs&resources[type]=product&resources[limit]=10
2026-02-28 16:50:48 [debug]: [PcWorxScraper] Calling API: https://pcworx.ph/search/suggest.json?q=cvdfs&resources[type]=product&resources[limit]=10
2026-02-28 16:50:48 [debug]: [PcWorxScraper] Calling API: https://pcworx.ph/search/suggest.json?q=cvdfs&resources[type]=product&resources[limit]=10
2026-02-28 16:50:48 [debug]: [PcExpressScraper] Calling API: https://pcx.com.ph/search/suggest.json?q=cvdfs&resources[type]=product&resources[limit]=10
2026-02-28 16:50:48 [debug]: [VillmanScraper] JSON success: Aula AWK310 Bluetooth Keyboard
2026-02-28 16:50:49 [error]: [ErrorHandler] 500 GET /api/cart - Could not find the table 'public.cart' in the schema cache
2026-02-28 16:50:49 [debug]: → GET /api/cart
2026-02-28 16:50:49 [debug]: [PcWorxScraper] Calling API: https://pcworx.ph/search/suggest.json?q=cvdfs&resources[type]=product&resources[limit]=10
2026-02-28 16:50:49 [error]: [ErrorHandler] 500 GET /api/cart - Could not find the table 'public.cart' in the schema cache
2026-02-28 16:50:49 [debug]: → GET /api/cart
2026-02-28 16:50:49 [info]: [PcExpressScraper] API found 0 product URLs
2026-02-28 16:50:49 [debug]: [PcExpressScraper] Fallback to search page: https://pcx.com.ph/search?type=product&q=cvdfs
2026-02-28 16:50:49 [info]: [PcWorxScraper] API found 0 product URLs
2026-02-28 16:50:49 [debug]: [PcWorxScraper] Fallback to search page: https://pcworx.ph/search?type=product&q=cvdfs
2026-02-28 16:50:49 [info]: [PcWorxScraper] API found 0 product URLs
2026-02-28 16:50:49 [debug]: [PcWorxScraper] Fallback to search page: https://pcworx.ph/search?type=product&q=cvdfs
2026-02-28 16:50:49 [info]: [PcWorxScraper] API found 0 product URLs
2026-02-28 16:50:49 [debug]: [PcWorxScraper] Fallback to search page: https://pcworx.ph/search?type=product&q=cvdfs
2026-02-28 16:50:50 [error]: [ErrorHandler] 500 GET /api/cart - Could not find the table 'public.cart' in the schema cache
2026-02-28 16:50:52 [debug]: → GET /api/cart
2026-02-28 16:50:54 [debug]: [PcExpressScraper] Scraping JSON: https://pcx.com.ph/products/asus-tuf-gaming-k1-rgb-gaming-keyboard.json
2026-02-28 16:50:59 [error]: [ErrorHandler] 500 GET /api/cart - Could not find the table 'public.cart' in the schema cache
2026-02-28 16:50:59 [debug]: [PcExpressScraper] Scraping JSON: https://pcx.com.ph/products/logitech-k120-b100-keyboard-and-mouse-combo.json
2026-02-28 16:50:59 [debug]: → GET /api/cart
2026-02-28 16:51:00 [info]: [PcWorxScraper] API found 0 product URLs
2026-02-28 16:51:00 [debug]: [PcWorxScraper] Fallback to search page: https://pcworx.ph/search?type=product&q=cvdfs
2026-02-28 16:51:03 [error]: [ErrorHandler] 500 GET /api/cart - Could not find the table 'public.cart' in the schema cache
2026-02-28 16:51:04 [debug]: [PcExpressScraper] Scraping JSON: https://pcx.com.ph/products/logitech-h390-usb-w-mic-headset.json
2026-02-28 16:51:04 [debug]: → GET /api/cart
2026-02-28 16:51:04 [debug]: [PcExpressScraper] JSON success: ASUS TUF Gaming K1 RGB Gaming Keyboard
2026-02-28 16:51:04 [debug]: [PcExpressScraper] Scraping JSON: https://pcx.com.ph/products/apc-easy-ups-bvx-650va-avr-230v-bvx650i-ph.json
2026-02-28 16:51:04 [debug]: [PcExpressScraper] JSON success: LOGITECH K120+B100 Keyboard and Mouse Combo
2026-02-28 16:53:39 [debug]: → GET /api/cart
2026-02-28 16:53:47 [debug]: [PcExpressScraper] JSON success: LOGITECH H390 USB W/ Mic Headset
2026-02-28 16:53:47 [debug]: [PcExpressScraper] JSON success: APC EASY UPS BVX 650VA, AVR, 230V (BVX650I-PH)
2026-02-28 16:53:49 [error]: [ErrorHandler] 500 GET /api/cart - Could not find the table 'public.cart' in the schema cache
2026-02-28 16:53:50 [debug]: → GET /api/cart
2026-02-28 16:53:51 [error]: [ErrorHandler] 500 GET /api/cart - Could not find the table 'public.cart' in the schema cache
2026-02-28 16:53:52 [debug]: → GET /api/cart
2026-02-28 16:53:52 [warn]: [Retry] PcExpressScraper.search failed (attempt 1/3). Retrying in 2487ms. Error: page.goto: Timeout 30000ms exceeded.
Call log:
[2m  - navigating to "https://pcx.com.ph/search?type=product&q=cvdfs", waiting until "load"[22m

2026-02-28 16:53:53 [error]: [ErrorHandler] 500 GET /api/cart - Could not find the table 'public.cart' in the schema cache
2026-02-28 16:53:53 [debug]: → GET /api/cart
2026-02-28 16:53:53 [error]: [ErrorHandler] 500 GET /api/cart - Could not find the table 'public.cart' in the schema cache
2026-02-28 16:53:53 [debug]: → GET /api/cart
2026-02-28 16:53:53 [error]: [ErrorHandler] 500 GET /api/cart - Could not find the table 'public.cart' in the schema cache
2026-02-28 16:53:53 [debug]: → GET /api/cart
2026-02-28 16:53:53 [error]: [ErrorHandler] 500 GET /api/cart - Could not find the table 'public.cart' in the schema cache
2026-02-28 16:53:53 [debug]: → GET /api/cart
2026-02-28 16:53:54 [error]: [ErrorHandler] 500 GET /api/cart - Could not find the table 'public.cart' in the schema cache
2026-02-28 16:53:54 [debug]: → GET /api/cart
2026-02-28 16:53:54 [error]: [ErrorHandler] 500 GET /api/cart - Could not find the table 'public.cart' in the schema cache
2026-02-28 16:53:54 [debug]: → GET /api/cart
2026-02-28 16:53:54 [error]: [ErrorHandler] 500 GET /api/cart - Could not find the table 'public.cart' in the schema cache
2026-02-28 16:53:54 [debug]: → GET /api/cart
2026-02-28 16:53:54 [error]: [ErrorHandler] 500 GET /api/cart - Could not find the table 'public.cart' in the schema cache
2026-02-28 16:53:54 [debug]: → GET /api/cart
2026-02-28 16:53:54 [error]: [ErrorHandler] 500 GET /api/cart - Could not find the table 'public.cart' in the schema cache
2026-02-28 16:53:54 [debug]: → GET /api/cart
2026-02-28 16:53:55 [error]: [ErrorHandler] 500 GET /api/cart - Could not find the table 'public.cart' in the schema cache
2026-02-28 16:53:55 [debug]: → GET /api/cart
2026-02-28 16:53:56 [error]: [ErrorHandler] 500 GET /api/cart - Could not find the table 'public.cart' in the schema cache
2026-02-28 16:53:58 [debug]: → GET /api/cart
2026-02-28 16:53:59 [error]: [ErrorHandler] 500 GET /api/cart - Could not find the table 'public.cart' in the schema cache
2026-02-28 16:53:59 [debug]: → GET /api/cart
2026-02-28 16:54:00 [error]: [ErrorHandler] 500 GET /api/cart - Could not find the table 'public.cart' in the schema cache
2026-02-28 16:54:00 [debug]: → GET /api/cart
2026-02-28 16:54:01 [error]: [ErrorHandler] 500 GET /api/cart - Could not find the table 'public.cart' in the schema cache
2026-02-28 16:54:02 [debug]: → GET /api/cart
2026-02-28 16:54:02 [error]: [ErrorHandler] 500 GET /api/cart - Could not find the table 'public.cart' in the schema cache
2026-02-28 16:54:03 [debug]: [PcExpressScraper] Scraping JSON: https://pcx.com.ph/products/rapoo-nx1600-usb-keyboard-and-mouse-combo.json
2026-02-28 16:54:03 [debug]: → GET /api/cart
2026-02-28 16:54:03 [error]: [ErrorHandler] 500 GET /api/cart - Could not find the table 'public.cart' in the schema cache
2026-02-28 16:54:03 [debug]: → GET /api/cart
2026-02-28 16:54:03 [debug]: [PcExpressScraper] Scraping JSON: https://pcx.com.ph/products/rapoo-nx1600-usb-keyboard-and-mouse-combo.json
2026-02-28 16:54:03 [info]: [PcWorxScraper] Fallback found 0 product URLs
2026-02-28 16:54:03 [debug]: [PcExpressScraper] Scraping JSON: https://pcx.com.ph/products/logitech-k650-signature-multi-device-wireless-keyboard-off-white.json
2026-02-28 16:54:03 [debug]: [PcExpressScraper] Scraping JSON: https://pcx.com.ph/products/logitech-k650-signature-multi-device-wireless-keyboard-off-white.json
2026-02-28 16:54:04 [error]: [ErrorHandler] 500 GET /api/cart - Could not find the table 'public.cart' in the schema cache
2026-02-28 16:54:04 [error]: [ErrorHandler] 500 GET /api/cart - Could not find the table 'public.cart' in the schema cache
2026-02-28 16:54:04 [info]: [PcWorxScraper] Fallback found 0 product URLs
2026-02-28 16:54:04 [debug]: [PcWorxScraper] Scraping JSON: https://pcworx.ph/products/a4tech-kk-3-multimedia-fn-wired-keyboard-1.json
2026-02-28 16:54:04 [debug]: [PcExpressScraper] Calling API: https://pcx.com.ph/search/suggest.json?q=cvdfs&resources[type]=product&resources[limit]=10
2026-02-28 16:54:05 [debug]: → GET /api/cart
2026-02-28 16:54:05 [debug]: [PcExpressScraper] JSON success: RAPOO NX1600 USB Keyboard and Mouse Combo
2026-02-28 16:54:05 [debug]: [PcWorxScraper] Scraping JSON: https://pcworx.ph/products/darkflash-gd108-mechanical-keyboard-brown-sugar-blue-milk-brown.json
2026-02-28 16:54:05 [debug]: [PcWorxScraper] Scraping JSON: https://pcworx.ph/products/a4tech-kk-3-multimedia-fn-wired-keyboard-1.json
2026-02-28 16:54:05 [debug]: [PcWorxScraper] Scraping JSON: https://pcworx.ph/products/darkflash-gd108-mechanical-keyboard-brown-sugar-blue-milk-brown.json
2026-02-28 16:54:05 [debug]: [PcExpressScraper] JSON success: RAPOO NX1600 USB Keyboard and Mouse Combo
2026-02-28 16:54:05 [debug]: [PcExpressScraper] JSON success: LOGITECH K650 SIGNATURE Multi-Device Wireless Keyboard (Off White)
2026-02-28 16:54:06 [error]: [ErrorHandler] 500 GET /api/cart - Could not find the table 'public.cart' in the schema cache
2026-02-28 16:54:06 [debug]: [PcExpressScraper] JSON success: LOGITECH K650 SIGNATURE Multi-Device Wireless Keyboard (Off White)
2026-02-28 16:54:06 [info]: [PcExpressScraper] API found 0 product URLs
2026-02-28 16:54:06 [debug]: [PcExpressScraper] Fallback to search page: https://pcx.com.ph/search?type=product&q=cvdfs
2026-02-28 16:54:06 [debug]: → GET /api/cart
2026-02-28 16:54:06 [debug]: → GET /api/search/history
2026-02-28 16:54:06 [debug]: [PcWorxScraper] JSON success: DarkFlash GD108 Mechanical Keyboard Brown Sugar / Milk & Brown/ Blue
2026-02-28 16:54:06 [debug]: [PcWorxScraper] JSON success: A4Tech KK-3 Multimedia FN Wired Keyboard
2026-02-28 16:54:06 [debug]: [PcWorxScraper] JSON success: DarkFlash GD108 Mechanical Keyboard Brown Sugar / Milk & Brown/ Blue
2026-02-28 16:54:07 [debug]: [PcWorxScraper] JSON success: A4Tech KK-3 Multimedia FN Wired Keyboard
2026-02-28 16:54:07 [error]: [ErrorHandler] 500 GET /api/cart - Could not find the table 'public.cart' in the schema cache
2026-02-28 16:54:07 [debug]: → GET /api/cart
2026-02-28 16:54:07 [error]: [ErrorHandler] 500 GET /api/cart - Could not find the table 'public.cart' in the schema cache
2026-02-28 16:54:07 [debug]: → GET /api/cart
2026-02-28 16:54:08 [error]: [ErrorHandler] 500 GET /api/cart - Could not find the table 'public.cart' in the schema cache
2026-02-28 16:54:08 [debug]: → GET /api/cart
2026-02-28 16:54:08 [error]: [ErrorHandler] 500 GET /api/cart - Could not find the table 'public.cart' in the schema cache
2026-02-28 16:54:08 [debug]: → GET /api/cart
2026-02-28 16:54:09 [error]: [ErrorHandler] 500 GET /api/cart - Could not find the table 'public.cart' in the schema cache
2026-02-28 16:54:09 [debug]: → GET /api/cart
2026-02-28 16:54:09 [error]: [ErrorHandler] 500 GET /api/cart - Could not find the table 'public.cart' in the schema cache
2026-02-28 16:54:09 [debug]: → GET /api/cart
2026-02-28 16:54:09 [debug]: [PcExpressScraper] Scraping JSON: https://pcx.com.ph/products/acer-32-nitro-ed320qr-s3-curved-gaming-monitor.json
2026-02-28 16:54:09 [error]: [ErrorHandler] 500 GET /api/cart - Could not find the table 'public.cart' in the schema cache
2026-02-28 16:54:09 [debug]: → GET /api/cart
2026-02-28 16:54:09 [error]: [ErrorHandler] 500 GET /api/cart - Could not find the table 'public.cart' in the schema cache
2026-02-28 16:54:10 [debug]: → GET /api/cart
2026-02-28 16:54:10 [debug]: [PcExpressScraper] Scraping JSON: https://pcx.com.ph/collections/featured-products/products/gmktec-evo-x2-amd-radeon-8060-graphics-amd-ryzen-ai-max-395-mini-desktop.json
2026-02-28 16:54:13 [error]: [ErrorHandler] 500 GET /api/cart - Could not find the table 'public.cart' in the schema cache
2026-02-28 16:54:13 [debug]: [PcExpressScraper] JSON success: ACER 32" Nitro ED320QR S3 Curved Gaming Monitor
2026-02-28 16:54:13 [debug]: [PcExpressScraper] JSON success: GMKTEC EVO X2 AMD Radeon™  8060 Graphics AMD Ryzen™ Ai MAX +395 Mini Desktop
2026-02-28 16:54:17 [debug]: [VillmanScraper] Scraping JSON: https://shop.villman.com/products/alienware-advanced-gaming-keyboard-aw568.json
2026-02-28 16:54:17 [debug]: [VillmanScraper] Scraping JSON: https://shop.villman.com/products/aula-f75-mechanical-keyboard-copy.json
2026-02-28 16:54:19 [debug]: [VillmanScraper] JSON success: Aula F87 Mechanical Keyboard
2026-02-28 16:54:19 [debug]: [VillmanScraper] JSON success: Alienware Advanced Gaming Keyboard – AW568
2026-02-28 16:54:23 [debug]: [VillmanScraper] Scraping JSON: https://shop.villman.com/products/alienware-advanced-gaming-keyboard-aw568.json
2026-02-28 16:54:24 [debug]: [VillmanScraper] Scraping JSON: https://shop.villman.com/products/aula-f75-mechanical-keyboard-copy.json
2026-02-28 16:54:24 [debug]: [VillmanScraper] JSON success: Alienware Advanced Gaming Keyboard – AW568
2026-02-28 16:54:25 [info]: [PcExpressScraper] Fallback found 10 product URLs
2026-02-28 16:54:25 [debug]: [VillmanScraper] JSON success: Aula F87 Mechanical Keyboard
2026-02-28 16:54:25 [debug]: [PcExpressScraper] Scraping JSON: https://pcx.com.ph/products/acer-32-nitro-ed320qr-s3-curved-gaming-monitor.json
2026-02-28 16:54:26 [debug]: [PcExpressScraper] Scraping JSON: https://pcx.com.ph/collections/featured-products/products/gmktec-evo-x2-amd-radeon-8060-graphics-amd-ryzen-ai-max-395-mini-desktop.json
2026-02-28 16:54:26 [debug]: [PcExpressScraper] JSON success: ACER 32" Nitro ED320QR S3 Curved Gaming Monitor
2026-02-28 16:54:26 [debug]: [PcExpressScraper] JSON success: GMKTEC EVO X2 AMD Radeon™  8060 Graphics AMD Ryzen™ Ai MAX +395 Mini Desktop
2026-02-28 16:54:27 [warn]: [Retry] PcWorxScraper.search failed (attempt 2/3). Retrying in 4363ms. Error: page.goto: Timeout 20000ms exceeded.
Call log:
[2m  - navigating to "https://pcworx.ph/", waiting until "domcontentloaded"[22m

2026-02-28 16:54:28 [warn]: [Retry] PcExpressScraper.search failed (attempt 2/3). Retrying in 4030ms. Error: page.goto: Timeout 30000ms exceeded.
Call log:
[2m  - navigating to "https://pcx.com.ph/search?type=product&q=cvdfs", waiting until "load"[22m

2026-02-28 16:54:29 [warn]: [Retry] PcWorxScraper.search failed (attempt 2/3). Retrying in 4449ms. Error: page.goto: Timeout 20000ms exceeded.
Call log:
[2m  - navigating to "https://pcworx.ph/", waiting until "domcontentloaded"[22m

2026-02-28 16:54:32 [debug]: [PcExpressScraper] Scraping JSON: https://pcx.com.ph/products/apc-easy-ups-bvx-650va-avr-230v-bvx650i-ph.json
2026-02-28 16:54:32 [debug]: [PcExpressScraper] Scraping JSON: https://pcx.com.ph/products/logitech-h390-usb-w-mic-headset.json
2026-02-28 16:54:33 [debug]: [PcExpressScraper] JSON success: APC EASY UPS BVX 650VA, AVR, 230V (BVX650I-PH)
2026-02-28 16:54:33 [debug]: [PcExpressScraper] JSON success: LOGITECH H390 USB W/ Mic Headset
2026-02-28 16:54:34 [debug]: [PcWorxScraper] Scraping JSON: https://pcworx.ph/products/a4tech-krs-85-comfortable-a-shape-ps2.json
2026-02-28 16:54:34 [debug]: [VillmanScraper] Scraping JSON: https://shop.villman.com/products/aula-f99-3-in-1-rgb-gaming-mechanical-hot-swappable-keyboard-copy.json
2026-02-28 16:54:35 [debug]: [PcWorxScraper] Calling API: https://pcworx.ph/search/suggest.json?q=cvdfs&resources[type]=product&resources[limit]=10
2026-02-28 16:54:35 [debug]: [PcWorxScraper] JSON success: A4Tech KRS-85 Comfortable A-Shape PS2 keyboard
2026-02-28 16:54:36 [info]: [PcWorxScraper] API found 0 product URLs
2026-02-28 16:54:36 [debug]: [PcWorxScraper] Fallback to search page: https://pcworx.ph/search?type=product&q=cvdfs
2026-02-28 16:54:36 [debug]: [VillmanScraper] JSON success: Aula F75 Mechanical Keyboard
2026-02-28 16:54:37 [debug]: [PcExpressScraper] Scraping JSON: https://pcx.com.ph/collections/featured-products/products/asus-rog-nuc-15-2025-geforce-rtx-5070-ti-rnuc15jnk9x38aa4-mini-desktop.json
2026-02-28 16:54:37 [debug]: [PcExpressScraper] Scraping JSON: https://pcx.com.ph/products/logitech-g713-wired-tactile-gaming-keyboard.json
2026-02-28 16:54:37 [debug]: [PcExpressScraper] Calling API: https://pcx.com.ph/search/suggest.json?q=cvdfs&resources[type]=product&resources[limit]=10
2026-02-28 16:54:37 [debug]: [PcExpressScraper] Scraping JSON: https://pcx.com.ph/collections/featured-products/products/asus-rog-nuc-15-2025-geforce-rtx-5070-ti-rnuc15jnk9x38aa4-mini-desktop.json
2026-02-28 16:54:37 [debug]: [PcExpressScraper] Scraping JSON: https://pcx.com.ph/products/logitech-g713-wired-tactile-gaming-keyboard.json
2026-02-28 16:54:38 [debug]: [PcExpressScraper] JSON success: LOGITECH G713 Wired (Tactile) Gaming Keyboard
2026-02-28 16:54:38 [info]: [PcExpressScraper] API found 0 product URLs
2026-02-28 16:54:38 [debug]: [PcExpressScraper] Fallback to search page: https://pcx.com.ph/search?type=product&q=cvdfs
2026-02-28 16:54:38 [debug]: [PcWorxScraper] Calling API: https://pcworx.ph/search/suggest.json?q=cvdfs&resources[type]=product&resources[limit]=10
2026-02-28 16:54:39 [debug]: [VillmanScraper] Scraping JSON: https://shop.villman.com/products/aula-f99-3-in-1-rgb-gaming-mechanical-hot-swappable-keyboard-copy.json
2026-02-28 16:54:39 [debug]: [PcExpressScraper] JSON success: ASUS ROG NUC 15 2025 GeForce RTX™ 5070 Ti (RNUC15JNK9X38AA4) Mini Desktop
2026-02-28 16:54:39 [debug]: [PcExpressScraper] JSON success: LOGITECH G713 Wired (Tactile) Gaming Keyboard
2026-02-28 16:54:39 [debug]: [PcExpressScraper] JSON success: ASUS ROG NUC 15 2025 GeForce RTX™ 5070 Ti (RNUC15JNK9X38AA4) Mini Desktop
2026-02-28 16:54:39 [debug]: [PcWorxScraper] Scraping JSON: https://pcworx.ph/products/a4tech-krs-85-comfortable-a-shape-ps2.json
2026-02-28 16:54:40 [debug]: [VillmanScraper] JSON success: Aula F75 Mechanical Keyboard
2026-02-28 16:54:40 [info]: [PcWorxScraper] API found 0 product URLs
2026-02-28 16:54:40 [debug]: [PcWorxScraper] Fallback to search page: https://pcworx.ph/search?type=product&q=cvdfs
2026-02-28 16:54:40 [debug]: [PcWorxScraper] JSON success: A4Tech KRS-85 Comfortable A-Shape PS2 keyboard
2026-02-28 16:54:41 [debug]: → GET /api/cart
2026-02-28 16:54:42 [error]: [ErrorHandler] 500 GET /api/cart - Could not find the table 'public.cart' in the schema cache
2026-02-28 16:54:43 [debug]: → GET /api/cart
2026-02-28 16:54:44 [error]: [ErrorHandler] 500 GET /api/cart - Could not find the table 'public.cart' in the schema cache
2026-02-28 16:54:45 [debug]: → GET /api/cart
2026-02-28 16:54:46 [error]: [ErrorHandler] 500 GET /api/cart - Could not find the table 'public.cart' in the schema cache
2026-02-28 16:54:47 [debug]: → GET /api/cart
2026-02-28 16:54:48 [error]: [ErrorHandler] 500 GET /api/cart - Could not find the table 'public.cart' in the schema cache
2026-02-28 16:54:48 [debug]: → GET /api/cart
2026-02-28 16:54:48 [error]: [ErrorHandler] 500 GET /api/cart - Could not find the table 'public.cart' in the schema cache
2026-02-28 16:54:48 [debug]: → GET /api/cart
2026-02-28 16:54:49 [error]: [ErrorHandler] 500 GET /api/cart - Could not find the table 'public.cart' in the schema cache
2026-02-28 16:54:50 [debug]: → GET /api/cart
2026-02-28 16:54:50 [error]: [ErrorHandler] 500 GET /api/cart - Could not find the table 'public.cart' in the schema cache
2026-02-28 16:54:50 [debug]: → GET /api/cart
2026-02-28 16:54:54 [error]: [ErrorHandler] 500 GET /api/cart - Could not find the table 'public.cart' in the schema cache
2026-02-28 16:54:54 [debug]: → GET /api/cart
2026-02-28 16:54:56 [error]: [ErrorHandler] 500 GET /api/cart - Could not find the table 'public.cart' in the schema cache
2026-02-28 16:54:56 [debug]: → GET /api/cart
2026-02-28 16:54:58 [error]: [ErrorHandler] 500 GET /api/cart - Could not find the table 'public.cart' in the schema cache
2026-02-28 16:54:58 [debug]: → GET /api/cart
2026-02-28 16:55:00 [error]: [ErrorHandler] 500 GET /api/cart - Could not find the table 'public.cart' in the schema cache
2026-02-28 16:55:00 [debug]: → GET /api/cart
2026-02-28 16:55:01 [debug]: → GET /api/cart
2026-02-28 16:55:02 [error]: [ErrorHandler] 500 GET /api/cart - Could not find the table 'public.cart' in the schema cache
2026-02-28 16:55:02 [debug]: → GET /api/cart
2026-02-28 16:55:02 [info]: [PcExpressScraper] Fallback found 10 product URLs
2026-02-28 16:55:02 [error]: [ErrorHandler] 500 GET /api/cart - Could not find the table 'public.cart' in the schema cache
2026-02-28 16:55:02 [debug]: → GET /api/cart
2026-02-28 16:55:02 [error]: [ErrorHandler] 500 GET /api/cart - Could not find the table 'public.cart' in the schema cache
2026-02-28 16:55:02 [debug]: → GET /api/cart
2026-02-28 16:55:03 [error]: [Retry] PcWorxScraper.search failed after 3 attempts.
2026-02-28 16:55:03 [error]: [ErrorHandler] 500 GET /api/cart - Could not find the table 'public.cart' in the schema cache
2026-02-28 16:55:03 [error]: [ErrorHandler] 500 GET /api/cart - Could not find the table 'public.cart' in the schema cache
2026-02-28 16:55:03 [debug]: → GET /api/cart
2026-02-28 16:55:03 [debug]: → GET /api/cart
2026-02-28 16:55:04 [info]: [SearchService] Raw products scraped: 15
2026-02-28 16:55:04 [info]: [SearchService] Relevance filter: 15/15 products kept
2026-02-28 16:55:04 [error]: [ErrorHandler] 500 GET /api/cart - Could not find the table 'public.cart' in the schema cache
2026-02-28 16:55:04 [error]: [ErrorHandler] 500 GET /api/cart - Could not find the table 'public.cart' in the schema cache
2026-02-28 16:55:04 [debug]: → GET /api/cart
2026-02-28 16:55:04 [error]: [Retry] PcWorxScraper.search failed after 3 attempts.
2026-02-28 16:55:05 [error]: [ErrorHandler] 500 GET /api/cart - Could not find the table 'public.cart' in the schema cache
2026-02-28 16:55:05 [debug]: → GET /api/cart
2026-02-28 16:55:05 [error]: [ErrorHandler] 500 GET /api/cart - Could not find the table 'public.cart' in the schema cache
2026-02-28 16:55:05 [debug]: → GET /api/cart
2026-02-28 16:55:05 [error]: [SearchService] PC Worx failed: page.goto: Timeout 20000ms exceeded.
Call log:
[2m  - navigating to "https://pcworx.ph/", waiting until "domcontentloaded"[22m

2026-02-28 16:55:05 [info]: [SearchService] Raw products scraped: 5
2026-02-28 16:55:06 [info]: [SearchService] Relevance filter: 0/5 products kept
2026-02-28 16:55:06 [info]: [SearchService] Saved 0 products for search #e545d984-17ad-4c32-b984-4ae63a8d78fc
2026-02-28 16:55:06 [error]: [ErrorHandler] 500 GET /api/cart - Could not find the table 'public.cart' in the schema cache
2026-02-28 16:55:06 [debug]: → GET /api/cart
2026-02-28 16:55:06 [debug]: [PcExpressScraper] Scraping JSON: https://pcx.com.ph/products/logitech-h390-usb-w-mic-headset.json
2026-02-28 16:55:06 [debug]: [PcExpressScraper] Scraping JSON: https://pcx.com.ph/products/apc-easy-ups-bvx-650va-avr-230v-bvx650i-ph.json
2026-02-28 16:55:06 [error]: [ErrorHandler] 500 GET /api/cart - Could not find the table 'public.cart' in the schema cache
2026-02-28 16:55:06 [debug]: → GET /api/cart
2026-02-28 16:55:06 [info]: [SearchService] Raw products scraped: 15
2026-02-28 16:55:06 [info]: [SearchService] Relevance filter: 15/15 products kept
2026-02-28 16:55:06 [error]: [ErrorHandler] 500 GET /api/cart - Could not find the table 'public.cart' in the schema cache
2026-02-28 16:55:06 [debug]: → GET /api/cart
2026-02-28 16:55:07 [debug]: [PcExpressScraper] JSON success: LOGITECH H390 USB W/ Mic Headset
2026-02-28 16:55:07 [debug]: [PcExpressScraper] JSON success: APC EASY UPS BVX 650VA, AVR, 230V (BVX650I-PH)
2026-02-28 16:55:07 [error]: [ErrorHandler] 500 GET /api/cart - Could not find the table 'public.cart' in the schema cache
2026-02-28 16:55:07 [debug]: → GET /api/cart
2026-02-28 16:55:07 [error]: [ErrorHandler] 500 GET /api/cart - Could not find the table 'public.cart' in the schema cache
2026-02-28 16:55:07 [debug]: → GET /api/cart
2026-02-28 16:55:07 [info]: [SearchService] Saved 15 products for search #dd9f1cff-289b-4863-bc4e-d18f89041d89
2026-02-28 16:55:07 [error]: [ErrorHandler] 500 GET /api/cart - Could not find the table 'public.cart' in the schema cache
2026-02-28 16:55:07 [debug]: → GET /api/cart
2026-02-28 16:55:08 [error]: [ErrorHandler] 500 GET /api/cart - Could not find the table 'public.cart' in the schema cache
2026-02-28 16:55:08 [debug]: → GET /api/cart
2026-02-28 16:55:08 [error]: [ErrorHandler] 500 GET /api/cart - Could not find the table 'public.cart' in the schema cache
2026-02-28 16:55:08 [debug]: → GET /api/cart
2026-02-28 16:55:08 [error]: [ErrorHandler] 500 GET /api/cart - Could not find the table 'public.cart' in the schema cache
2026-02-28 16:55:08 [debug]: → GET /api/cart
2026-02-28 16:55:08 [info]: [SearchService] Raw products scraped: 5
2026-02-28 16:55:08 [info]: [SearchService] Relevance filter: 0/5 products kept
2026-02-28 16:55:08 [info]: [SearchService] Saved 0 products for search #a7c47548-1bfe-4022-b233-57e7030e53ac
2026-02-28 16:55:08 [error]: [ErrorHandler] 500 GET /api/cart - Could not find the table 'public.cart' in the schema cache
2026-02-28 16:55:08 [info]: [SearchService] Saved 15 products for search #73d92a9f-3666-4b76-90eb-068c536cd6ea
2026-02-28 16:55:10 [debug]: [PcExpressScraper] Scraping JSON: https://pcx.com.ph/products/acer-32-nitro-ed320qr-s3-curved-gaming-monitor.json
2026-02-28 16:55:10 [debug]: [PcExpressScraper] Scraping JSON: https://pcx.com.ph/collections/featured-products/products/gmktec-evo-x2-amd-radeon-8060-graphics-amd-ryzen-ai-max-395-mini-desktop.json
2026-02-28 16:55:10 [debug]: [PcExpressScraper] JSON success: ACER 32" Nitro ED320QR S3 Curved Gaming Monitor
2026-02-28 16:55:11 [debug]: [PcExpressScraper] JSON success: GMKTEC EVO X2 AMD Radeon™  8060 Graphics AMD Ryzen™ Ai MAX +395 Mini Desktop
2026-02-28 16:55:11 [debug]: [PcExpressScraper] Scraping JSON: https://pcx.com.ph/collections/featured-products/products/gmktec-evo-x2-amd-radeon-8060-graphics-amd-ryzen-ai-max-395-mini-desktop.json
2026-02-28 16:55:11 [debug]: [PcExpressScraper] Scraping JSON: https://pcx.com.ph/products/acer-32-nitro-ed320qr-s3-curved-gaming-monitor.json
2026-02-28 16:55:12 [debug]: [PcExpressScraper] JSON success: ACER 32" Nitro ED320QR S3 Curved Gaming Monitor
2026-02-28 16:55:12 [debug]: [PcExpressScraper] JSON success: GMKTEC EVO X2 AMD Radeon™  8060 Graphics AMD Ryzen™ Ai MAX +395 Mini Desktop
2026-02-28 16:55:16 [debug]: [PcExpressScraper] Scraping JSON: https://pcx.com.ph/collections/featured-products/products/asus-rog-nuc-15-2025-geforce-rtx-5070-ti-rnuc15jnk9x38aa4-mini-desktop.json
2026-02-28 16:55:16 [debug]: [PcExpressScraper] Scraping JSON: https://pcx.com.ph/collections/featured-products/products/asus-rog-nuc-15-2025-geforce-rtx-5070-ti-rnuc15jnk9x38aa4-mini-desktop.json
2026-02-28 16:55:17 [debug]: [PcExpressScraper] JSON success: ASUS ROG NUC 15 2025 GeForce RTX™ 5070 Ti (RNUC15JNK9X38AA4) Mini Desktop
2026-02-28 16:55:17 [debug]: [PcExpressScraper] JSON success: ASUS ROG NUC 15 2025 GeForce RTX™ 5070 Ti (RNUC15JNK9X38AA4) Mini Desktop
2026-02-28 16:55:19 [error]: [SearchService] PC Worx failed: page.goto: Timeout 20000ms exceeded.
Call log:
[2m  - navigating to "https://pcworx.ph/", waiting until "domcontentloaded"[22m

2026-02-28 16:55:19 [info]: [SearchService] Raw products scraped: 5
2026-02-28 16:55:19 [info]: [SearchService] Relevance filter: 0/5 products kept
2026-02-28 16:55:19 [info]: [SearchService] Saved 0 products for search #0b6051d7-7be8-4b52-afd6-b0c8f2ea4439
2026-02-28 16:55:20 [info]: [SearchService] Raw products scraped: 5
2026-02-28 16:55:20 [info]: [SearchService] Relevance filter: 0/5 products kept
2026-02-28 16:55:20 [info]: [SearchService] Saved 0 products for search #afb230a8-adb3-4b2d-b322-670e8bb8b316
2026-02-28 16:55:41 [debug]: → GET /api/cart
2026-02-28 16:55:41 [error]: [ErrorHandler] 500 GET /api/cart - Could not find the table 'public.cart' in the schema cache
2026-02-28 16:55:41 [debug]: → GET /api/cart
2026-02-28 16:55:42 [error]: [ErrorHandler] 500 GET /api/cart - Could not find the table 'public.cart' in the schema cache
2026-02-28 16:55:42 [debug]: → GET /api/cart
2026-02-28 16:55:42 [error]: [ErrorHandler] 500 GET /api/cart - Could not find the table 'public.cart' in the schema cache
2026-02-28 16:55:42 [debug]: → GET /api/cart
2026-02-28 16:55:42 [error]: [ErrorHandler] 500 GET /api/cart - Could not find the table 'public.cart' in the schema cache
2026-02-28 16:55:42 [debug]: → GET /api/cart
2026-02-28 16:55:42 [error]: [ErrorHandler] 500 GET /api/cart - Could not find the table 'public.cart' in the schema cache
2026-02-28 16:55:42 [debug]: → GET /api/cart
2026-02-28 16:55:42 [error]: [ErrorHandler] 500 GET /api/cart - Could not find the table 'public.cart' in the schema cache
2026-02-28 16:55:42 [debug]: → GET /api/cart
2026-02-28 16:55:43 [error]: [ErrorHandler] 500 GET /api/cart - Could not find the table 'public.cart' in the schema cache
2026-02-28 16:55:43 [debug]: → GET /api/cart
2026-02-28 16:55:43 [error]: [ErrorHandler] 500 GET /api/cart - Could not find the table 'public.cart' in the schema cache
2026-02-28 16:55:43 [debug]: → GET /api/cart
2026-02-28 16:55:43 [error]: [ErrorHandler] 500 GET /api/cart - Could not find the table 'public.cart' in the schema cache
2026-02-28 16:55:43 [debug]: → GET /api/cart
2026-02-28 16:55:43 [error]: [ErrorHandler] 500 GET /api/cart - Could not find the table 'public.cart' in the schema cache
2026-02-28 16:55:43 [debug]: → GET /api/cart
2026-02-28 16:55:44 [error]: [ErrorHandler] 500 GET /api/cart - Could not find the table 'public.cart' in the schema cache
2026-02-28 16:55:44 [debug]: → GET /api/cart
2026-02-28 16:55:44 [error]: [ErrorHandler] 500 GET /api/cart - Could not find the table 'public.cart' in the schema cache
2026-02-28 16:55:44 [debug]: → GET /api/cart
2026-02-28 16:55:44 [error]: [ErrorHandler] 500 GET /api/cart - Could not find the table 'public.cart' in the schema cache
2026-02-28 16:55:44 [debug]: → GET /api/cart
2026-02-28 16:55:44 [error]: [ErrorHandler] 500 GET /api/cart - Could not find the table 'public.cart' in the schema cache
2026-02-28 16:55:44 [debug]: → GET /api/cart
2026-02-28 16:55:45 [error]: [ErrorHandler] 500 GET /api/cart - Could not find the table 'public.cart' in the schema cache
2026-02-28 16:55:45 [debug]: → GET /api/cart
2026-02-28 16:55:45 [error]: [ErrorHandler] 500 GET /api/cart - Could not find the table 'public.cart' in the schema cache
2026-02-28 16:55:45 [debug]: → GET /api/cart
2026-02-28 16:55:45 [error]: [ErrorHandler] 500 GET /api/cart - Could not find the table 'public.cart' in the schema cache
2026-02-28 16:55:45 [debug]: → GET /api/cart
2026-02-28 16:55:45 [error]: [ErrorHandler] 500 GET /api/cart - Could not find the table 'public.cart' in the schema cache
2026-02-28 16:55:45 [debug]: → GET /api/cart
2026-02-28 16:55:46 [error]: [ErrorHandler] 500 GET /api/cart - Could not find the table 'public.cart' in the schema cache
2026-02-28 16:55:46 [debug]: → GET /api/cart
2026-02-28 16:55:46 [error]: [ErrorHandler] 500 GET /api/cart - Could not find the table 'public.cart' in the schema cache
2026-02-28 16:55:46 [debug]: → GET /api/cart
2026-02-28 16:55:46 [error]: [ErrorHandler] 500 GET /api/cart - Could not find the table 'public.cart' in the schema cache
2026-02-28 16:55:46 [debug]: → GET /api/cart
2026-02-28 16:55:46 [error]: [ErrorHandler] 500 GET /api/cart - Could not find the table 'public.cart' in the schema cache
2026-02-28 16:55:46 [debug]: → GET /api/cart
2026-02-28 16:55:47 [error]: [ErrorHandler] 500 GET /api/cart - Could not find the table 'public.cart' in the schema cache
2026-02-28 16:55:47 [debug]: → GET /api/cart
2026-02-28 16:55:47 [error]: [ErrorHandler] 500 GET /api/cart - Could not find the table 'public.cart' in the schema cache
2026-02-28 16:55:47 [debug]: → GET /api/cart
2026-02-28 16:55:47 [error]: [ErrorHandler] 500 GET /api/cart - Could not find the table 'public.cart' in the schema cache
2026-02-28 16:55:47 [debug]: → GET /api/cart
2026-02-28 16:55:47 [error]: [ErrorHandler] 500 GET /api/cart - Could not find the table 'public.cart' in the schema cache
2026-02-28 16:55:47 [debug]: → GET /api/cart
2026-02-28 16:55:48 [error]: [ErrorHandler] 500 GET /api/cart - Could not find the table 'public.cart' in the schema cache
2026-02-28 16:55:48 [debug]: → GET /api/cart
2026-02-28 16:55:48 [error]: [ErrorHandler] 500 GET /api/cart - Could not find the table 'public.cart' in the schema cache
2026-02-28 16:55:48 [debug]: → GET /api/cart
2026-02-28 16:55:48 [error]: [ErrorHandler] 500 GET /api/cart - Could not find the table 'public.cart' in the schema cache
2026-02-28 16:55:48 [debug]: → GET /api/cart
2026-02-28 16:55:48 [error]: [ErrorHandler] 500 GET /api/cart - Could not find the table 'public.cart' in the schema cache
2026-02-28 16:56:41 [debug]: → GET /api/cart
2026-02-28 16:56:41 [error]: [ErrorHandler] 500 GET /api/cart - Could not find the table 'public.cart' in the schema cache
2026-02-28 16:56:41 [debug]: → GET /api/cart
2026-02-28 16:56:41 [error]: [ErrorHandler] 500 GET /api/cart - Could not find the table 'public.cart' in the schema cache
2026-02-28 16:56:41 [debug]: → GET /api/cart
2026-02-28 16:56:42 [error]: [ErrorHandler] 500 GET /api/cart - Could not find the table 'public.cart' in the schema cache
2026-02-28 16:56:42 [debug]: → GET /api/cart
2026-02-28 16:56:42 [error]: [ErrorHandler] 500 GET /api/cart - Could not find the table 'public.cart' in the schema cache
2026-02-28 16:56:42 [debug]: → GET /api/cart
2026-02-28 16:56:42 [error]: [ErrorHandler] 500 GET /api/cart - Could not find the table 'public.cart' in the schema cache
2026-02-28 16:56:42 [debug]: → GET /api/cart
2026-02-28 16:56:43 [error]: [ErrorHandler] 500 GET /api/cart - Could not find the table 'public.cart' in the schema cache
2026-02-28 16:56:43 [debug]: → GET /api/cart
2026-02-28 16:56:43 [error]: [ErrorHandler] 500 GET /api/cart - Could not find the table 'public.cart' in the schema cache
2026-02-28 16:56:43 [debug]: → GET /api/cart
2026-02-28 16:56:43 [error]: [ErrorHandler] 500 GET /api/cart - Could not find the table 'public.cart' in the schema cache
2026-02-28 16:56:43 [debug]: → GET /api/cart
2026-02-28 16:56:43 [error]: [ErrorHandler] 500 GET /api/cart - Could not find the table 'public.cart' in the schema cache
2026-02-28 16:56:43 [debug]: → GET /api/cart
2026-02-28 16:56:44 [error]: [ErrorHandler] 500 GET /api/cart - Could not find the table 'public.cart' in the schema cache
2026-02-28 16:56:44 [debug]: → GET /api/cart
2026-02-28 16:56:44 [error]: [ErrorHandler] 500 GET /api/cart - Could not find the table 'public.cart' in the schema cache
2026-02-28 16:56:44 [debug]: → GET /api/cart
2026-02-28 16:56:44 [error]: [ErrorHandler] 500 GET /api/cart - Could not find the table 'public.cart' in the schema cache
2026-02-28 16:56:44 [debug]: → GET /api/cart
2026-02-28 16:56:44 [error]: [ErrorHandler] 500 GET /api/cart - Could not find the table 'public.cart' in the schema cache
2026-02-28 16:56:44 [debug]: → GET /api/cart
2026-02-28 16:56:44 [error]: [ErrorHandler] 500 GET /api/cart - Could not find the table 'public.cart' in the schema cache
2026-02-28 16:56:44 [debug]: → GET /api/cart
2026-02-28 16:56:45 [error]: [ErrorHandler] 500 GET /api/cart - Could not find the table 'public.cart' in the schema cache
2026-02-28 16:56:45 [debug]: → GET /api/cart
2026-02-28 16:56:45 [error]: [ErrorHandler] 500 GET /api/cart - Could not find the table 'public.cart' in the schema cache
2026-02-28 16:56:45 [debug]: → GET /api/cart
2026-02-28 16:56:45 [error]: [ErrorHandler] 500 GET /api/cart - Could not find the table 'public.cart' in the schema cache
2026-02-28 16:56:45 [debug]: → GET /api/cart
2026-02-28 16:56:45 [error]: [ErrorHandler] 500 GET /api/cart - Could not find the table 'public.cart' in the schema cache
2026-02-28 16:56:45 [debug]: → GET /api/cart
2026-02-28 16:56:46 [error]: [ErrorHandler] 500 GET /api/cart - Could not find the table 'public.cart' in the schema cache
2026-02-28 16:56:46 [debug]: → GET /api/cart
2026-02-28 16:56:46 [error]: [ErrorHandler] 500 GET /api/cart - Could not find the table 'public.cart' in the schema cache
2026-02-28 16:56:46 [debug]: → GET /api/cart
2026-02-28 16:56:46 [error]: [ErrorHandler] 500 GET /api/cart - Could not find the table 'public.cart' in the schema cache
2026-02-28 16:56:46 [debug]: → GET /api/cart
2026-02-28 16:56:46 [error]: [ErrorHandler] 500 GET /api/cart - Could not find the table 'public.cart' in the schema cache
2026-02-28 16:56:46 [debug]: → GET /api/cart
2026-02-28 16:56:47 [error]: [ErrorHandler] 500 GET /api/cart - Could not find the table 'public.cart' in the schema cache
2026-02-28 16:56:47 [debug]: → GET /api/cart
2026-02-28 16:56:47 [error]: [ErrorHandler] 500 GET /api/cart - Could not find the table 'public.cart' in the schema cache
2026-02-28 16:56:47 [debug]: → GET /api/cart
2026-02-28 16:56:47 [error]: [ErrorHandler] 500 GET /api/cart - Could not find the table 'public.cart' in the schema cache
2026-02-28 16:56:47 [debug]: → GET /api/cart
2026-02-28 16:56:47 [error]: [ErrorHandler] 500 GET /api/cart - Could not find the table 'public.cart' in the schema cache
2026-02-28 16:56:47 [debug]: → GET /api/cart
2026-02-28 16:56:48 [error]: [ErrorHandler] 500 GET /api/cart - Could not find the table 'public.cart' in the schema cache
2026-02-28 16:56:48 [debug]: → GET /api/cart
2026-02-28 16:56:48 [error]: [ErrorHandler] 500 GET /api/cart - Could not find the table 'public.cart' in the schema cache
2026-02-28 16:56:48 [debug]: → GET /api/cart
2026-02-28 16:56:48 [error]: [ErrorHandler] 500 GET /api/cart - Could not find the table 'public.cart' in the schema cache
2026-02-28 16:56:48 [debug]: → GET /api/cart
2026-02-28 16:56:48 [error]: [ErrorHandler] 500 GET /api/cart - Could not find the table 'public.cart' in the schema cache
2026-02-28 16:57:41 [debug]: → GET /api/cart
2026-02-28 16:57:41 [error]: [ErrorHandler] 500 GET /api/cart - Could not find the table 'public.cart' in the schema cache
2026-02-28 16:57:41 [debug]: → GET /api/cart
2026-02-28 16:57:41 [error]: [ErrorHandler] 500 GET /api/cart - Could not find the table 'public.cart' in the schema cache
2026-02-28 16:57:41 [debug]: → GET /api/cart
2026-02-28 16:57:42 [error]: [ErrorHandler] 500 GET /api/cart - Could not find the table 'public.cart' in the schema cache
2026-02-28 16:57:42 [debug]: → GET /api/cart
2026-02-28 16:57:42 [error]: [ErrorHandler] 500 GET /api/cart - Could not find the table 'public.cart' in the schema cache
2026-02-28 16:57:42 [debug]: → GET /api/cart
2026-02-28 16:57:42 [error]: [ErrorHandler] 500 GET /api/cart - Could not find the table 'public.cart' in the schema cache
2026-02-28 16:57:42 [debug]: → GET /api/cart
2026-02-28 16:57:42 [error]: [ErrorHandler] 500 GET /api/cart - Could not find the table 'public.cart' in the schema cache
2026-02-28 16:57:42 [debug]: → GET /api/cart
2026-02-28 16:57:43 [error]: [ErrorHandler] 500 GET /api/cart - Could not find the table 'public.cart' in the schema cache
2026-02-28 16:57:43 [debug]: → GET /api/cart
2026-02-28 16:57:43 [error]: [ErrorHandler] 500 GET /api/cart - Could not find the table 'public.cart' in the schema cache
2026-02-28 16:57:43 [debug]: → GET /api/cart
2026-02-28 16:57:43 [error]: [ErrorHandler] 500 GET /api/cart - Could not find the table 'public.cart' in the schema cache
2026-02-28 16:57:43 [debug]: → GET /api/cart
2026-02-28 16:57:43 [error]: [ErrorHandler] 500 GET /api/cart - Could not find the table 'public.cart' in the schema cache
2026-02-28 16:57:43 [debug]: → GET /api/cart
2026-02-28 16:57:44 [error]: [ErrorHandler] 500 GET /api/cart - Could not find the table 'public.cart' in the schema cache
2026-02-28 16:57:44 [debug]: → GET /api/cart
2026-02-28 16:57:44 [error]: [ErrorHandler] 500 GET /api/cart - Could not find the table 'public.cart' in the schema cache
2026-02-28 16:57:44 [debug]: → GET /api/cart
2026-02-28 16:57:44 [error]: [ErrorHandler] 500 GET /api/cart - Could not find the table 'public.cart' in the schema cache
2026-02-28 16:57:44 [debug]: → GET /api/cart
2026-02-28 16:57:44 [error]: [ErrorHandler] 500 GET /api/cart - Could not find the table 'public.cart' in the schema cache
2026-02-28 16:57:44 [debug]: → GET /api/cart
2026-02-28 16:57:45 [error]: [ErrorHandler] 500 GET /api/cart - Could not find the table 'public.cart' in the schema cache
2026-02-28 16:57:45 [debug]: → GET /api/cart
2026-02-28 16:57:45 [error]: [ErrorHandler] 500 GET /api/cart - Could not find the table 'public.cart' in the schema cache
2026-02-28 16:57:45 [debug]: → GET /api/cart
2026-02-28 16:57:45 [error]: [ErrorHandler] 500 GET /api/cart - Could not find the table 'public.cart' in the schema cache
2026-02-28 16:57:45 [debug]: → GET /api/cart
2026-02-28 16:57:45 [error]: [ErrorHandler] 500 GET /api/cart - Could not find the table 'public.cart' in the schema cache
2026-02-28 16:57:45 [debug]: → GET /api/cart
2026-02-28 16:57:45 [error]: [ErrorHandler] 500 GET /api/cart - Could not find the table 'public.cart' in the schema cache
2026-02-28 16:57:45 [debug]: → GET /api/cart
2026-02-28 16:57:46 [error]: [ErrorHandler] 500 GET /api/cart - Could not find the table 'public.cart' in the schema cache
2026-02-28 16:57:46 [debug]: → GET /api/cart
2026-02-28 16:57:46 [error]: [ErrorHandler] 500 GET /api/cart - Could not find the table 'public.cart' in the schema cache
2026-02-28 16:57:46 [debug]: → GET /api/cart
2026-02-28 16:57:46 [error]: [ErrorHandler] 500 GET /api/cart - Could not find the table 'public.cart' in the schema cache
2026-02-28 16:57:46 [debug]: → GET /api/cart
2026-02-28 16:57:46 [error]: [ErrorHandler] 500 GET /api/cart - Could not find the table 'public.cart' in the schema cache
2026-02-28 16:57:46 [debug]: → GET /api/cart
2026-02-28 16:57:46 [error]: [ErrorHandler] 500 GET /api/cart - Could not find the table 'public.cart' in the schema cache
2026-02-28 16:57:46 [debug]: → GET /api/cart
2026-02-28 16:57:47 [error]: [ErrorHandler] 500 GET /api/cart - Could not find the table 'public.cart' in the schema cache
2026-02-28 16:57:47 [debug]: → GET /api/cart
2026-02-28 16:57:47 [error]: [ErrorHandler] 500 GET /api/cart - Could not find the table 'public.cart' in the schema cache
2026-02-28 16:57:47 [debug]: → GET /api/cart
2026-02-28 16:57:47 [error]: [ErrorHandler] 500 GET /api/cart - Could not find the table 'public.cart' in the schema cache
2026-02-28 16:57:47 [debug]: → GET /api/cart
2026-02-28 16:57:47 [error]: [ErrorHandler] 500 GET /api/cart - Could not find the table 'public.cart' in the schema cache
2026-02-28 16:57:47 [debug]: → GET /api/cart
2026-02-28 16:57:48 [error]: [ErrorHandler] 500 GET /api/cart - Could not find the table 'public.cart' in the schema cache
2026-02-28 16:57:48 [debug]: → GET /api/cart
2026-02-28 16:57:48 [error]: [ErrorHandler] 500 GET /api/cart - Could not find the table 'public.cart' in the schema cache
2026-02-28 16:58:41 [debug]: → GET /api/cart
2026-02-28 16:58:41 [error]: [ErrorHandler] 500 GET /api/cart - Could not find the table 'public.cart' in the schema cache
2026-02-28 16:58:41 [debug]: → GET /api/cart
2026-02-28 16:58:42 [error]: [ErrorHandler] 500 GET /api/cart - Could not find the table 'public.cart' in the schema cache
2026-02-28 16:58:42 [debug]: → GET /api/cart
2026-02-28 16:58:42 [error]: [ErrorHandler] 500 GET /api/cart - Could not find the table 'public.cart' in the schema cache
2026-02-28 16:58:42 [debug]: → GET /api/cart
2026-02-28 16:58:42 [error]: [ErrorHandler] 500 GET /api/cart - Could not find the table 'public.cart' in the schema cache
2026-02-28 16:58:42 [debug]: → GET /api/cart
2026-02-28 16:58:42 [error]: [ErrorHandler] 500 GET /api/cart - Could not find the table 'public.cart' in the schema cache
2026-02-28 16:58:42 [debug]: → GET /api/cart
2026-02-28 16:58:43 [error]: [ErrorHandler] 500 GET /api/cart - Could not find the table 'public.cart' in the schema cache
2026-02-28 16:58:43 [debug]: → GET /api/cart
2026-02-28 16:58:43 [error]: [ErrorHandler] 500 GET /api/cart - Could not find the table 'public.cart' in the schema cache
2026-02-28 16:58:43 [debug]: → GET /api/cart
2026-02-28 16:58:43 [error]: [ErrorHandler] 500 GET /api/cart - Could not find the table 'public.cart' in the schema cache
2026-02-28 16:58:43 [debug]: → GET /api/cart
2026-02-28 16:58:44 [error]: [ErrorHandler] 500 GET /api/cart - Could not find the table 'public.cart' in the schema cache
2026-02-28 16:58:44 [debug]: → GET /api/cart
2026-02-28 16:58:44 [error]: [ErrorHandler] 500 GET /api/cart - Could not find the table 'public.cart' in the schema cache
2026-02-28 16:58:44 [debug]: → GET /api/cart
2026-02-28 16:58:44 [error]: [ErrorHandler] 500 GET /api/cart - Could not find the table 'public.cart' in the schema cache
2026-02-28 16:58:44 [debug]: → GET /api/cart
2026-02-28 16:58:44 [error]: [ErrorHandler] 500 GET /api/cart - Could not find the table 'public.cart' in the schema cache
2026-02-28 16:58:44 [debug]: → GET /api/cart
2026-02-28 16:58:45 [error]: [ErrorHandler] 500 GET /api/cart - Could not find the table 'public.cart' in the schema cache
2026-02-28 16:58:45 [debug]: → GET /api/cart
2026-02-28 16:58:45 [error]: [ErrorHandler] 500 GET /api/cart - Could not find the table 'public.cart' in the schema cache
2026-02-28 16:58:45 [debug]: → GET /api/cart
2026-02-28 16:58:45 [error]: [ErrorHandler] 500 GET /api/cart - Could not find the table 'public.cart' in the schema cache
2026-02-28 16:58:45 [debug]: → GET /api/cart
2026-02-28 16:58:45 [error]: [ErrorHandler] 500 GET /api/cart - Could not find the table 'public.cart' in the schema cache
2026-02-28 16:58:45 [debug]: → GET /api/cart
2026-02-28 16:58:46 [error]: [ErrorHandler] 500 GET /api/cart - Could not find the table 'public.cart' in the schema cache
2026-02-28 16:58:46 [debug]: → GET /api/cart
2026-02-28 16:58:46 [error]: [ErrorHandler] 500 GET /api/cart - Could not find the table 'public.cart' in the schema cache
2026-02-28 16:58:46 [debug]: → GET /api/cart
2026-02-28 16:58:46 [error]: [ErrorHandler] 500 GET /api/cart - Could not find the table 'public.cart' in the schema cache
2026-02-28 16:58:46 [debug]: → GET /api/cart
2026-02-28 16:58:46 [error]: [ErrorHandler] 500 GET /api/cart - Could not find the table 'public.cart' in the schema cache
2026-02-28 16:58:46 [debug]: → GET /api/cart
2026-02-28 16:58:47 [error]: [ErrorHandler] 500 GET /api/cart - Could not find the table 'public.cart' in the schema cache
2026-02-28 16:58:47 [debug]: → GET /api/cart
2026-02-28 16:58:47 [error]: [ErrorHandler] 500 GET /api/cart - Could not find the table 'public.cart' in the schema cache
2026-02-28 16:58:47 [debug]: → GET /api/cart
2026-02-28 16:58:47 [error]: [ErrorHandler] 500 GET /api/cart - Could not find the table 'public.cart' in the schema cache
2026-02-28 16:58:47 [debug]: → GET /api/cart
2026-02-28 16:58:47 [error]: [ErrorHandler] 500 GET /api/cart - Could not find the table 'public.cart' in the schema cache
2026-02-28 16:58:47 [debug]: → GET /api/cart
2026-02-28 16:58:48 [error]: [ErrorHandler] 500 GET /api/cart - Could not find the table 'public.cart' in the schema cache
2026-02-28 16:58:48 [debug]: → GET /api/cart
2026-02-28 16:58:48 [error]: [ErrorHandler] 500 GET /api/cart - Could not find the table 'public.cart' in the schema cache
2026-02-28 16:58:48 [debug]: → GET /api/cart
2026-02-28 16:58:48 [error]: [ErrorHandler] 500 GET /api/cart - Could not find the table 'public.cart' in the schema cache
2026-02-28 16:58:48 [debug]: → GET /api/cart
2026-02-28 16:58:48 [error]: [ErrorHandler] 500 GET /api/cart - Could not find the table 'public.cart' in the schema cache
2026-02-28 16:58:48 [debug]: → GET /api/cart
2026-02-28 16:58:49 [error]: [ErrorHandler] 500 GET /api/cart - Could not find the table 'public.cart' in the schema cache
2026-02-28 16:58:49 [debug]: → GET /api/cart
2026-02-28 16:58:49 [error]: [ErrorHandler] 500 GET /api/cart - Could not find the table 'public.cart' in the schema cache
2026-02-28 16:59:41 [debug]: → GET /api/cart
2026-02-28 16:59:41 [error]: [ErrorHandler] 500 GET /api/cart - Could not find the table 'public.cart' in the schema cache
2026-02-28 16:59:41 [debug]: → GET /api/cart
2026-02-28 16:59:42 [error]: [ErrorHandler] 500 GET /api/cart - Could not find the table 'public.cart' in the schema cache
2026-02-28 16:59:42 [debug]: → GET /api/cart
2026-02-28 16:59:42 [error]: [ErrorHandler] 500 GET /api/cart - Could not find the table 'public.cart' in the schema cache
2026-02-28 16:59:42 [debug]: → GET /api/cart
2026-02-28 16:59:42 [error]: [ErrorHandler] 500 GET /api/cart - Could not find the table 'public.cart' in the schema cache
2026-02-28 16:59:42 [debug]: → GET /api/cart
2026-02-28 16:59:43 [error]: [ErrorHandler] 500 GET /api/cart - Could not find the table 'public.cart' in the schema cache
2026-02-28 16:59:43 [debug]: → GET /api/cart
2026-02-28 16:59:43 [error]: [ErrorHandler] 500 GET /api/cart - Could not find the table 'public.cart' in the schema cache
2026-02-28 16:59:43 [debug]: → GET /api/cart
2026-02-28 16:59:43 [error]: [ErrorHandler] 500 GET /api/cart - Could not find the table 'public.cart' in the schema cache
2026-02-28 16:59:43 [debug]: → GET /api/cart
2026-02-28 16:59:43 [error]: [ErrorHandler] 500 GET /api/cart - Could not find the table 'public.cart' in the schema cache
2026-02-28 16:59:43 [debug]: → GET /api/cart
2026-02-28 16:59:43 [error]: [ErrorHandler] 500 GET /api/cart - Could not find the table 'public.cart' in the schema cache
2026-02-28 16:59:43 [debug]: → GET /api/cart
2026-02-28 16:59:44 [error]: [ErrorHandler] 500 GET /api/cart - Could not find the table 'public.cart' in the schema cache
2026-02-28 16:59:44 [debug]: → GET /api/cart
2026-02-28 16:59:44 [error]: [ErrorHandler] 500 GET /api/cart - Could not find the table 'public.cart' in the schema cache
2026-02-28 16:59:44 [debug]: → GET /api/cart
2026-02-28 16:59:44 [error]: [ErrorHandler] 500 GET /api/cart - Could not find the table 'public.cart' in the schema cache
2026-02-28 16:59:44 [debug]: → GET /api/cart
2026-02-28 16:59:44 [error]: [ErrorHandler] 500 GET /api/cart - Could not find the table 'public.cart' in the schema cache
2026-02-28 16:59:44 [debug]: → GET /api/cart
2026-02-28 16:59:45 [error]: [ErrorHandler] 500 GET /api/cart - Could not find the table 'public.cart' in the schema cache
2026-02-28 16:59:45 [debug]: → GET /api/cart
2026-02-28 16:59:45 [error]: [ErrorHandler] 500 GET /api/cart - Could not find the table 'public.cart' in the schema cache
2026-02-28 16:59:45 [debug]: → GET /api/cart
2026-02-28 16:59:45 [error]: [ErrorHandler] 500 GET /api/cart - Could not find the table 'public.cart' in the schema cache
2026-02-28 16:59:45 [debug]: → GET /api/cart
2026-02-28 16:59:45 [error]: [ErrorHandler] 500 GET /api/cart - Could not find the table 'public.cart' in the schema cache
2026-02-28 16:59:46 [debug]: → GET /api/cart
2026-02-28 16:59:46 [error]: [ErrorHandler] 500 GET /api/cart - Could not find the table 'public.cart' in the schema cache
2026-02-28 16:59:46 [debug]: → GET /api/cart
2026-02-28 16:59:46 [error]: [ErrorHandler] 500 GET /api/cart - Could not find the table 'public.cart' in the schema cache
2026-02-28 16:59:46 [debug]: → GET /api/cart
2026-02-28 16:59:46 [error]: [ErrorHandler] 500 GET /api/cart - Could not find the table 'public.cart' in the schema cache
2026-02-28 16:59:46 [debug]: → GET /api/cart
2026-02-28 16:59:47 [error]: [ErrorHandler] 500 GET /api/cart - Could not find the table 'public.cart' in the schema cache
2026-02-28 16:59:47 [debug]: → GET /api/cart
2026-02-28 16:59:47 [error]: [ErrorHandler] 500 GET /api/cart - Could not find the table 'public.cart' in the schema cache
2026-02-28 16:59:47 [debug]: → GET /api/cart
2026-02-28 16:59:47 [error]: [ErrorHandler] 500 GET /api/cart - Could not find the table 'public.cart' in the schema cache
2026-02-28 16:59:47 [debug]: → GET /api/cart
2026-02-28 16:59:47 [error]: [ErrorHandler] 500 GET /api/cart - Could not find the table 'public.cart' in the schema cache
2026-02-28 16:59:47 [debug]: → GET /api/cart
2026-02-28 16:59:48 [error]: [ErrorHandler] 500 GET /api/cart - Could not find the table 'public.cart' in the schema cache
2026-02-28 16:59:48 [debug]: → GET /api/cart
2026-02-28 16:59:48 [error]: [ErrorHandler] 500 GET /api/cart - Could not find the table 'public.cart' in the schema cache
2026-02-28 16:59:48 [debug]: → GET /api/cart
2026-02-28 16:59:48 [error]: [ErrorHandler] 500 GET /api/cart - Could not find the table 'public.cart' in the schema cache
2026-02-28 16:59:48 [debug]: → GET /api/cart
2026-02-28 16:59:48 [error]: [ErrorHandler] 500 GET /api/cart - Could not find the table 'public.cart' in the schema cache
2026-02-28 16:59:48 [debug]: → GET /api/cart
2026-02-28 16:59:49 [error]: [ErrorHandler] 500 GET /api/cart - Could not find the table 'public.cart' in the schema cache
2026-02-28 16:59:49 [debug]: → GET /api/cart
2026-02-28 16:59:49 [error]: [ErrorHandler] 500 GET /api/cart - Could not find the table 'public.cart' in the schema cache
2026-02-28 17:00:41 [debug]: → GET /api/cart
2026-02-28 17:00:41 [error]: [ErrorHandler] 500 GET /api/cart - Could not find the table 'public.cart' in the schema cache
2026-02-28 17:00:41 [debug]: → GET /api/cart
2026-02-28 17:00:42 [error]: [ErrorHandler] 500 GET /api/cart - Could not find the table 'public.cart' in the schema cache
2026-02-28 17:00:42 [debug]: → GET /api/cart
2026-02-28 17:00:42 [error]: [ErrorHandler] 500 GET /api/cart - Could not find the table 'public.cart' in the schema cache
2026-02-28 17:00:42 [debug]: → GET /api/cart
2026-02-28 17:00:42 [error]: [ErrorHandler] 500 GET /api/cart - Could not find the table 'public.cart' in the schema cache
2026-02-28 17:00:42 [debug]: → GET /api/cart
2026-02-28 17:00:42 [error]: [ErrorHandler] 500 GET /api/cart - Could not find the table 'public.cart' in the schema cache
2026-02-28 17:00:42 [debug]: → GET /api/cart
2026-02-28 17:00:43 [error]: [ErrorHandler] 500 GET /api/cart - Could not find the table 'public.cart' in the schema cache
2026-02-28 17:00:43 [debug]: → GET /api/cart
2026-02-28 17:00:43 [error]: [ErrorHandler] 500 GET /api/cart - Could not find the table 'public.cart' in the schema cache
2026-02-28 17:00:43 [debug]: → GET /api/cart
2026-02-28 17:00:43 [error]: [ErrorHandler] 500 GET /api/cart - Could not find the table 'public.cart' in the schema cache
2026-02-28 17:00:43 [debug]: → GET /api/cart
2026-02-28 17:00:43 [error]: [ErrorHandler] 500 GET /api/cart - Could not find the table 'public.cart' in the schema cache
2026-02-28 17:00:43 [debug]: → GET /api/cart
2026-02-28 17:00:43 [error]: [ErrorHandler] 500 GET /api/cart - Could not find the table 'public.cart' in the schema cache
2026-02-28 17:00:43 [debug]: → GET /api/cart
2026-02-28 17:00:44 [error]: [ErrorHandler] 500 GET /api/cart - Could not find the table 'public.cart' in the schema cache
2026-02-28 17:00:44 [debug]: → GET /api/cart
2026-02-28 17:00:44 [error]: [ErrorHandler] 500 GET /api/cart - Could not find the table 'public.cart' in the schema cache
2026-02-28 17:00:44 [debug]: → GET /api/cart
2026-02-28 17:00:44 [error]: [ErrorHandler] 500 GET /api/cart - Could not find the table 'public.cart' in the schema cache
2026-02-28 17:00:44 [debug]: → GET /api/cart
2026-02-28 17:00:44 [error]: [ErrorHandler] 500 GET /api/cart - Could not find the table 'public.cart' in the schema cache
2026-02-28 17:00:44 [debug]: → GET /api/cart
2026-02-28 17:00:45 [error]: [ErrorHandler] 500 GET /api/cart - Could not find the table 'public.cart' in the schema cache
2026-02-28 17:00:45 [debug]: → GET /api/cart
2026-02-28 17:00:45 [error]: [ErrorHandler] 500 GET /api/cart - Could not find the table 'public.cart' in the schema cache
2026-02-28 17:00:45 [debug]: → GET /api/cart
2026-02-28 17:00:46 [error]: [ErrorHandler] 500 GET /api/cart - Could not find the table 'public.cart' in the schema cache
2026-02-28 17:00:46 [debug]: → GET /api/cart
2026-02-28 17:00:46 [error]: [ErrorHandler] 500 GET /api/cart - Could not find the table 'public.cart' in the schema cache
2026-02-28 17:00:46 [debug]: → GET /api/cart
2026-02-28 17:00:46 [error]: [ErrorHandler] 500 GET /api/cart - Could not find the table 'public.cart' in the schema cache
2026-02-28 17:00:46 [debug]: → GET /api/cart
2026-02-28 17:00:46 [error]: [ErrorHandler] 500 GET /api/cart - Could not find the table 'public.cart' in the schema cache
2026-02-28 17:00:46 [debug]: → GET /api/cart
2026-02-28 17:00:47 [error]: [ErrorHandler] 500 GET /api/cart - Could not find the table 'public.cart' in the schema cache
2026-02-28 17:00:47 [debug]: → GET /api/cart
2026-02-28 17:00:47 [error]: [ErrorHandler] 500 GET /api/cart - Could not find the table 'public.cart' in the schema cache
2026-02-28 17:00:47 [debug]: → GET /api/cart
2026-02-28 17:00:47 [error]: [ErrorHandler] 500 GET /api/cart - Could not find the table 'public.cart' in the schema cache
2026-02-28 17:00:47 [debug]: → GET /api/cart
2026-02-28 17:00:47 [error]: [ErrorHandler] 500 GET /api/cart - Could not find the table 'public.cart' in the schema cache
2026-02-28 17:00:47 [debug]: → GET /api/cart
2026-02-28 17:00:48 [error]: [ErrorHandler] 500 GET /api/cart - Could not find the table 'public.cart' in the schema cache
2026-02-28 17:00:48 [debug]: → GET /api/cart
2026-02-28 17:00:48 [error]: [ErrorHandler] 500 GET /api/cart - Could not find the table 'public.cart' in the schema cache
2026-02-28 17:00:48 [debug]: → GET /api/cart
2026-02-28 17:00:48 [error]: [ErrorHandler] 500 GET /api/cart - Could not find the table 'public.cart' in the schema cache
2026-02-28 17:00:48 [debug]: → GET /api/cart
2026-02-28 17:00:48 [error]: [ErrorHandler] 500 GET /api/cart - Could not find the table 'public.cart' in the schema cache
2026-02-28 17:00:48 [debug]: → GET /api/cart
2026-02-28 17:00:49 [error]: [ErrorHandler] 500 GET /api/cart - Could not find the table 'public.cart' in the schema cache
2026-02-28 17:00:49 [debug]: → GET /api/cart
2026-02-28 17:00:49 [error]: [ErrorHandler] 500 GET /api/cart - Could not find the table 'public.cart' in the schema cache
2026-02-28 17:01:41 [debug]: → GET /api/cart
2026-02-28 17:01:41 [error]: [ErrorHandler] 500 GET /api/cart - Could not find the table 'public.cart' in the schema cache
2026-02-28 17:01:41 [debug]: → GET /api/cart
2026-02-28 17:01:42 [error]: [ErrorHandler] 500 GET /api/cart - Could not find the table 'public.cart' in the schema cache
2026-02-28 17:01:42 [debug]: → GET /api/cart
2026-02-28 17:01:42 [error]: [ErrorHandler] 500 GET /api/cart - Could not find the table 'public.cart' in the schema cache
2026-02-28 17:01:42 [debug]: → GET /api/cart
2026-02-28 17:01:42 [error]: [ErrorHandler] 500 GET /api/cart - Could not find the table 'public.cart' in the schema cache
2026-02-28 17:01:42 [debug]: → GET /api/cart
2026-02-28 17:01:43 [error]: [ErrorHandler] 500 GET /api/cart - Could not find the table 'public.cart' in the schema cache
2026-02-28 17:01:43 [debug]: → GET /api/cart
2026-02-28 17:01:43 [error]: [ErrorHandler] 500 GET /api/cart - Could not find the table 'public.cart' in the schema cache
2026-02-28 17:01:43 [debug]: → GET /api/cart
2026-02-28 17:01:43 [error]: [ErrorHandler] 500 GET /api/cart - Could not find the table 'public.cart' in the schema cache
2026-02-28 17:01:43 [debug]: → GET /api/cart
2026-02-28 17:01:43 [error]: [ErrorHandler] 500 GET /api/cart - Could not find the table 'public.cart' in the schema cache
2026-02-28 17:01:43 [debug]: → GET /api/cart
2026-02-28 17:01:43 [error]: [ErrorHandler] 500 GET /api/cart - Could not find the table 'public.cart' in the schema cache
2026-02-28 17:01:43 [debug]: → GET /api/cart
2026-02-28 17:01:44 [error]: [ErrorHandler] 500 GET /api/cart - Could not find the table 'public.cart' in the schema cache
2026-02-28 17:01:44 [debug]: → GET /api/cart
2026-02-28 17:01:44 [error]: [ErrorHandler] 500 GET /api/cart - Could not find the table 'public.cart' in the schema cache
2026-02-28 17:01:44 [debug]: → GET /api/cart
2026-02-28 17:01:44 [error]: [ErrorHandler] 500 GET /api/cart - Could not find the table 'public.cart' in the schema cache
2026-02-28 17:01:44 [debug]: → GET /api/cart
2026-02-28 17:01:44 [error]: [ErrorHandler] 500 GET /api/cart - Could not find the table 'public.cart' in the schema cache
2026-02-28 17:01:44 [debug]: → GET /api/cart
2026-02-28 17:01:45 [error]: [ErrorHandler] 500 GET /api/cart - Could not find the table 'public.cart' in the schema cache
2026-02-28 17:01:45 [debug]: → GET /api/cart
2026-02-28 17:01:45 [error]: [ErrorHandler] 500 GET /api/cart - Could not find the table 'public.cart' in the schema cache
2026-02-28 17:01:45 [debug]: → GET /api/cart
2026-02-28 17:01:45 [error]: [ErrorHandler] 500 GET /api/cart - Could not find the table 'public.cart' in the schema cache
2026-02-28 17:01:45 [debug]: → GET /api/cart
2026-02-28 17:01:45 [error]: [ErrorHandler] 500 GET /api/cart - Could not find the table 'public.cart' in the schema cache
2026-02-28 17:01:45 [debug]: → GET /api/cart
2026-02-28 17:01:46 [error]: [ErrorHandler] 500 GET /api/cart - Could not find the table 'public.cart' in the schema cache
2026-02-28 17:01:46 [debug]: → GET /api/cart
2026-02-28 17:01:46 [error]: [ErrorHandler] 500 GET /api/cart - Could not find the table 'public.cart' in the schema cache
2026-02-28 17:01:46 [debug]: → GET /api/cart
2026-02-28 17:01:46 [error]: [ErrorHandler] 500 GET /api/cart - Could not find the table 'public.cart' in the schema cache
2026-02-28 17:01:46 [debug]: → GET /api/cart
2026-02-28 17:01:46 [error]: [ErrorHandler] 500 GET /api/cart - Could not find the table 'public.cart' in the schema cache
2026-02-28 17:01:46 [debug]: → GET /api/cart
2026-02-28 17:01:47 [error]: [ErrorHandler] 500 GET /api/cart - Could not find the table 'public.cart' in the schema cache
2026-02-28 17:01:47 [debug]: → GET /api/cart
2026-02-28 17:01:47 [error]: [ErrorHandler] 500 GET /api/cart - Could not find the table 'public.cart' in the schema cache
2026-02-28 17:01:47 [debug]: → GET /api/cart
2026-02-28 17:01:47 [error]: [ErrorHandler] 500 GET /api/cart - Could not find the table 'public.cart' in the schema cache
2026-02-28 17:01:47 [debug]: → GET /api/cart
2026-02-28 17:01:47 [error]: [ErrorHandler] 500 GET /api/cart - Could not find the table 'public.cart' in the schema cache
2026-02-28 17:01:47 [debug]: → GET /api/cart
2026-02-28 17:01:48 [error]: [ErrorHandler] 500 GET /api/cart - Could not find the table 'public.cart' in the schema cache
2026-02-28 17:01:48 [debug]: → GET /api/cart
2026-02-28 17:01:48 [error]: [ErrorHandler] 500 GET /api/cart - Could not find the table 'public.cart' in the schema cache
2026-02-28 17:01:48 [debug]: → GET /api/cart
2026-02-28 17:01:48 [error]: [ErrorHandler] 500 GET /api/cart - Could not find the table 'public.cart' in the schema cache
2026-02-28 17:01:48 [debug]: → GET /api/cart
2026-02-28 17:01:49 [error]: [ErrorHandler] 500 GET /api/cart - Could not find the table 'public.cart' in the schema cache
2026-02-28 17:01:49 [debug]: → GET /api/cart
2026-02-28 17:01:49 [error]: [ErrorHandler] 500 GET /api/cart - Could not find the table 'public.cart' in the schema cache
2026-02-28 17:02:41 [debug]: → GET /api/cart
2026-02-28 17:02:41 [error]: [ErrorHandler] 500 GET /api/cart - Could not find the table 'public.cart' in the schema cache
2026-02-28 17:02:41 [debug]: → GET /api/cart
2026-02-28 17:02:42 [error]: [ErrorHandler] 500 GET /api/cart - Could not find the table 'public.cart' in the schema cache
2026-02-28 17:02:42 [debug]: → GET /api/cart
2026-02-28 17:02:42 [error]: [ErrorHandler] 500 GET /api/cart - Could not find the table 'public.cart' in the schema cache
2026-02-28 17:02:42 [debug]: → GET /api/cart
2026-02-28 17:02:42 [error]: [ErrorHandler] 500 GET /api/cart - Could not find the table 'public.cart' in the schema cache
2026-02-28 17:02:42 [debug]: → GET /api/cart
2026-02-28 17:02:42 [error]: [ErrorHandler] 500 GET /api/cart - Could not find the table 'public.cart' in the schema cache
2026-02-28 17:02:42 [debug]: → GET /api/cart
2026-02-28 17:02:43 [error]: [ErrorHandler] 500 GET /api/cart - Could not find the table 'public.cart' in the schema cache
2026-02-28 17:02:43 [debug]: → GET /api/cart
2026-02-28 17:02:43 [error]: [ErrorHandler] 500 GET /api/cart - Could not find the table 'public.cart' in the schema cache
2026-02-28 17:02:43 [debug]: → GET /api/cart
2026-02-28 17:02:43 [error]: [ErrorHandler] 500 GET /api/cart - Could not find the table 'public.cart' in the schema cache
2026-02-28 17:02:43 [debug]: → GET /api/cart
2026-02-28 17:02:43 [error]: [ErrorHandler] 500 GET /api/cart - Could not find the table 'public.cart' in the schema cache
2026-02-28 17:02:43 [debug]: → GET /api/cart
2026-02-28 17:02:44 [error]: [ErrorHandler] 500 GET /api/cart - Could not find the table 'public.cart' in the schema cache
2026-02-28 17:02:44 [debug]: → GET /api/cart
2026-02-28 17:02:44 [error]: [ErrorHandler] 500 GET /api/cart - Could not find the table 'public.cart' in the schema cache
2026-02-28 17:02:44 [debug]: → GET /api/cart
2026-02-28 17:02:44 [error]: [ErrorHandler] 500 GET /api/cart - Could not find the table 'public.cart' in the schema cache
2026-02-28 17:02:44 [debug]: → GET /api/cart
2026-02-28 17:02:45 [error]: [ErrorHandler] 500 GET /api/cart - Could not find the table 'public.cart' in the schema cache
2026-02-28 17:02:45 [debug]: → GET /api/cart
2026-02-28 17:02:45 [error]: [ErrorHandler] 500 GET /api/cart - Could not find the table 'public.cart' in the schema cache
2026-02-28 17:02:45 [debug]: → GET /api/cart
2026-02-28 17:02:45 [error]: [ErrorHandler] 500 GET /api/cart - Could not find the table 'public.cart' in the schema cache
2026-02-28 17:02:45 [debug]: → GET /api/cart
2026-02-28 17:02:46 [error]: [ErrorHandler] 500 GET /api/cart - Could not find the table 'public.cart' in the schema cache
2026-02-28 17:02:46 [debug]: → GET /api/cart
2026-02-28 17:02:46 [error]: [ErrorHandler] 500 GET /api/cart - Could not find the table 'public.cart' in the schema cache
2026-02-28 17:02:46 [debug]: → GET /api/cart
2026-02-28 17:02:46 [error]: [ErrorHandler] 500 GET /api/cart - Could not find the table 'public.cart' in the schema cache
2026-02-28 17:02:46 [debug]: → GET /api/cart
2026-02-28 17:02:46 [error]: [ErrorHandler] 500 GET /api/cart - Could not find the table 'public.cart' in the schema cache
2026-02-28 17:02:46 [debug]: → GET /api/cart
2026-02-28 17:02:47 [error]: [ErrorHandler] 500 GET /api/cart - Could not find the table 'public.cart' in the schema cache
2026-02-28 17:02:47 [debug]: → GET /api/cart
2026-02-28 17:02:47 [error]: [ErrorHandler] 500 GET /api/cart - Could not find the table 'public.cart' in the schema cache
2026-02-28 17:02:47 [debug]: → GET /api/cart
2026-02-28 17:02:47 [error]: [ErrorHandler] 500 GET /api/cart - Could not find the table 'public.cart' in the schema cache
2026-02-28 17:02:47 [debug]: → GET /api/cart
2026-02-28 17:02:48 [error]: [ErrorHandler] 500 GET /api/cart - Could not find the table 'public.cart' in the schema cache
2026-02-28 17:02:48 [debug]: → GET /api/cart
2026-02-28 17:02:48 [error]: [ErrorHandler] 500 GET /api/cart - Could not find the table 'public.cart' in the schema cache
2026-02-28 17:02:48 [debug]: → GET /api/cart
2026-02-28 17:02:48 [error]: [ErrorHandler] 500 GET /api/cart - Could not find the table 'public.cart' in the schema cache
2026-02-28 17:02:48 [debug]: → GET /api/cart
2026-02-28 17:02:49 [error]: [ErrorHandler] 500 GET /api/cart - Could not find the table 'public.cart' in the schema cache
2026-02-28 17:02:49 [debug]: → GET /api/cart
2026-02-28 17:02:49 [error]: [ErrorHandler] 500 GET /api/cart - Could not find the table 'public.cart' in the schema cache
2026-02-28 17:02:49 [debug]: → GET /api/cart
2026-02-28 17:02:49 [error]: [ErrorHandler] 500 GET /api/cart - Could not find the table 'public.cart' in the schema cache
2026-02-28 17:02:49 [debug]: → GET /api/cart
2026-02-28 17:02:49 [error]: [ErrorHandler] 500 GET /api/cart - Could not find the table 'public.cart' in the schema cache
2026-02-28 17:02:49 [debug]: → GET /api/cart
2026-02-28 17:02:50 [error]: [ErrorHandler] 500 GET /api/cart - Could not find the table 'public.cart' in the schema cache
2026-02-28 17:03:41 [debug]: → GET /api/cart
2026-02-28 17:03:41 [error]: [ErrorHandler] 500 GET /api/cart - Could not find the table 'public.cart' in the schema cache
2026-02-28 17:03:41 [debug]: → GET /api/cart
2026-02-28 17:03:42 [error]: [ErrorHandler] 500 GET /api/cart - Could not find the table 'public.cart' in the schema cache
2026-02-28 17:03:42 [debug]: → GET /api/cart
2026-02-28 17:03:42 [error]: [ErrorHandler] 500 GET /api/cart - Could not find the table 'public.cart' in the schema cache
2026-02-28 17:03:42 [debug]: → GET /api/cart
2026-02-28 17:03:42 [error]: [ErrorHandler] 500 GET /api/cart - Could not find the table 'public.cart' in the schema cache
2026-02-28 17:03:42 [debug]: → GET /api/cart
2026-02-28 17:03:42 [error]: [ErrorHandler] 500 GET /api/cart - Could not find the table 'public.cart' in the schema cache
2026-02-28 17:03:42 [debug]: → GET /api/cart
2026-02-28 17:03:43 [error]: [ErrorHandler] 500 GET /api/cart - Could not find the table 'public.cart' in the schema cache
2026-02-28 17:03:43 [debug]: → GET /api/cart
2026-02-28 17:03:43 [error]: [ErrorHandler] 500 GET /api/cart - Could not find the table 'public.cart' in the schema cache
2026-02-28 17:03:43 [debug]: → GET /api/cart
2026-02-28 17:03:43 [error]: [ErrorHandler] 500 GET /api/cart - Could not find the table 'public.cart' in the schema cache
2026-02-28 17:03:43 [debug]: → GET /api/cart
2026-02-28 17:03:43 [error]: [ErrorHandler] 500 GET /api/cart - Could not find the table 'public.cart' in the schema cache
2026-02-28 17:03:43 [debug]: → GET /api/cart
2026-02-28 17:03:44 [error]: [ErrorHandler] 500 GET /api/cart - Could not find the table 'public.cart' in the schema cache
2026-02-28 17:03:44 [debug]: → GET /api/cart
2026-02-28 17:03:44 [error]: [ErrorHandler] 500 GET /api/cart - Could not find the table 'public.cart' in the schema cache
2026-02-28 17:03:44 [debug]: → GET /api/cart
2026-02-28 17:03:44 [error]: [ErrorHandler] 500 GET /api/cart - Could not find the table 'public.cart' in the schema cache
2026-02-28 17:03:44 [debug]: → GET /api/cart
2026-02-28 17:03:44 [error]: [ErrorHandler] 500 GET /api/cart - Could not find the table 'public.cart' in the schema cache
2026-02-28 17:03:44 [debug]: → GET /api/cart
2026-02-28 17:03:45 [error]: [ErrorHandler] 500 GET /api/cart - Could not find the table 'public.cart' in the schema cache
2026-02-28 17:03:45 [debug]: → GET /api/cart
2026-02-28 17:03:45 [error]: [ErrorHandler] 500 GET /api/cart - Could not find the table 'public.cart' in the schema cache
2026-02-28 17:03:45 [debug]: → GET /api/cart
2026-02-28 17:03:46 [error]: [ErrorHandler] 500 GET /api/cart - Could not find the table 'public.cart' in the schema cache
2026-02-28 17:03:46 [debug]: → GET /api/cart
2026-02-28 17:03:46 [error]: [ErrorHandler] 500 GET /api/cart - Could not find the table 'public.cart' in the schema cache
2026-02-28 17:03:46 [debug]: → GET /api/cart
2026-02-28 17:03:46 [error]: [ErrorHandler] 500 GET /api/cart - Could not find the table 'public.cart' in the schema cache
2026-02-28 17:03:46 [debug]: → GET /api/cart
2026-02-28 17:03:46 [error]: [ErrorHandler] 500 GET /api/cart - Could not find the table 'public.cart' in the schema cache
2026-02-28 17:03:46 [debug]: → GET /api/cart
2026-02-28 17:03:47 [error]: [ErrorHandler] 500 GET /api/cart - Could not find the table 'public.cart' in the schema cache
2026-02-28 17:03:47 [debug]: → GET /api/cart
2026-02-28 17:03:47 [error]: [ErrorHandler] 500 GET /api/cart - Could not find the table 'public.cart' in the schema cache
2026-02-28 17:03:47 [debug]: → GET /api/cart
2026-02-28 17:03:47 [error]: [ErrorHandler] 500 GET /api/cart - Could not find the table 'public.cart' in the schema cache
2026-02-28 17:03:47 [debug]: → GET /api/cart
2026-02-28 17:03:47 [error]: [ErrorHandler] 500 GET /api/cart - Could not find the table 'public.cart' in the schema cache
2026-02-28 17:03:47 [debug]: → GET /api/cart
2026-02-28 17:03:48 [error]: [ErrorHandler] 500 GET /api/cart - Could not find the table 'public.cart' in the schema cache
2026-02-28 17:03:48 [debug]: → GET /api/cart
2026-02-28 17:03:48 [error]: [ErrorHandler] 500 GET /api/cart - Could not find the table 'public.cart' in the schema cache
2026-02-28 17:03:48 [debug]: → GET /api/cart
2026-02-28 17:03:48 [error]: [ErrorHandler] 500 GET /api/cart - Could not find the table 'public.cart' in the schema cache
2026-02-28 17:03:48 [debug]: → GET /api/cart
2026-02-28 17:03:48 [error]: [ErrorHandler] 500 GET /api/cart - Could not find the table 'public.cart' in the schema cache
2026-02-28 17:03:48 [debug]: → GET /api/cart
2026-02-28 17:03:49 [error]: [ErrorHandler] 500 GET /api/cart - Could not find the table 'public.cart' in the schema cache
2026-02-28 17:03:49 [debug]: → GET /api/cart
2026-02-28 17:03:49 [error]: [ErrorHandler] 500 GET /api/cart - Could not find the table 'public.cart' in the schema cache
2026-02-28 17:03:49 [debug]: → GET /api/cart
2026-02-28 17:03:49 [error]: [ErrorHandler] 500 GET /api/cart - Could not find the table 'public.cart' in the schema cache
2026-02-28 17:04:08 [info]: [Server] SIGINT received. Shutting down gracefully...
2026-02-28 17:04:24 [info]: [DB] Supabase connection verified.
2026-02-28 17:04:24 [info]: [SearchService] Platform IDs loaded: {"pcexpress":"23dfd2d7-dc9d-43b4-aab9-ab500241b0aa","villman":"4bb2b418-2f2f-4b8c-9379-1e874aaf0906","pcworx":"baa131a0-a8ad-43c6-9e37-521bdb43974f"}
2026-02-28 17:04:24 [info]: 🚀 Bakàl backend running on port 3000 [development]
2026-02-28 17:04:24 [debug]: → GET /api/cart
2026-02-28 17:04:25 [error]: [ErrorHandler] 500 GET /api/cart - column products_2.platform does not exist
2026-02-28 17:04:25 [debug]: → GET /api/cart
2026-02-28 17:04:25 [error]: [ErrorHandler] 500 GET /api/cart - column products_2.platform does not exist
2026-02-28 17:04:25 [debug]: → GET /api/cart
2026-02-28 17:04:26 [error]: [ErrorHandler] 500 GET /api/cart - column products_2.platform does not exist
2026-02-28 17:04:26 [debug]: → GET /api/cart
2026-02-28 17:04:26 [error]: [ErrorHandler] 500 GET /api/cart - column products_2.platform does not exist
2026-02-28 17:04:26 [debug]: → GET /api/cart
2026-02-28 17:04:26 [error]: [ErrorHandler] 500 GET /api/cart - column products_2.platform does not exist
2026-02-28 17:04:26 [debug]: → GET /api/cart
2026-02-28 17:04:27 [error]: [ErrorHandler] 500 GET /api/cart - column products_2.platform does not exist
2026-02-28 17:04:27 [debug]: → GET /api/cart
2026-02-28 17:04:27 [error]: [ErrorHandler] 500 GET /api/cart - column products_2.platform does not exist
2026-02-28 17:04:27 [debug]: → GET /api/cart
2026-02-28 17:04:27 [error]: [ErrorHandler] 500 GET /api/cart - column products_2.platform does not exist
2026-02-28 17:04:27 [debug]: → GET /api/cart
2026-02-28 17:04:27 [error]: [ErrorHandler] 500 GET /api/cart - column products_2.platform does not exist
2026-02-28 17:04:27 [debug]: → GET /api/cart
2026-02-28 17:04:28 [error]: [ErrorHandler] 500 GET /api/cart - column products_2.platform does not exist
2026-02-28 17:04:28 [debug]: → GET /api/cart
2026-02-28 17:04:28 [error]: [ErrorHandler] 500 GET /api/cart - column products_2.platform does not exist
2026-02-28 17:04:28 [debug]: → GET /api/cart
2026-02-28 17:04:28 [debug]: → GET /api/cart
2026-02-28 17:04:28 [error]: [ErrorHandler] 500 GET /api/cart - column products_2.platform does not exist
2026-02-28 17:04:28 [error]: [ErrorHandler] 500 GET /api/cart - column products_2.platform does not exist
2026-02-28 17:04:29 [debug]: → GET /api/cart
2026-02-28 17:04:29 [error]: [ErrorHandler] 500 GET /api/cart - column products_2.platform does not exist
2026-02-28 17:04:29 [debug]: → GET /api/cart
2026-02-28 17:04:30 [error]: [ErrorHandler] 500 GET /api/cart - column products_2.platform does not exist
2026-02-28 17:04:30 [debug]: → GET /api/cart
2026-02-28 17:04:30 [error]: [ErrorHandler] 500 GET /api/cart - column products_2.platform does not exist
2026-02-28 17:04:30 [debug]: → GET /api/cart
2026-02-28 17:04:30 [error]: [ErrorHandler] 500 GET /api/cart - column products_2.platform does not exist
2026-02-28 17:04:30 [debug]: → GET /api/cart
2026-02-28 17:04:30 [error]: [ErrorHandler] 500 GET /api/cart - column products_2.platform does not exist
2026-02-28 17:04:30 [debug]: → GET /api/cart
2026-02-28 17:04:31 [error]: [ErrorHandler] 500 GET /api/cart - column products_2.platform does not exist
2026-02-28 17:04:31 [debug]: → GET /api/cart
2026-02-28 17:04:31 [error]: [ErrorHandler] 500 GET /api/cart - column products_2.platform does not exist
2026-02-28 17:04:31 [debug]: → GET /api/cart
2026-02-28 17:04:31 [error]: [ErrorHandler] 500 GET /api/cart - column products_2.platform does not exist
2026-02-28 17:04:31 [debug]: → GET /api/cart
2026-02-28 17:04:31 [error]: [ErrorHandler] 500 GET /api/cart - column products_2.platform does not exist
2026-02-28 17:04:31 [debug]: → GET /api/cart
2026-02-28 17:04:32 [error]: [ErrorHandler] 500 GET /api/cart - column products_2.platform does not exist
2026-02-28 17:04:32 [debug]: → GET /api/cart
2026-02-28 17:04:32 [error]: [ErrorHandler] 500 GET /api/cart - column products_2.platform does not exist
2026-02-28 17:04:32 [debug]: → GET /api/cart
2026-02-28 17:04:32 [error]: [ErrorHandler] 500 GET /api/cart - column products_2.platform does not exist
2026-02-28 17:04:32 [debug]: → GET /api/cart
2026-02-28 17:04:32 [error]: [ErrorHandler] 500 GET /api/cart - column products_2.platform does not exist
2026-02-28 17:04:32 [debug]: → GET /api/cart
2026-02-28 17:04:33 [error]: [ErrorHandler] 500 GET /api/cart - column products_2.platform does not exist
2026-02-28 17:04:33 [debug]: → GET /api/cart
2026-02-28 17:04:33 [error]: [ErrorHandler] 500 GET /api/cart - column products_2.platform does not exist
2026-02-28 17:04:33 [debug]: → GET /api/cart
2026-02-28 17:04:33 [error]: [ErrorHandler] 500 GET /api/cart - column products_2.platform does not exist
2026-02-28 17:04:33 [debug]: → GET /api/cart
2026-02-28 17:04:33 [error]: [ErrorHandler] 500 GET /api/cart - column products_2.platform does not exist
2026-02-28 17:04:33 [debug]: → GET /api/cart
2026-02-28 17:04:34 [error]: [ErrorHandler] 500 GET /api/cart - column products_2.platform does not exist
2026-02-28 17:04:34 [debug]: → GET /api/cart
2026-02-28 17:04:34 [error]: [ErrorHandler] 500 GET /api/cart - column products_2.platform does not exist
2026-02-28 17:04:34 [debug]: → GET /api/cart
2026-02-28 17:04:34 [error]: [ErrorHandler] 500 GET /api/cart - column products_2.platform does not exist
2026-02-28 17:04:34 [debug]: → GET /api/cart
2026-02-28 17:04:34 [error]: [ErrorHandler] 500 GET /api/cart - column products_2.platform does not exist
2026-02-28 17:04:34 [debug]: → GET /api/cart
2026-02-28 17:04:35 [error]: [ErrorHandler] 500 GET /api/cart - column products_2.platform does not exist
2026-02-28 17:04:35 [debug]: → GET /api/cart
2026-02-28 17:04:35 [error]: [ErrorHandler] 500 GET /api/cart - column products_2.platform does not exist
2026-02-28 17:04:35 [debug]: → GET /api/cart
2026-02-28 17:04:35 [error]: [ErrorHandler] 500 GET /api/cart - column products_2.platform does not exist
2026-02-28 17:04:35 [debug]: → GET /api/cart
2026-02-28 17:04:35 [error]: [ErrorHandler] 500 GET /api/cart - column products_2.platform does not exist
2026-02-28 17:04:35 [debug]: → GET /api/cart
2026-02-28 17:04:36 [error]: [ErrorHandler] 500 GET /api/cart - column products_2.platform does not exist
2026-02-28 17:04:36 [debug]: → GET /api/cart
2026-02-28 17:04:36 [error]: [ErrorHandler] 500 GET /api/cart - column products_2.platform does not exist
2026-02-28 17:04:36 [debug]: → GET /api/cart
2026-02-28 17:04:36 [error]: [ErrorHandler] 500 GET /api/cart - column products_2.platform does not exist
2026-02-28 17:04:36 [debug]: → GET /api/cart
2026-02-28 17:04:37 [error]: [ErrorHandler] 500 GET /api/cart - column products_2.platform does not exist
2026-02-28 17:04:37 [debug]: → GET /api/cart
2026-02-28 17:04:37 [error]: [ErrorHandler] 500 GET /api/cart - column products_2.platform does not exist
2026-02-28 17:05:26 [info]: [DB] Supabase connection verified.
2026-02-28 17:05:26 [info]: [SearchService] Platform IDs loaded: {"pcexpress":"23dfd2d7-dc9d-43b4-aab9-ab500241b0aa","villman":"4bb2b418-2f2f-4b8c-9379-1e874aaf0906","pcworx":"baa131a0-a8ad-43c6-9e37-521bdb43974f"}
2026-02-28 17:05:26 [info]: 🚀 Bakàl backend running on port 3000 [development]
2026-02-28 17:05:26 [debug]: → GET /api/cart
2026-02-28 17:05:26 [debug]: → GET /api/cart
2026-02-28 17:05:27 [debug]: → GET /api/cart
2026-02-28 17:05:27 [debug]: → GET /api/cart
2026-02-28 17:05:27 [debug]: → GET /api/cart
2026-02-28 17:05:28 [debug]: → GET /api/cart
2026-02-28 17:05:28 [debug]: → GET /api/cart
2026-02-28 17:05:28 [debug]: → GET /api/cart
2026-02-28 17:05:28 [debug]: → GET /api/cart
2026-02-28 17:05:29 [debug]: → GET /api/cart
2026-02-28 17:05:29 [debug]: → GET /api/cart
2026-02-28 17:05:29 [debug]: → GET /api/cart
2026-02-28 17:05:30 [debug]: → GET /api/cart
2026-02-28 17:05:30 [debug]: → GET /api/cart
2026-02-28 17:05:30 [debug]: → GET /api/cart
2026-02-28 17:05:30 [debug]: → GET /api/cart
2026-02-28 17:05:31 [debug]: → GET /api/cart
2026-02-28 17:05:31 [debug]: → GET /api/cart
2026-02-28 17:05:31 [debug]: → GET /api/cart
2026-02-28 17:05:32 [debug]: → GET /api/cart
2026-02-28 17:05:32 [debug]: → GET /api/cart
2026-02-28 17:05:32 [debug]: → GET /api/cart
2026-02-28 17:05:33 [debug]: → GET /api/cart
2026-02-28 17:05:33 [debug]: → GET /api/cart
2026-02-28 17:05:33 [debug]: → GET /api/cart
2026-02-28 17:05:33 [debug]: → GET /api/cart
2026-02-28 17:05:40 [info]: [DB] Supabase connection verified.
2026-02-28 17:05:40 [info]: [SearchService] Platform IDs loaded: {"pcexpress":"23dfd2d7-dc9d-43b4-aab9-ab500241b0aa","villman":"4bb2b418-2f2f-4b8c-9379-1e874aaf0906","pcworx":"baa131a0-a8ad-43c6-9e37-521bdb43974f"}
2026-02-28 17:05:40 [info]: 🚀 Bakàl backend running on port 3000 [development]
2026-02-28 17:05:40 [debug]: → GET /api/cart
2026-02-28 17:05:40 [debug]: → GET /api/cart
2026-02-28 17:05:41 [debug]: → GET /api/cart
2026-02-28 17:05:41 [debug]: → GET /api/cart
2026-02-28 17:05:41 [debug]: → GET /api/cart
2026-02-28 17:05:43 [debug]: → GET /api/cart
2026-02-28 17:05:45 [debug]: → GET /api/cart
2026-02-28 17:05:45 [debug]: → GET /api/cart
2026-02-28 17:05:45 [debug]: → GET /api/cart
2026-02-28 17:05:46 [debug]: → GET /api/cart
2026-02-28 17:05:52 [debug]: → GET /api/cart
2026-02-28 17:05:53 [debug]: → GET /api/cart
2026-02-28 17:05:59 [debug]: → GET /api/cart
2026-02-28 17:05:59 [debug]: → GET /api/search
2026-02-28 17:05:59 [debug]: → GET /api/cart
2026-02-28 17:05:59 [info]: [SearchService] Search #a8ddad5d-8d8c-4c53-a7d7-a2dc1081a55e - "keyboard"
2026-02-28 17:06:01 [debug]: [PcExpressScraper] Calling API: https://pcx.com.ph/search/suggest.json?q=keyboard&resources[type]=product&resources[limit]=10
2026-02-28 17:06:01 [debug]: [VillmanScraper] Calling API: https://shop.villman.com/search/suggest.json?q=keyboard&resources[type]=product&resources[limit]=10
2026-02-28 17:06:01 [debug]: [PcWorxScraper] Calling API: https://pcworx.ph/search/suggest.json?q=keyboard&resources[type]=product&resources[limit]=10
2026-02-28 17:06:04 [info]: [PcExpressScraper] API found 5 product URLs
2026-02-28 17:06:04 [info]: [PcWorxScraper] API found 5 product URLs
2026-02-28 17:06:04 [info]: [VillmanScraper] API found 5 product URLs
2026-02-28 17:06:05 [debug]: [PcWorxScraper] Scraping JSON: https://pcworx.ph/products/razer-rz03-04460100-r3m1-ornata-v3-low-profile-gaming-keyboard.json
2026-02-28 17:06:05 [debug]: [PcWorxScraper] Scraping JSON: https://pcworx.ph/products/redragon-k617-fizz-60-wired-rgb-gaming-keyboard-61-keys-compact-mechanical.json
2026-02-28 17:06:06 [debug]: [PcExpressScraper] Scraping JSON: https://pcx.com.ph/products/asus-tuf-gaming-k1-rgb-gaming-keyboard.json
2026-02-28 17:06:06 [debug]: [PcExpressScraper] Scraping JSON: https://pcx.com.ph/products/logitech-k120-b100-keyboard-and-mouse-combo.json
2026-02-28 17:06:06 [debug]: [VillmanScraper] Scraping JSON: https://shop.villman.com/products/aula-f2088-pro-wired-mechanical-gaming-keyboard-copy.json
2026-02-28 17:06:06 [debug]: [PcWorxScraper] JSON success: Razer RZ03-04460100-R3M1 Ornata V3 Low Profile Gaming Keyboard
2026-02-28 17:06:06 [debug]: [PcWorxScraper] JSON success: Redragon K617 Fizz 60% Wired Rgb Gaming Keyboard 61 Keys Compact Mechanical
2026-02-28 17:06:06 [debug]: [PcExpressScraper] JSON success: ASUS TUF Gaming K1 RGB Gaming Keyboard
2026-02-28 17:06:06 [debug]: [PcExpressScraper] JSON success: LOGITECH K120+B100 Keyboard and Mouse Combo
2026-02-28 17:06:06 [debug]: [VillmanScraper] Scraping JSON: https://shop.villman.com/products/aula-ac101-usb-wired-keyboard-mouse-combo-copy.json
2026-02-28 17:06:06 [debug]: [VillmanScraper] JSON success: Aula F2058 Wired Mechanical Gaming Keyboard
2026-02-28 17:06:07 [debug]: [VillmanScraper] JSON success: Aula AWK310 Bluetooth Keyboard
2026-02-28 17:06:10 [debug]: [VillmanScraper] Scraping JSON: https://shop.villman.com/products/aula-f75-mechanical-keyboard-copy.json
2026-02-28 17:06:10 [debug]: [VillmanScraper] Scraping JSON: https://shop.villman.com/products/alienware-advanced-gaming-keyboard-aw568.json
2026-02-28 17:06:11 [debug]: [PcWorxScraper] Scraping JSON: https://pcworx.ph/products/a4tech-kk-3-multimedia-fn-wired-keyboard-1.json
2026-02-28 17:06:11 [debug]: [PcWorxScraper] Scraping JSON: https://pcworx.ph/products/darkflash-gd108-mechanical-keyboard-brown-sugar-blue-milk-brown.json
2026-02-28 17:06:11 [debug]: [VillmanScraper] JSON success: Aula F87 Mechanical Keyboard
2026-02-28 17:06:11 [debug]: [VillmanScraper] JSON success: Alienware Advanced Gaming Keyboard – AW568
2026-02-28 17:06:11 [debug]: [PcWorxScraper] JSON success: A4Tech KK-3 Multimedia FN Wired Keyboard
2026-02-28 17:06:11 [debug]: [PcWorxScraper] JSON success: DarkFlash GD108 Mechanical Keyboard Brown Sugar / Milk & Brown/ Blue
2026-02-28 17:06:11 [debug]: [PcExpressScraper] Scraping JSON: https://pcx.com.ph/products/rapoo-nx1600-usb-keyboard-and-mouse-combo.json
2026-02-28 17:06:11 [debug]: [PcExpressScraper] Scraping JSON: https://pcx.com.ph/products/logitech-k650-signature-multi-device-wireless-keyboard-off-white.json
2026-02-28 17:06:12 [debug]: [PcExpressScraper] JSON success: RAPOO NX1600 USB Keyboard and Mouse Combo
2026-02-28 17:06:12 [debug]: [PcExpressScraper] JSON success: LOGITECH K650 SIGNATURE Multi-Device Wireless Keyboard (Off White)
2026-02-28 17:06:15 [debug]: [PcWorxScraper] Scraping JSON: https://pcworx.ph/products/a4tech-krs-85-comfortable-a-shape-ps2.json
2026-02-28 17:06:15 [debug]: [VillmanScraper] Scraping JSON: https://shop.villman.com/products/aula-f99-3-in-1-rgb-gaming-mechanical-hot-swappable-keyboard-copy.json
2026-02-28 17:06:15 [debug]: [PcWorxScraper] JSON success: A4Tech KRS-85 Comfortable A-Shape PS2 keyboard
2026-02-28 17:06:16 [debug]: [VillmanScraper] JSON success: Aula F75 Mechanical Keyboard
2026-02-28 17:06:16 [debug]: [PcExpressScraper] Scraping JSON: https://pcx.com.ph/products/logitech-g713-wired-tactile-gaming-keyboard.json
2026-02-28 17:06:16 [debug]: [PcExpressScraper] JSON success: LOGITECH G713 Wired (Tactile) Gaming Keyboard
2026-02-28 17:06:19 [debug]: → GET /api/search
2026-02-28 17:06:19 [info]: [SearchService] Raw products scraped: 15
2026-02-28 17:06:19 [info]: [SearchService] Relevance filter: 15/15 products kept
2026-02-28 17:06:19 [info]: [SearchService] Search #73a52841-8f80-486d-8cb7-7f7bdeefa6e1 - "keyboard"
2026-02-28 17:06:20 [debug]: [VillmanScraper] Calling API: https://shop.villman.com/search/suggest.json?q=keyboard&resources[type]=product&resources[limit]=10
2026-02-28 17:06:20 [debug]: [PcWorxScraper] Calling API: https://pcworx.ph/search/suggest.json?q=keyboard&resources[type]=product&resources[limit]=10
2026-02-28 17:06:20 [debug]: [PcExpressScraper] Calling API: https://pcx.com.ph/search/suggest.json?q=keyboard&resources[type]=product&resources[limit]=10
2026-02-28 17:06:20 [info]: [PcExpressScraper] API found 5 product URLs
2026-02-28 17:06:20 [info]: [PcWorxScraper] API found 5 product URLs
2026-02-28 17:06:20 [info]: [VillmanScraper] API found 5 product URLs
2026-02-28 17:06:22 [info]: [SearchService] Saved 15 products for search #a8ddad5d-8d8c-4c53-a7d7-a2dc1081a55e
2026-02-28 17:06:22 [debug]: [VillmanScraper] Scraping JSON: https://shop.villman.com/products/aula-f2088-pro-wired-mechanical-gaming-keyboard-copy.json
2026-02-28 17:06:22 [debug]: [PcExpressScraper] Scraping JSON: https://pcx.com.ph/products/asus-tuf-gaming-k1-rgb-gaming-keyboard.json
2026-02-28 17:06:22 [debug]: [VillmanScraper] Scraping JSON: https://shop.villman.com/products/aula-ac101-usb-wired-keyboard-mouse-combo-copy.json
2026-02-28 17:06:22 [debug]: [PcWorxScraper] Scraping JSON: https://pcworx.ph/products/redragon-k617-fizz-60-wired-rgb-gaming-keyboard-61-keys-compact-mechanical.json
2026-02-28 17:06:22 [debug]: [PcExpressScraper] Scraping JSON: https://pcx.com.ph/products/logitech-k120-b100-keyboard-and-mouse-combo.json
2026-02-28 17:06:22 [debug]: [PcWorxScraper] Scraping JSON: https://pcworx.ph/products/razer-rz03-04460100-r3m1-ornata-v3-low-profile-gaming-keyboard.json
2026-02-28 17:06:23 [debug]: [VillmanScraper] JSON success: Aula F2058 Wired Mechanical Gaming Keyboard
2026-02-28 17:06:23 [debug]: [PcExpressScraper] JSON success: ASUS TUF Gaming K1 RGB Gaming Keyboard
2026-02-28 17:06:23 [debug]: [PcExpressScraper] JSON success: LOGITECH K120+B100 Keyboard and Mouse Combo
2026-02-28 17:06:23 [debug]: [PcWorxScraper] JSON success: Redragon K617 Fizz 60% Wired Rgb Gaming Keyboard 61 Keys Compact Mechanical
2026-02-28 17:06:23 [debug]: [VillmanScraper] JSON success: Aula AWK310 Bluetooth Keyboard
2026-02-28 17:06:23 [debug]: [PcWorxScraper] JSON success: Razer RZ03-04460100-R3M1 Ornata V3 Low Profile Gaming Keyboard
2026-02-28 17:06:25 [debug]: [PcExpressScraper] Scraping JSON: https://pcx.com.ph/products/rapoo-nx1600-usb-keyboard-and-mouse-combo.json
2026-02-28 17:06:26 [debug]: [PcExpressScraper] Scraping JSON: https://pcx.com.ph/products/logitech-k650-signature-multi-device-wireless-keyboard-off-white.json
2026-02-28 17:06:26 [debug]: [PcExpressScraper] JSON success: RAPOO NX1600 USB Keyboard and Mouse Combo
2026-02-28 17:06:26 [debug]: [PcWorxScraper] Scraping JSON: https://pcworx.ph/products/a4tech-kk-3-multimedia-fn-wired-keyboard-1.json
2026-02-28 17:06:26 [debug]: [PcWorxScraper] Scraping JSON: https://pcworx.ph/products/darkflash-gd108-mechanical-keyboard-brown-sugar-blue-milk-brown.json
2026-02-28 17:06:26 [debug]: [PcExpressScraper] JSON success: LOGITECH K650 SIGNATURE Multi-Device Wireless Keyboard (Off White)
2026-02-28 17:06:26 [debug]: [PcWorxScraper] JSON success: A4Tech KK-3 Multimedia FN Wired Keyboard
2026-02-28 17:06:26 [debug]: [PcWorxScraper] JSON success: DarkFlash GD108 Mechanical Keyboard Brown Sugar / Milk & Brown/ Blue
2026-02-28 17:06:27 [debug]: [VillmanScraper] Scraping JSON: https://shop.villman.com/products/alienware-advanced-gaming-keyboard-aw568.json
2026-02-28 17:06:27 [debug]: [VillmanScraper] Scraping JSON: https://shop.villman.com/products/aula-f75-mechanical-keyboard-copy.json
2026-02-28 17:06:28 [debug]: [VillmanScraper] JSON success: Aula F87 Mechanical Keyboard
2026-02-28 17:06:28 [debug]: [VillmanScraper] JSON success: Alienware Advanced Gaming Keyboard – AW568
2026-02-28 17:06:29 [debug]: [PcExpressScraper] Scraping JSON: https://pcx.com.ph/products/logitech-g713-wired-tactile-gaming-keyboard.json
2026-02-28 17:06:30 [debug]: [PcExpressScraper] JSON success: LOGITECH G713 Wired (Tactile) Gaming Keyboard
2026-02-28 17:06:30 [debug]: [VillmanScraper] Scraping JSON: https://shop.villman.com/products/aula-f99-3-in-1-rgb-gaming-mechanical-hot-swappable-keyboard-copy.json
2026-02-28 17:06:30 [debug]: → GET /api/cart
2026-02-28 17:06:30 [debug]: → GET /api/products/pcexpress/583c8724-56f9-4ec8-8d77-11a5e45b5c16
2026-02-28 17:06:30 [debug]: [VillmanScraper] JSON success: Aula F75 Mechanical Keyboard
2026-02-28 17:06:31 [debug]: [PcWorxScraper] Scraping JSON: https://pcworx.ph/products/a4tech-krs-85-comfortable-a-shape-ps2.json
2026-02-28 17:06:31 [debug]: → GET /api/cart
2026-02-28 17:06:31 [debug]: → GET /api/products/pcexpress/583c8724-56f9-4ec8-8d77-11a5e45b5c16
2026-02-28 17:06:31 [debug]: → GET /api/cart
2026-02-28 17:06:31 [debug]: [PcWorxScraper] JSON success: A4Tech KRS-85 Comfortable A-Shape PS2 keyboard
2026-02-28 17:06:31 [debug]: → GET /api/cart
2026-02-28 17:06:34 [info]: [SearchService] Raw products scraped: 15
2026-02-28 17:06:34 [info]: [SearchService] Relevance filter: 15/15 products kept
2026-02-28 17:06:36 [info]: [SearchService] Saved 15 products for search #73a52841-8f80-486d-8cb7-7f7bdeefa6e1
2026-02-28 17:06:38 [debug]: → POST /api/cart
2026-02-28 17:06:39 [debug]: → GET /api/cart
2026-02-28 17:06:39 [debug]: → GET /api/cart
2026-02-28 17:06:42 [debug]: → GET /api/cart
2026-02-28 17:06:42 [debug]: → GET /api/cart
2026-02-28 17:06:43 [debug]: → GET /api/cart
2026-02-28 17:06:43 [debug]: → GET /api/cart
2026-02-28 17:06:44 [debug]: → GET /api/cart
2026-02-28 17:06:44 [debug]: → GET /api/cart
2026-02-28 17:06:44 [debug]: → GET /api/cart
2026-02-28 17:06:45 [debug]: → GET /api/cart
2026-02-28 17:07:00 [debug]: → PUT /api/cart/969c3a67-bcf4-4312-aecb-3a136f9c48a2
2026-02-28 17:07:01 [debug]: → GET /api/cart
2026-02-28 17:07:01 [debug]: → GET /api/cart
2026-02-28 17:07:05 [debug]: → GET /api/cart
2026-02-28 17:07:05 [debug]: → GET /api/cart
2026-02-28 17:07:10 [debug]: → GET /api/cart
2026-02-28 17:07:10 [debug]: → GET /api/products/pcexpress/583c8724-56f9-4ec8-8d77-11a5e45b5c16
2026-02-28 17:07:10 [debug]: → GET /api/search
2026-02-28 17:07:10 [debug]: → GET /api/cart
2026-02-28 17:07:10 [debug]: → GET /api/products/pcexpress/583c8724-56f9-4ec8-8d77-11a5e45b5c16
2026-02-28 17:07:10 [info]: [SearchService] Search #bb4f852a-5794-42d5-9abf-8df98d6eb17c - "keyboard"
2026-02-28 17:07:11 [debug]: → GET /api/cart
2026-02-28 17:07:11 [debug]: [PcExpressScraper] Calling API: https://pcx.com.ph/search/suggest.json?q=keyboard&resources[type]=product&resources[limit]=10
2026-02-28 17:07:11 [debug]: → GET /api/cart
2026-02-28 17:07:11 [debug]: [PcWorxScraper] Calling API: https://pcworx.ph/search/suggest.json?q=keyboard&resources[type]=product&resources[limit]=10
2026-02-28 17:07:11 [debug]: [VillmanScraper] Calling API: https://shop.villman.com/search/suggest.json?q=keyboard&resources[type]=product&resources[limit]=10
2026-02-28 17:07:11 [debug]: → GET /api/cart
2026-02-28 17:07:11 [info]: [PcExpressScraper] API found 5 product URLs
2026-02-28 17:07:11 [debug]: → GET /api/cart
2026-02-28 17:07:11 [info]: [PcWorxScraper] API found 5 product URLs
2026-02-28 17:07:12 [info]: [VillmanScraper] API found 5 product URLs
2026-02-28 17:07:12 [debug]: [PcExpressScraper] Scraping JSON: https://pcx.com.ph/products/asus-tuf-gaming-k1-rgb-gaming-keyboard.json
2026-02-28 17:07:12 [debug]: [PcExpressScraper] Scraping JSON: https://pcx.com.ph/products/logitech-k120-b100-keyboard-and-mouse-combo.json
2026-02-28 17:07:12 [debug]: [PcExpressScraper] JSON success: ASUS TUF Gaming K1 RGB Gaming Keyboard
2026-02-28 17:07:12 [debug]: [PcExpressScraper] JSON success: LOGITECH K120+B100 Keyboard and Mouse Combo
2026-02-28 17:07:13 [debug]: [PcWorxScraper] Scraping JSON: https://pcworx.ph/products/redragon-k617-fizz-60-wired-rgb-gaming-keyboard-61-keys-compact-mechanical.json
2026-02-28 17:07:13 [debug]: [PcWorxScraper] Scraping JSON: https://pcworx.ph/products/razer-rz03-04460100-r3m1-ornata-v3-low-profile-gaming-keyboard.json
2026-02-28 17:07:13 [debug]: [VillmanScraper] Scraping JSON: https://shop.villman.com/products/aula-f2088-pro-wired-mechanical-gaming-keyboard-copy.json
2026-02-28 17:07:13 [debug]: [VillmanScraper] Scraping JSON: https://shop.villman.com/products/aula-ac101-usb-wired-keyboard-mouse-combo-copy.json
2026-02-28 17:07:13 [debug]: [PcWorxScraper] JSON success: Redragon K617 Fizz 60% Wired Rgb Gaming Keyboard 61 Keys Compact Mechanical
2026-02-28 17:07:14 [debug]: → GET /api/cart
2026-02-28 17:07:14 [debug]: [PcWorxScraper] JSON success: Razer RZ03-04460100-R3M1 Ornata V3 Low Profile Gaming Keyboard
2026-02-28 17:07:14 [debug]: [VillmanScraper] JSON success: Aula F2058 Wired Mechanical Gaming Keyboard
2026-02-28 17:07:14 [debug]: [VillmanScraper] JSON success: Aula AWK310 Bluetooth Keyboard
2026-02-28 17:07:14 [debug]: → GET /api/cart
2026-02-28 17:07:14 [debug]: → GET /api/cart
2026-02-28 17:07:14 [debug]: → GET /api/cart
2026-02-28 17:07:16 [debug]: [VillmanScraper] Scraping JSON: https://shop.villman.com/products/alienware-advanced-gaming-keyboard-aw568.json
2026-02-28 17:07:16 [debug]: → GET /api/cart
2026-02-28 17:07:16 [debug]: [VillmanScraper] Scraping JSON: https://shop.villman.com/products/aula-f75-mechanical-keyboard-copy.json
2026-02-28 17:07:16 [debug]: → GET /api/cart
2026-02-28 17:07:16 [debug]: [VillmanScraper] JSON success: Aula F87 Mechanical Keyboard
2026-02-28 17:07:16 [debug]: [VillmanScraper] JSON success: Alienware Advanced Gaming Keyboard – AW568
2026-02-28 17:07:18 [debug]: [PcExpressScraper] Scraping JSON: https://pcx.com.ph/products/logitech-k650-signature-multi-device-wireless-keyboard-off-white.json
2026-02-28 17:07:18 [debug]: [PcExpressScraper] Scraping JSON: https://pcx.com.ph/products/rapoo-nx1600-usb-keyboard-and-mouse-combo.json
2026-02-28 17:07:18 [debug]: [PcWorxScraper] Scraping JSON: https://pcworx.ph/products/a4tech-kk-3-multimedia-fn-wired-keyboard-1.json
2026-02-28 17:07:18 [debug]: [PcWorxScraper] Scraping JSON: https://pcworx.ph/products/darkflash-gd108-mechanical-keyboard-brown-sugar-blue-milk-brown.json
2026-02-28 17:07:18 [debug]: [PcExpressScraper] JSON success: RAPOO NX1600 USB Keyboard and Mouse Combo
2026-02-28 17:07:18 [debug]: [PcExpressScraper] JSON success: LOGITECH K650 SIGNATURE Multi-Device Wireless Keyboard (Off White)
2026-02-28 17:07:18 [debug]: [PcWorxScraper] JSON success: DarkFlash GD108 Mechanical Keyboard Brown Sugar / Milk & Brown/ Blue
2026-02-28 17:07:18 [debug]: [PcWorxScraper] JSON success: A4Tech KK-3 Multimedia FN Wired Keyboard
2026-02-28 17:07:20 [debug]: [VillmanScraper] Scraping JSON: https://shop.villman.com/products/aula-f99-3-in-1-rgb-gaming-mechanical-hot-swappable-keyboard-copy.json
2026-02-28 17:07:21 [debug]: [VillmanScraper] JSON success: Aula F75 Mechanical Keyboard
2026-02-28 17:07:22 [debug]: [PcExpressScraper] Scraping JSON: https://pcx.com.ph/products/logitech-g713-wired-tactile-gaming-keyboard.json
2026-02-28 17:07:22 [debug]: [PcExpressScraper] JSON success: LOGITECH G713 Wired (Tactile) Gaming Keyboard
2026-02-28 17:07:22 [debug]: [PcWorxScraper] Scraping JSON: https://pcworx.ph/products/a4tech-krs-85-comfortable-a-shape-ps2.json
2026-02-28 17:07:23 [debug]: [PcWorxScraper] JSON success: A4Tech KRS-85 Comfortable A-Shape PS2 keyboard
2026-02-28 17:07:26 [info]: [SearchService] Raw products scraped: 15
2026-02-28 17:07:26 [info]: [SearchService] Relevance filter: 15/15 products kept
2026-02-28 17:07:29 [info]: [SearchService] Saved 15 products for search #bb4f852a-5794-42d5-9abf-8df98d6eb17c
2026-02-28 17:07:29 [debug]: → GET /api/search
2026-02-28 17:07:29 [info]: [SearchService] Search #789e6533-36e3-47ef-b39b-d91de99e2d59 - "keyboard"
2026-02-28 17:07:30 [debug]: [PcExpressScraper] Calling API: https://pcx.com.ph/search/suggest.json?q=keyboard&resources[type]=product&resources[limit]=10
2026-02-28 17:07:30 [debug]: [VillmanScraper] Calling API: https://shop.villman.com/search/suggest.json?q=keyboard&resources[type]=product&resources[limit]=10
2026-02-28 17:07:30 [debug]: [PcWorxScraper] Calling API: https://pcworx.ph/search/suggest.json?q=keyboard&resources[type]=product&resources[limit]=10
2026-02-28 17:07:30 [info]: [PcExpressScraper] API found 5 product URLs
2026-02-28 17:07:30 [info]: [VillmanScraper] API found 5 product URLs
2026-02-28 17:07:31 [info]: [PcWorxScraper] API found 5 product URLs
2026-02-28 17:07:31 [debug]: [PcExpressScraper] Scraping JSON: https://pcx.com.ph/products/asus-tuf-gaming-k1-rgb-gaming-keyboard.json
2026-02-28 17:07:31 [debug]: [VillmanScraper] Scraping JSON: https://shop.villman.com/products/aula-ac101-usb-wired-keyboard-mouse-combo-copy.json
2026-02-28 17:07:31 [debug]: [PcExpressScraper] Scraping JSON: https://pcx.com.ph/products/logitech-k120-b100-keyboard-and-mouse-combo.json
2026-02-28 17:07:32 [debug]: [VillmanScraper] Scraping JSON: https://shop.villman.com/products/aula-f2088-pro-wired-mechanical-gaming-keyboard-copy.json
2026-02-28 17:07:32 [debug]: [PcExpressScraper] JSON success: ASUS TUF Gaming K1 RGB Gaming Keyboard
2026-02-28 17:07:32 [debug]: [VillmanScraper] JSON success: Aula AWK310 Bluetooth Keyboard
2026-02-28 17:07:32 [debug]: [PcExpressScraper] JSON success: LOGITECH K120+B100 Keyboard and Mouse Combo
2026-02-28 17:07:32 [debug]: [VillmanScraper] JSON success: Aula F2058 Wired Mechanical Gaming Keyboard
2026-02-28 17:07:32 [debug]: [PcWorxScraper] Scraping JSON: https://pcworx.ph/products/redragon-k617-fizz-60-wired-rgb-gaming-keyboard-61-keys-compact-mechanical.json
2026-02-28 17:07:32 [debug]: [PcWorxScraper] Scraping JSON: https://pcworx.ph/products/razer-rz03-04460100-r3m1-ornata-v3-low-profile-gaming-keyboard.json
2026-02-28 17:07:33 [debug]: [PcWorxScraper] JSON success: Redragon K617 Fizz 60% Wired Rgb Gaming Keyboard 61 Keys Compact Mechanical
2026-02-28 17:07:33 [debug]: [PcWorxScraper] JSON success: Razer RZ03-04460100-R3M1 Ornata V3 Low Profile Gaming Keyboard
2026-02-28 17:07:36 [debug]: [VillmanScraper] Scraping JSON: https://shop.villman.com/products/alienware-advanced-gaming-keyboard-aw568.json
2026-02-28 17:07:36 [debug]: → GET /api/search
2026-02-28 17:07:36 [debug]: [VillmanScraper] Scraping JSON: https://shop.villman.com/products/aula-f75-mechanical-keyboard-copy.json
2026-02-28 17:07:37 [debug]: [VillmanScraper] JSON success: Aula F87 Mechanical Keyboard
2026-02-28 17:07:37 [info]: [SearchService] Search #bae86566-80bd-4c2d-add1-cf465b716dee - "keyboard"
2026-02-28 17:07:37 [debug]: [PcWorxScraper] Scraping JSON: https://pcworx.ph/products/a4tech-kk-3-multimedia-fn-wired-keyboard-1.json
2026-02-28 17:07:37 [debug]: [PcWorxScraper] Scraping JSON: https://pcworx.ph/products/darkflash-gd108-mechanical-keyboard-brown-sugar-blue-milk-brown.json
2026-02-28 17:07:38 [debug]: [PcExpressScraper] Scraping JSON: https://pcx.com.ph/products/rapoo-nx1600-usb-keyboard-and-mouse-combo.json
2026-02-28 17:07:38 [debug]: [PcExpressScraper] Scraping JSON: https://pcx.com.ph/products/logitech-k650-signature-multi-device-wireless-keyboard-off-white.json
2026-02-28 17:07:38 [debug]: [PcWorxScraper] JSON success: A4Tech KK-3 Multimedia FN Wired Keyboard
2026-02-28 17:07:38 [debug]: [PcWorxScraper] JSON success: DarkFlash GD108 Mechanical Keyboard Brown Sugar / Milk & Brown/ Blue
2026-02-28 17:07:39 [debug]: [PcExpressScraper] JSON success: RAPOO NX1600 USB Keyboard and Mouse Combo
2026-02-28 17:07:39 [debug]: [PcExpressScraper] Calling API: https://pcx.com.ph/search/suggest.json?q=keyboard&resources[type]=product&resources[limit]=10
2026-02-28 17:07:39 [debug]: [PcExpressScraper] JSON success: LOGITECH K650 SIGNATURE Multi-Device Wireless Keyboard (Off White)
2026-02-28 17:07:39 [debug]: [VillmanScraper] Calling API: https://shop.villman.com/search/suggest.json?q=keyboard&resources[type]=product&resources[limit]=10
2026-02-28 17:07:39 [debug]: [PcWorxScraper] Calling API: https://pcworx.ph/search/suggest.json?q=keyboard&resources[type]=product&resources[limit]=10
2026-02-28 17:07:39 [debug]: [VillmanScraper] JSON success: Alienware Advanced Gaming Keyboard – AW568
2026-02-28 17:07:39 [info]: [PcExpressScraper] API found 5 product URLs
2026-02-28 17:07:40 [info]: [VillmanScraper] API found 5 product URLs
2026-02-28 17:07:40 [info]: [PcWorxScraper] API found 5 product URLs
2026-02-28 17:07:42 [debug]: [PcWorxScraper] Scraping JSON: https://pcworx.ph/products/razer-rz03-04460100-r3m1-ornata-v3-low-profile-gaming-keyboard.json
2026-02-28 17:07:42 [debug]: [PcWorxScraper] Scraping JSON: https://pcworx.ph/products/redragon-k617-fizz-60-wired-rgb-gaming-keyboard-61-keys-compact-mechanical.json
2026-02-28 17:07:42 [debug]: [PcExpressScraper] Scraping JSON: https://pcx.com.ph/products/logitech-k120-b100-keyboard-and-mouse-combo.json
2026-02-28 17:07:42 [debug]: [VillmanScraper] Scraping JSON: https://shop.villman.com/products/aula-ac101-usb-wired-keyboard-mouse-combo-copy.json
2026-02-28 17:07:42 [debug]: [VillmanScraper] Scraping JSON: https://shop.villman.com/products/aula-f2088-pro-wired-mechanical-gaming-keyboard-copy.json
2026-02-28 17:07:42 [debug]: [PcExpressScraper] Scraping JSON: https://pcx.com.ph/products/asus-tuf-gaming-k1-rgb-gaming-keyboard.json
2026-02-28 17:07:42 [debug]: [PcWorxScraper] JSON success: Razer RZ03-04460100-R3M1 Ornata V3 Low Profile Gaming Keyboard
2026-02-28 17:07:43 [debug]: [PcWorxScraper] JSON success: Redragon K617 Fizz 60% Wired Rgb Gaming Keyboard 61 Keys Compact Mechanical
2026-02-28 17:07:43 [debug]: [PcExpressScraper] JSON success: LOGITECH K120+B100 Keyboard and Mouse Combo
2026-02-28 17:07:43 [debug]: [VillmanScraper] JSON success: Aula AWK310 Bluetooth Keyboard
2026-02-28 17:07:43 [debug]: [VillmanScraper] JSON success: Aula F2058 Wired Mechanical Gaming Keyboard
2026-02-28 17:07:43 [debug]: [PcExpressScraper] JSON success: ASUS TUF Gaming K1 RGB Gaming Keyboard
2026-02-28 17:07:43 [debug]: [PcExpressScraper] Scraping JSON: https://pcx.com.ph/products/logitech-g713-wired-tactile-gaming-keyboard.json
2026-02-28 17:07:44 [debug]: [PcExpressScraper] JSON success: LOGITECH G713 Wired (Tactile) Gaming Keyboard
2026-02-28 17:07:44 [debug]: [PcWorxScraper] Scraping JSON: https://pcworx.ph/products/a4tech-krs-85-comfortable-a-shape-ps2.json
2026-02-28 17:07:44 [debug]: [PcWorxScraper] JSON success: A4Tech KRS-85 Comfortable A-Shape PS2 keyboard
2026-02-28 17:07:44 [debug]: [VillmanScraper] Scraping JSON: https://shop.villman.com/products/aula-f99-3-in-1-rgb-gaming-mechanical-hot-swappable-keyboard-copy.json
2026-02-28 17:07:45 [debug]: [VillmanScraper] JSON success: Aula F75 Mechanical Keyboard
2026-02-28 17:07:47 [debug]: [PcWorxScraper] Scraping JSON: https://pcworx.ph/products/a4tech-kk-3-multimedia-fn-wired-keyboard-1.json
2026-02-28 17:07:47 [debug]: [PcWorxScraper] Scraping JSON: https://pcworx.ph/products/darkflash-gd108-mechanical-keyboard-brown-sugar-blue-milk-brown.json
2026-02-28 17:07:47 [debug]: [PcWorxScraper] JSON success: A4Tech KK-3 Multimedia FN Wired Keyboard
2026-02-28 17:07:48 [debug]: [PcWorxScraper] JSON success: DarkFlash GD108 Mechanical Keyboard Brown Sugar / Milk & Brown/ Blue
2026-02-28 17:07:48 [debug]: [PcExpressScraper] Scraping JSON: https://pcx.com.ph/products/rapoo-nx1600-usb-keyboard-and-mouse-combo.json
2026-02-28 17:07:48 [debug]: [PcExpressScraper] Scraping JSON: https://pcx.com.ph/products/logitech-k650-signature-multi-device-wireless-keyboard-off-white.json
2026-02-28 17:07:49 [debug]: [PcExpressScraper] JSON success: RAPOO NX1600 USB Keyboard and Mouse Combo
2026-02-28 17:07:49 [debug]: [PcExpressScraper] JSON success: LOGITECH K650 SIGNATURE Multi-Device Wireless Keyboard (Off White)
2026-02-28 17:07:49 [info]: [SearchService] Raw products scraped: 15
2026-02-28 17:07:49 [info]: [SearchService] Relevance filter: 15/15 products kept
2026-02-28 17:07:49 [debug]: [VillmanScraper] Scraping JSON: https://shop.villman.com/products/alienware-advanced-gaming-keyboard-aw568.json
2026-02-28 17:07:49 [debug]: [VillmanScraper] Scraping JSON: https://shop.villman.com/products/aula-f75-mechanical-keyboard-copy.json
2026-02-28 17:07:49 [debug]: [VillmanScraper] JSON success: Aula F87 Mechanical Keyboard
2026-02-28 17:07:50 [debug]: [VillmanScraper] JSON success: Alienware Advanced Gaming Keyboard – AW568
2026-02-28 17:07:51 [info]: [SearchService] Saved 15 products for search #789e6533-36e3-47ef-b39b-d91de99e2d59
2026-02-28 17:07:53 [debug]: [VillmanScraper] Scraping JSON: https://shop.villman.com/products/aula-f99-3-in-1-rgb-gaming-mechanical-hot-swappable-keyboard-copy.json
2026-02-28 17:07:53 [debug]: [PcWorxScraper] Scraping JSON: https://pcworx.ph/products/a4tech-krs-85-comfortable-a-shape-ps2.json
2026-02-28 17:07:53 [debug]: [VillmanScraper] JSON success: Aula F75 Mechanical Keyboard
2026-02-28 17:07:54 [debug]: [PcWorxScraper] JSON success: A4Tech KRS-85 Comfortable A-Shape PS2 keyboard
2026-02-28 17:07:54 [debug]: [PcExpressScraper] Scraping JSON: https://pcx.com.ph/products/logitech-g713-wired-tactile-gaming-keyboard.json
2026-02-28 17:07:54 [debug]: [PcExpressScraper] JSON success: LOGITECH G713 Wired (Tactile) Gaming Keyboard
2026-02-28 17:07:58 [info]: [SearchService] Raw products scraped: 15
2026-02-28 17:07:58 [info]: [SearchService] Relevance filter: 15/15 products kept
2026-02-28 17:08:00 [info]: [SearchService] Saved 15 products for search #bae86566-80bd-4c2d-add1-cf465b716dee
